ticker,name,price,scan_volume,scan_dollar_volume,passes_price_scan_liquidity_proxy,true_ADV20_ADDV20_status,in_swing_watchlist,theme_1,theme_2,theme_3
MU,MICRON TECHNOLOGY IN,746.81,65130914,48640417884.34,True,NOT_IN_UPLOAD__RUN_HISTORICAL_FILTER_BEFORE_FINAL_USE,True,semis_compute,memory_storage,memory
NVDA,NVIDIA CORP,215.2,136421361,29357876887.2,True,NOT_IN_UPLOAD__RUN_HISTORICAL_FILTER_BEFORE_FINAL_USE,True,mega_cap_platforms,semis_compute,ai_infrastructure
INTC,INTEL CORP,124.92,227681300,28441947996.0,True,NOT_IN_UPLOAD__RUN_HISTORICAL_FILTER_BEFORE_FINAL_USE,True,semis_compute,semis,
TSLA,TESLA INC,428.35,65049970,27864154649.5,True,NOT_IN_UPLOAD__RUN_HISTORICAL_FILTER_BEFORE_FINAL_USE,True,mega_cap_platforms,autos,robotics
AMD,ADVANCED MICRO DEVIC,455.19,58134868,26462410564.92,True,NOT_IN_UPLOAD__RUN_HISTORICAL_FILTER_BEFORE_FINAL_USE,True,semis_compute,semis,ai_infrastructure
MSFT,MICROSOFT CORP,415.12,33383790,13858278904.8,True,NOT_IN_UPLOAD__RUN_HISTORICAL_FILTER_BEFORE_FINAL_USE,True,mega_cap_platforms,enterprise_software,ai_apps_agents
AVGO,BROADCOM INC,430.0,22561421,9701411030.0,True,NOT_IN_UPLOAD__RUN_HISTORICAL_FILTER_BEFORE_FINAL_USE,True,mega_cap_platforms,semis_compute,semis
AMZN,AMAZON.COM INC,272.68,34732681,9470907455.08,True,NOT_IN_UPLOAD__RUN_HISTORICAL_FILTER_BEFORE_FINAL_USE,True,mega_cap_platforms,cloud_neocloud,consumer_internet_marketplaces
RKLB,ROCKET LAB CORP Class A,105.47,79927310,8429933385.7,True,NOT_IN_UPLOAD__RUN_HISTORICAL_FILTER_BEFORE_FINAL_USE,True,space_satellites,aerospace,defense
QCOM,QUALCOMM INC,219.09,37849999,8292556280.91,True,NOT_IN_UPLOAD__RUN_HISTORICAL_FILTER_BEFORE_FINAL_USE,True,semis_compute,semis,networking
META,META PLATFORMS INC Class A,609.63,13556963,8264731353.69,True,NOT_IN_UPLOAD__RUN_HISTORICAL_FILTER_BEFORE_FINAL_USE,True,mega_cap_platforms,ai_apps_agents,cloud_neocloud
TSM,TAIWAN SEMICONDUCTOR ADR,411.68,18531181,7628916594.08,True,NOT_IN_UPLOAD__RUN_HISTORICAL_FILTER_BEFORE_FINAL_USE,True,semis_compute,semis,ai_infrastructure
IREN,IREN LTD,61.2,110542100,6765176520.0,True,NOT_IN_UPLOAD__RUN_HISTORICAL_FILTER_BEFORE_FINAL_USE,True,cloud_neocloud,crypto_infrastructure,
LITE,LUMENTUM HLDGS INC,903.8,6727632,6080433801.6,True,NOT_IN_UPLOAD__RUN_HISTORICAL_FILTER_BEFORE_FINAL_USE,False,semis_compute,networking_optical,electronics_components
PLTR,PALANTIR TECHNOLOGIE Class A,137.8,41745393,5752515155.4,True,NOT_IN_UPLOAD__RUN_HISTORICAL_FILTER_BEFORE_FINAL_USE,True,enterprise_software,ai_apps_agents,defense_aerospace
CRWV,COREWEAVE INC Class A,114.15,48479367,5533919743.05,True,NOT_IN_UPLOAD__RUN_HISTORICAL_FILTER_BEFORE_FINAL_USE,True,cloud_neocloud,,
ORCL,ORACLE CORP,195.95,21158338,4145976331.1,True,NOT_IN_UPLOAD__RUN_HISTORICAL_FILTER_BEFORE_FINAL_USE,True,mega_cap_platforms,enterprise_software,ai_apps_agents
GLW,CORNING INC,186.94,20589361,3848975145.34,True,NOT_IN_UPLOAD__RUN_HISTORICAL_FILTER_BEFORE_FINAL_USE,False,semis_compute,networking_optical,electronics_components
STX,SEAGATE TECHNOLOGY H,782.64,4873951,3814549010.64,True,NOT_IN_UPLOAD__RUN_HISTORICAL_FILTER_BEFORE_FINAL_USE,False,semis_compute,memory_storage,storage
WDC,WESTERN DIGITAL CORP,480.0,7929836,3806321280.0,True,NOT_IN_UPLOAD__RUN_HISTORICAL_FILTER_BEFORE_FINAL_USE,False,semis_compute,memory_storage,memory
BE,BLOOM ENERGY CORP Class A,261.03,14413746,3762420118.38,True,NOT_IN_UPLOAD__RUN_HISTORICAL_FILTER_BEFORE_FINAL_USE,True,cloud_neocloud,power_grid_electrification,utilities_yield
NET,CLOUDFLARE INC Class A,196.13,18919075,3710598179.75,True,NOT_IN_UPLOAD__RUN_HISTORICAL_FILTER_BEFORE_FINAL_USE,True,enterprise_software,ai_apps_agents,cybersecurity
APP,APPLOVIN CORP Class A,468.55,7766914,3639187554.7,True,NOT_IN_UPLOAD__RUN_HISTORICAL_FILTER_BEFORE_FINAL_USE,True,ai_apps_agents,digital_ads_media,ai_apps
AMAT,APPLIED MATLS INC,435.44,8165197,3555453381.68,True,NOT_IN_UPLOAD__RUN_HISTORICAL_FILTER_BEFORE_FINAL_USE,True,semicap_equipment,semis,ai_infrastructure
MRVL,MARVELL TECHNOLOGY I,170.13,20588961,3502799934.93,True,NOT_IN_UPLOAD__RUN_HISTORICAL_FILTER_BEFORE_FINAL_USE,True,semis_compute,semis,networking
DELL,DELL TECHNOLOGIES IN Class C,260.46,12168099,3169303065.54,True,NOT_IN_UPLOAD__RUN_HISTORICAL_FILTER_BEFORE_FINAL_USE,False,cloud_neocloud,semis_compute,memory_storage
NFLX,NETFLIX INC,87.49,36215113,3168460236.37,True,NOT_IN_UPLOAD__RUN_HISTORICAL_FILTER_BEFORE_FINAL_USE,True,mega_cap_platforms,digital_ads_media,streaming_entertainment
AAOI,APPLIED OPTOELECTRON,148.94,20778601,3094764832.94,True,NOT_IN_UPLOAD__RUN_HISTORICAL_FILTER_BEFORE_FINAL_USE,False,semis_compute,networking_optical,
MSTR,STRATEGY INC A,187.59,15985219,2998667232.21,True,NOT_IN_UPLOAD__RUN_HISTORICAL_FILTER_BEFORE_FINAL_USE,True,crypto_infrastructure,,
ANET,ARISTA NETWORKS INC,141.77,20371603,2888082157.31,True,NOT_IN_UPLOAD__RUN_HISTORICAL_FILTER_BEFORE_FINAL_USE,True,semis_compute,networking_optical,networking
CRM,SALESFORCE INC,181.82,15123889,2749825497.98,True,NOT_IN_UPLOAD__RUN_HISTORICAL_FILTER_BEFORE_FINAL_USE,True,mega_cap_platforms,enterprise_software,ai_apps_agents
COHR,COHERENT CORP,335.26,7901601,2649090751.26,True,NOT_IN_UPLOAD__RUN_HISTORICAL_FILTER_BEFORE_FINAL_USE,False,semis_compute,networking_optical,electronics_components
LRCX,LAM RESH CORP,294.05,8996650,2645464932.5,True,NOT_IN_UPLOAD__RUN_HISTORICAL_FILTER_BEFORE_FINAL_USE,True,semicap_equipment,semis,memory
COIN,COINBASE GLOBAL INC A,201.16,12909391,2596853093.56,True,NOT_IN_UPLOAD__RUN_HISTORICAL_FILTER_BEFORE_FINAL_USE,True,fintech_payments,crypto_infrastructure,fintech
TXN,TEXAS INSTRS INC,287.8,8881504,2556096851.2,True,NOT_IN_UPLOAD__RUN_HISTORICAL_FILTER_BEFORE_FINAL_USE,True,semis_compute,semis,autos
ARM,ARM HLDGS PLC EQUITY Equity ADR,213.27,11610259,2476119936.93,True,NOT_IN_UPLOAD__RUN_HISTORICAL_FILTER_BEFORE_FINAL_USE,True,semis_compute,semis,ai_infrastructure
PANW,PALO ALTO NETWORKS I,207.88,11641798,2420096968.24,True,NOT_IN_UPLOAD__RUN_HISTORICAL_FILTER_BEFORE_FINAL_USE,False,cybersecurity,semis_compute,
DDOG,DATADOG INC Class A,200.16,12042619,2410450619.04,True,NOT_IN_UPLOAD__RUN_HISTORICAL_FILTER_BEFORE_FINAL_USE,True,enterprise_software,ai_apps_agents,cloud_neocloud
WFC,WELLS FARGO & CO,75.64,31062116,2349538454.24,True,NOT_IN_UPLOAD__RUN_HISTORICAL_FILTER_BEFORE_FINAL_USE,False,banks_brokers_exchanges,mega_banks,
APH,AMPHENOL CORP NEW Class A,128.03,18190972,2328990145.16,True,NOT_IN_UPLOAD__RUN_HISTORICAL_FILTER_BEFORE_FINAL_USE,False,semis_compute,electronics_components,industrial_automation
NBIS,NEBIUS GROUP N V A A,177.05,12929585,2289183024.25,True,NOT_IN_UPLOAD__RUN_HISTORICAL_FILTER_BEFORE_FINAL_USE,True,cloud_neocloud,,
C,CITIGROUP INC,125.55,17505537,2197820170.35,True,NOT_IN_UPLOAD__RUN_HISTORICAL_FILTER_BEFORE_FINAL_USE,True,banks_brokers_exchanges,mega_banks,
CRWD,CROWDSTRIKE HLDGS IN Class A,527.77,4041153,2132799318.81,True,NOT_IN_UPLOAD__RUN_HISTORICAL_FILTER_BEFORE_FINAL_USE,True,cybersecurity,,
NXPI,NXP SEMICONDUCTORS N,294.75,6908850,2036383537.5,True,NOT_IN_UPLOAD__RUN_HISTORICAL_FILTER_BEFORE_FINAL_USE,False,semis_compute,,
CRCL,CIRCLE INTERNET GROU Class A,113.67,16763713,1905531256.71,True,NOT_IN_UPLOAD__RUN_HISTORICAL_FILTER_BEFORE_FINAL_USE,True,crypto_infrastructure,enterprise_software,
MCHP,MICROCHIP TECHNOLOGY,99.09,18857337,1868573523.33,True,NOT_IN_UPLOAD__RUN_HISTORICAL_FILTER_BEFORE_FINAL_USE,False,semis_compute,semis,autos
CAT,CATERPILLAR INC,897.45,2030291,1822084657.95,True,NOT_IN_UPLOAD__RUN_HISTORICAL_FILTER_BEFORE_FINAL_USE,False,industrial_automation,robotics,energy
SMCI,SUPER MICRO COMPUTER,35.37,50774248,1795885151.76,True,NOT_IN_UPLOAD__RUN_HISTORICAL_FILTER_BEFORE_FINAL_USE,True,semis_compute,ai_infrastructure,data_centers
BA,BOEING CO,237.36,7525266,1786197137.76,True,NOT_IN_UPLOAD__RUN_HISTORICAL_FILTER_BEFORE_FINAL_USE,False,defense_aerospace,space_satellites,aerospace
ASTS,AST SPACEMOBILE INC Class A,75.05,22685040,1702512252.0,True,NOT_IN_UPLOAD__RUN_HISTORICAL_FILTER_BEFORE_FINAL_USE,True,space_satellites,aerospace,small_cap_momentum
INOD,INNODATA INC,84.89,19182368,1628391219.52,True,NOT_IN_UPLOAD__RUN_HISTORICAL_FILTER_BEFORE_FINAL_USE,False,enterprise_software,,
SHOP,SHOPIFY INC Class A,110.41,14507574,1601781245.34,True,NOT_IN_UPLOAD__RUN_HISTORICAL_FILTER_BEFORE_FINAL_USE,True,enterprise_software,consumer_internet_marketplaces,
HD,HOME DEPOT INC,317.45,4995471,1585812268.95,True,NOT_IN_UPLOAD__RUN_HISTORICAL_FILTER_BEFORE_FINAL_USE,True,retail_consumer,homebuilders_housing,
ADI,ANALOG DEVICES INC,416.52,3754419,1563790601.88,True,NOT_IN_UPLOAD__RUN_HISTORICAL_FILTER_BEFORE_FINAL_USE,True,semis_compute,,
AXTI,AXT INC,116.36,13175146,1533059988.56,True,NOT_IN_UPLOAD__RUN_HISTORICAL_FILTER_BEFORE_FINAL_USE,False,,,
FLEX,FLEX LTD,142.17,10301089,1464505823.13,True,NOT_IN_UPLOAD__RUN_HISTORICAL_FILTER_BEFORE_FINAL_USE,False,semis_compute,electronics_components,
HOOD,ROBINHOOD MKTS INC Class A,77.03,18141883,1397469247.49,True,NOT_IN_UPLOAD__RUN_HISTORICAL_FILTER_BEFORE_FINAL_USE,True,fintech_payments,crypto_infrastructure,fintech
VRT,VERTIV HLDGS CO A,339.97,4080985,1387412470.45,True,NOT_IN_UPLOAD__RUN_HISTORICAL_FILTER_BEFORE_FINAL_USE,True,memory_storage,datacenter_infra,power_grid_electrification
HUBS,HUBSPOT INC,197.34,6513646,1285402901.64,True,NOT_IN_UPLOAD__RUN_HISTORICAL_FILTER_BEFORE_FINAL_USE,False,enterprise_software,ai_apps_agents,workflow_software
IONQ,IONQ INC,49.24,25990725,1279783299.0,True,NOT_IN_UPLOAD__RUN_HISTORICAL_FILTER_BEFORE_FINAL_USE,True,quantum_computing,,
TER,TERADYNE INC,359.77,3485988,1254153902.76,True,NOT_IN_UPLOAD__RUN_HISTORICAL_FILTER_BEFORE_FINAL_USE,False,semicap_equipment,semis,robotics
NOK,NOKIA CORP Series A ADR,12.82,97077368,1244531857.76,True,NOT_IN_UPLOAD__RUN_HISTORICAL_FILTER_BEFORE_FINAL_USE,False,networking_optical,,
UBER,UBER TECHNOLOGIES IN,75.45,16230644,1224602089.8,True,NOT_IN_UPLOAD__RUN_HISTORICAL_FILTER_BEFORE_FINAL_USE,True,transport_logistics,consumer_internet_marketplaces,airlines_travel
VST,VISTRA CORP,147.72,8074473,1192761151.56,True,NOT_IN_UPLOAD__RUN_HISTORICAL_FILTER_BEFORE_FINAL_USE,False,power_grid_electrification,utilities_yield,nuclear_uranium
MSI,MOTOROLA SOLUTIONS I,383.99,3101642,1190999511.58,True,NOT_IN_UPLOAD__RUN_HISTORICAL_FILTER_BEFORE_FINAL_USE,False,defense_aerospace,drones_autonomy,
GE,GE AEROSPACE,297.15,3952214,1174400390.1,True,NOT_IN_UPLOAD__RUN_HISTORICAL_FILTER_BEFORE_FINAL_USE,False,industrial_automation,defense_aerospace,aerospace
TEAM,ATLASSIAN CORP Class A,91.6,12639847,1157809985.2,True,NOT_IN_UPLOAD__RUN_HISTORICAL_FILTER_BEFORE_FINAL_USE,False,enterprise_software,workflow_software,dev_tools
MRNA,MODERNA INC,54.35,20925852,1137320056.2,True,NOT_IN_UPLOAD__RUN_HISTORICAL_FILTER_BEFORE_FINAL_USE,True,biotech_innovation,biotech,small_cap_momentum
FTNT,FORTINET INC,114.07,9904392,1129793995.44,True,NOT_IN_UPLOAD__RUN_HISTORICAL_FILTER_BEFORE_FINAL_USE,False,cybersecurity,,
ON,ON SEMICONDUCTOR COR,103.2,10763055,1110747276.0,True,NOT_IN_UPLOAD__RUN_HISTORICAL_FILTER_BEFORE_FINAL_USE,True,semis_compute,semis,autos
SNOW,SNOWFLAKE INC Class A,152.45,7280670,1109938141.5,True,NOT_IN_UPLOAD__RUN_HISTORICAL_FILTER_BEFORE_FINAL_USE,True,enterprise_software,ai_apps_agents,cloud_neocloud
ABNB,AIRBNB INC Class A,141.49,7842947,1109698571.03,True,NOT_IN_UPLOAD__RUN_HISTORICAL_FILTER_BEFORE_FINAL_USE,True,consumer_internet_marketplaces,airlines_travel,travel
ISRG,INTUITIVE SURGICAL I,450.06,2402326,1081190839.56,True,NOT_IN_UPLOAD__RUN_HISTORICAL_FILTER_BEFORE_FINAL_USE,False,medtech_devices,medtech,robotics
ACN,ACCENTURE PLC IRELAN Class A,180.42,5695964,1027665824.88,True,NOT_IN_UPLOAD__RUN_HISTORICAL_FILTER_BEFORE_FINAL_USE,False,,,
FLNC,FLUENCE ENERGY INC Class A,24.16,41472189,1001968086.24,True,NOT_IN_UPLOAD__RUN_HISTORICAL_FILTER_BEFORE_FINAL_USE,False,renewables_storage,,
DASH,DOORDASH INC A,163.93,6027515,988090533.95,True,NOT_IN_UPLOAD__RUN_HISTORICAL_FILTER_BEFORE_FINAL_USE,True,consumer_internet_marketplaces,,
XYZ,BLOCK INC A Class A,74.85,12878420,963949737.0,True,NOT_IN_UPLOAD__RUN_HISTORICAL_FILTER_BEFORE_FINAL_USE,True,fintech_payments,payments,fintech
EXPE,EXPEDIA GROUP INC,229.98,4189786,963566984.28,True,NOT_IN_UPLOAD__RUN_HISTORICAL_FILTER_BEFORE_FINAL_USE,False,airlines_travel,travel,consumer_internet
ETN,EATON CORP PLC,401.51,2386947,958383089.97,True,NOT_IN_UPLOAD__RUN_HISTORICAL_FILTER_BEFORE_FINAL_USE,False,datacenter_infra,power_grid_electrification,utilities_yield
CLS,CELESTICA INC EQUITY Equity,375.55,2539866,953846676.3,True,NOT_IN_UPLOAD__RUN_HISTORICAL_FILTER_BEFORE_FINAL_USE,False,semis_compute,electronics_components,
TTD,THE TRADE DESK INC Class A,23.08,41292178,953023468.24,True,NOT_IN_UPLOAD__RUN_HISTORICAL_FILTER_BEFORE_FINAL_USE,True,digital_ads_media,,
INTU,INTUIT,396.31,2348472,930722938.32,True,NOT_IN_UPLOAD__RUN_HISTORICAL_FILTER_BEFORE_FINAL_USE,False,mega_cap_platforms,enterprise_software,business_apps
ADBE,ADOBE INC,253.04,3667468,928016102.72,True,NOT_IN_UPLOAD__RUN_HISTORICAL_FILTER_BEFORE_FINAL_USE,True,mega_cap_platforms,enterprise_software,creative_software
ALAB,ASTERA LABS INC,199.79,4610117,921055275.43,True,NOT_IN_UPLOAD__RUN_HISTORICAL_FILTER_BEFORE_FINAL_USE,False,semis_compute,biotech_innovation,
CRDO,CREDO TECHNOLOGY GRO,188.505,4837006,911799816.03,True,NOT_IN_UPLOAD__RUN_HISTORICAL_FILTER_BEFORE_FINAL_USE,True,semis_compute,networking_optical,
RDDT,REDDIT INC A,155.8,5778954,900361033.2,True,NOT_IN_UPLOAD__RUN_HISTORICAL_FILTER_BEFORE_FINAL_USE,True,ai_apps_agents,digital_ads_media,ai_apps
COF,CAPITAL ONE FINL COR,189.48,4727376,895743204.48,True,NOT_IN_UPLOAD__RUN_HISTORICAL_FILTER_BEFORE_FINAL_USE,False,banks_brokers_exchanges,payments,regional_banks
CEG,CONSTELLATION ENERGY,303.63,2948643,895296474.09,True,NOT_IN_UPLOAD__RUN_HISTORICAL_FILTER_BEFORE_FINAL_USE,False,power_grid_electrification,utilities_yield,nuclear_uranium
SOFI,SOFI TECHNOLOGIES IN,15.75,55866384,879895548.0,True,NOT_IN_UPLOAD__RUN_HISTORICAL_FILTER_BEFORE_FINAL_USE,True,fintech_payments,fintech,small_cap_momentum
TOST,TOAST INC Class A,25.05,34891628,874035281.4,True,NOT_IN_UPLOAD__RUN_HISTORICAL_FILTER_BEFORE_FINAL_USE,False,fintech_payments,,
HWM,HOWMET AEROSPACE INC,270.56,3186756,862208703.36,True,NOT_IN_UPLOAD__RUN_HISTORICAL_FILTER_BEFORE_FINAL_USE,False,defense_aerospace,defense,aerospace
WULF,TERAWULF INC,23.39,36270219,848360422.41,True,NOT_IN_UPLOAD__RUN_HISTORICAL_FILTER_BEFORE_FINAL_USE,False,cloud_neocloud,crypto_infrastructure,
RXT,RACKSPACE TECHNOLOGY,5.49,154114063,846086205.87,True,NOT_IN_UPLOAD__RUN_HISTORICAL_FILTER_BEFORE_FINAL_USE,False,defense_aerospace,,
CDNS,CADENCE DESIGN SYS I,362.7,2317761,840651914.7,True,NOT_IN_UPLOAD__RUN_HISTORICAL_FILTER_BEFORE_FINAL_USE,False,creative_software,dev_tools,vertical_software
APLD,APPLIED DIGITAL CORP,41.25,19715612,813268995.0,True,NOT_IN_UPLOAD__RUN_HISTORICAL_FILTER_BEFORE_FINAL_USE,True,cloud_neocloud,enterprise_software,
MP,MP MATLS CORP Class A,67.43,11619355,783493107.65,True,NOT_IN_UPLOAD__RUN_HISTORICAL_FILTER_BEFORE_FINAL_USE,True,rare_earth_critical_minerals,,
MXL,MAXLINEAR INC Class A,99.83,7816173,780288550.59,True,NOT_IN_UPLOAD__RUN_HISTORICAL_FILTER_BEFORE_FINAL_USE,False,,,
CCL,CARNIVAL CORP LTD,26.38,29526401,778906458.38,True,NOT_IN_UPLOAD__RUN_HISTORICAL_FILTER_BEFORE_FINAL_USE,True,airlines_travel,,
AAL,AMERICAN AIRLS GROUP,13.35,57836397,772115899.95,True,NOT_IN_UPLOAD__RUN_HISTORICAL_FILTER_BEFORE_FINAL_USE,False,transport_logistics,airlines_travel,
NKE,NIKE INC Class B,44.14,17357056,766140451.84,True,NOT_IN_UPLOAD__RUN_HISTORICAL_FILTER_BEFORE_FINAL_USE,False,apparel_beauty_lifestyle,,
NTRA,NATERA INC,194.24,3925677,762523500.48,True,NOT_IN_UPLOAD__RUN_HISTORICAL_FILTER_BEFORE_FINAL_USE,False,,,
FCX,FREEPORT-MCMORAN INC,61.65,12202693,752296023.45,True,NOT_IN_UPLOAD__RUN_HISTORICAL_FILTER_BEFORE_FINAL_USE,True,copper_metals,rare_earth_critical_minerals,copper
HIMS,HIMS & HERS HEALTH I Class A,28.27,25969543,734158980.61,True,NOT_IN_UPLOAD__RUN_HISTORICAL_FILTER_BEFORE_FINAL_USE,True,obesity_glp1_health,biotech_innovation,
DKNG,DRAFTKINGS INC NEW Class A,25.52,28569218,729086443.36,True,NOT_IN_UPLOAD__RUN_HISTORICAL_FILTER_BEFORE_FINAL_USE,True,gaming_sports_betting,,
OKLO,OKLO INC A,72.51,10013595,726085773.45,True,NOT_IN_UPLOAD__RUN_HISTORICAL_FILTER_BEFORE_FINAL_USE,True,nuclear_uranium,nuclear,energy
RBLX,ROBLOX CORP A,41.91,17103399,716803452.09,True,NOT_IN_UPLOAD__RUN_HISTORICAL_FILTER_BEFORE_FINAL_USE,True,gaming_sports_betting,,
NU,NU HLDGS LTD Class A,13.8,50885068,702213938.4,True,NOT_IN_UPLOAD__RUN_HISTORICAL_FILTER_BEFORE_FINAL_USE,False,fintech_payments,,
STM,STMICROELECTRONICS N ADR,59.17,11477866,679145331.22,True,NOT_IN_UPLOAD__RUN_HISTORICAL_FILTER_BEFORE_FINAL_USE,False,semis_compute,,
PDD,PDD HOLDINGS INC ADR ADR,98.78,6679113,659762782.14,True,NOT_IN_UPLOAD__RUN_HISTORICAL_FILTER_BEFORE_FINAL_USE,True,consumer_internet_marketplaces,china_internet,retail
OTIS,OTIS WORLDWIDE CORP,74.82,8748446,654558729.72,True,NOT_IN_UPLOAD__RUN_HISTORICAL_FILTER_BEFORE_FINAL_USE,False,datacenter_infra,power_grid_electrification,industrial_automation
CRH,CRH PUBLIC LIMITED C,113.76,5744388,653481578.88,True,NOT_IN_UPLOAD__RUN_HISTORICAL_FILTER_BEFORE_FINAL_USE,False,industrial_automation,construction_infrastructure,
FROG,JFROG LTD,70.55,9196270,648796848.5,True,NOT_IN_UPLOAD__RUN_HISTORICAL_FILTER_BEFORE_FINAL_USE,False,enterprise_software,,
DOCN,DIGITALOCEAN HLDGS I,163.95,3945914,646932600.3,True,NOT_IN_UPLOAD__RUN_HISTORICAL_FILTER_BEFORE_FINAL_USE,False,cloud_neocloud,enterprise_software,
SAP,SAP SE ADR,173.7,3705617,643665672.9,True,NOT_IN_UPLOAD__RUN_HISTORICAL_FILTER_BEFORE_FINAL_USE,False,,,
PYPL,PAYPAL HLDGS INC,45.37,14073749,638525992.13,True,NOT_IN_UPLOAD__RUN_HISTORICAL_FILTER_BEFORE_FINAL_USE,False,fintech_payments,payments,fintech
ALB,ALBEMARLE CORP,203.52,3130038,637025333.76,True,NOT_IN_UPLOAD__RUN_HISTORICAL_FILTER_BEFORE_FINAL_USE,False,lithium_battery_materials,rare_earth_critical_minerals,
NVTS,NAVITAS SEMICONDUCTO,18.2,34942982,635962272.4,True,NOT_IN_UPLOAD__RUN_HISTORICAL_FILTER_BEFORE_FINAL_USE,False,semis_compute,,
APO,APOLLO GLOBAL MGMT I Class A,133.2,4768751,635197633.2,True,NOT_IN_UPLOAD__RUN_HISTORICAL_FILTER_BEFORE_FINAL_USE,False,asset_managers_alts,,
RCL,ROYAL CARIBBEAN GROU,275.24,2295603,631841769.72,True,NOT_IN_UPLOAD__RUN_HISTORICAL_FILTER_BEFORE_FINAL_USE,True,airlines_travel,,
MARA,MARA HLDGS INC,12.94,48391814,626190073.16,True,NOT_IN_UPLOAD__RUN_HISTORICAL_FILTER_BEFORE_FINAL_USE,True,crypto_infrastructure,,
RDW,REDWIRE CORP,11.07,56024004,620185724.28,True,NOT_IN_UPLOAD__RUN_HISTORICAL_FILTER_BEFORE_FINAL_USE,False,space_satellites,,
KKR,KKR & CO INC,102.52,5948750,609865850.0,True,NOT_IN_UPLOAD__RUN_HISTORICAL_FILTER_BEFORE_FINAL_USE,False,asset_managers_alts,asset_managers,
AFRM,AFFIRM HLDGS INC A,64.01,9412907,602520177.07,True,NOT_IN_UPLOAD__RUN_HISTORICAL_FILTER_BEFORE_FINAL_USE,True,fintech_payments,fintech,payments
TEL,TE CONNECTIVITY PLC,206.2,2865223,590808982.6,True,NOT_IN_UPLOAD__RUN_HISTORICAL_FILTER_BEFORE_FINAL_USE,False,electronics_components,,
RKT,ROCKET COMPANIES CLA A,15.69,37253393,584505736.17,True,NOT_IN_UPLOAD__RUN_HISTORICAL_FILTER_BEFORE_FINAL_USE,True,consumer_internet_marketplaces,,
LYV,LIVE NATION ENTMT IN,163.28,3571343,583128885.04,True,NOT_IN_UPLOAD__RUN_HISTORICAL_FILTER_BEFORE_FINAL_USE,False,digital_ads_media,streaming_entertainment,
TEM,TEMPUS AI INC Class A,49.86,11664414,581587682.04,True,NOT_IN_UPLOAD__RUN_HISTORICAL_FILTER_BEFORE_FINAL_USE,True,ai_apps_agents,,
TWLO,TWILIO INC Class A,201.7,2874116,579709197.2,True,NOT_IN_UPLOAD__RUN_HISTORICAL_FILTER_BEFORE_FINAL_USE,False,enterprise_software,,
TPR,TAPESTRY INC,133.48,4316208,576127443.84,True,NOT_IN_UPLOAD__RUN_HISTORICAL_FILTER_BEFORE_FINAL_USE,False,apparel_beauty_lifestyle,,
HPE,HEWLETT PACKARD ENTE,31.35,17520993,549283130.55,True,NOT_IN_UPLOAD__RUN_HISTORICAL_FILTER_BEFORE_FINAL_USE,False,cloud_neocloud,semis_compute,memory_storage
WDAY,WORKDAY INC A,127.83,4252775,543632228.25,True,NOT_IN_UPLOAD__RUN_HISTORICAL_FILTER_BEFORE_FINAL_USE,False,enterprise_software,workflow_software,business_apps
CVNA,CARVANA CO A,77.94,6955043,542076051.42,True,NOT_IN_UPLOAD__RUN_HISTORICAL_FILTER_BEFORE_FINAL_USE,True,consumer_internet_marketplaces,,
ZS,ZSCALER INC,152.13,3522201,535832438.13,True,NOT_IN_UPLOAD__RUN_HISTORICAL_FILTER_BEFORE_FINAL_USE,False,cybersecurity,cloud,
GEHC,GE HEALTHCARE TECHNO,63.47,8357227,530433197.69,True,NOT_IN_UPLOAD__RUN_HISTORICAL_FILTER_BEFORE_FINAL_USE,False,medtech_devices,biotech_innovation,
EBAY,EBAY INC,107.69,4879189,525439863.41,True,NOT_IN_UPLOAD__RUN_HISTORICAL_FILTER_BEFORE_FINAL_USE,False,consumer_internet_marketplaces,,
HUT,HUT 8 CORP,98.46,5297415,521583480.9,True,NOT_IN_UPLOAD__RUN_HISTORICAL_FILTER_BEFORE_FINAL_USE,False,cloud_neocloud,crypto_infrastructure,
ARES,ARES MGMT CORP Class A,126.25,4015314,506933392.5,True,NOT_IN_UPLOAD__RUN_HISTORICAL_FILTER_BEFORE_FINAL_USE,False,asset_managers_alts,,
PL,PLANET LABS PBC Class A,39.04,12929904,504783452.16,True,NOT_IN_UPLOAD__RUN_HISTORICAL_FILTER_BEFORE_FINAL_USE,False,space_satellites,biotech_innovation,
CIFR,CIPHER DIGITAL INC,20.55,24464279,502740933.45,True,NOT_IN_UPLOAD__RUN_HISTORICAL_FILTER_BEFORE_FINAL_USE,False,cloud_neocloud,crypto_infrastructure,enterprise_software
BKR,BAKER HUGHES CO. A Class A,63.89,7859568,502147799.52,True,NOT_IN_UPLOAD__RUN_HISTORICAL_FILTER_BEFORE_FINAL_USE,False,oil_services,energy,
HPQ,HP INC,22.68,21550996,488776589.28,True,NOT_IN_UPLOAD__RUN_HISTORICAL_FILTER_BEFORE_FINAL_USE,False,semis_compute,,
U,UNITY SOFTWARE INC,28.16,17315070,487592371.2,True,NOT_IN_UPLOAD__RUN_HISTORICAL_FILTER_BEFORE_FINAL_USE,True,enterprise_software,gaming_sports_betting,
TGT,TARGET CORP EQUITY Equity,125.25,3883687,486431796.75,True,NOT_IN_UPLOAD__RUN_HISTORICAL_FILTER_BEFORE_FINAL_USE,True,retail_consumer,retail,consumer_staples
UPS,UNITED PARCEL SVC IN Class B,100.78,4780824,481811442.72,True,NOT_IN_UPLOAD__RUN_HISTORICAL_FILTER_BEFORE_FINAL_USE,False,transport_logistics,,
SMR,NUSCALE PWR CORP A,12.55,38130362,478536043.1,True,NOT_IN_UPLOAD__RUN_HISTORICAL_FILTER_BEFORE_FINAL_USE,True,nuclear_uranium,nuclear,energy
FLR,FLUOR CORP NEW,43.31,11038586,478081159.66,True,NOT_IN_UPLOAD__RUN_HISTORICAL_FILTER_BEFORE_FINAL_USE,False,datacenter_infra,power_grid_electrification,construction_infrastructure
LUNR,INTUITIVE MACHS INC A,28.97,16468522,477093082.34,True,NOT_IN_UPLOAD__RUN_HISTORICAL_FILTER_BEFORE_FINAL_USE,False,space_satellites,aerospace,small_cap_momentum
F,FORD MTR CO DEL,12.32,38453548,473747711.36,True,NOT_IN_UPLOAD__RUN_HISTORICAL_FILTER_BEFORE_FINAL_USE,False,autos,,
FLY,FIREFLY AEROSPACE IN,39.68,11917290,472878067.2,True,NOT_IN_UPLOAD__RUN_HISTORICAL_FILTER_BEFORE_FINAL_USE,False,defense_aerospace,,
GMED,GLOBUS MED INC Class A,77.95,6038701,470716742.95,True,NOT_IN_UPLOAD__RUN_HISTORICAL_FILTER_BEFORE_FINAL_USE,False,medtech_devices,,
VEEV,VEEVA SYS INC Class A,166.34,2781680,462704651.2,True,NOT_IN_UPLOAD__RUN_HISTORICAL_FILTER_BEFORE_FINAL_USE,False,,,
ICE,INTERCONTINENTAL EXC,155.82,2953022,460139888.04,True,NOT_IN_UPLOAD__RUN_HISTORICAL_FILTER_BEFORE_FINAL_USE,False,banks_brokers_exchanges,,
GFS,GLOBALFOUNDRIES INC,74.12,6172384,457497102.08,True,NOT_IN_UPLOAD__RUN_HISTORICAL_FILTER_BEFORE_FINAL_USE,False,semis_compute,quantum_computing,
QBTS,D-WAVE QUANTUM INC,22.57,20168995,455214217.15,True,NOT_IN_UPLOAD__RUN_HISTORICAL_FILTER_BEFORE_FINAL_USE,True,quantum_computing,,
RIVN,RIVIAN AUTOMOTIVE IN Class A,14.22,31623074,449680112.28,True,NOT_IN_UPLOAD__RUN_HISTORICAL_FILTER_BEFORE_FINAL_USE,True,autos,small_cap_momentum,
ENTG,ENTEGRIS INC,149.11,3012664,449218329.04,True,NOT_IN_UPLOAD__RUN_HISTORICAL_FILTER_BEFORE_FINAL_USE,False,semicap_equipment,,
CELH,CELSIUS HLDGS INC,32.29,13636548,440324134.92,True,NOT_IN_UPLOAD__RUN_HISTORICAL_FILTER_BEFORE_FINAL_USE,True,apparel_beauty_lifestyle,,
CPNG,COUPANG INC Class A,16.98,25908967,439934259.66,True,NOT_IN_UPLOAD__RUN_HISTORICAL_FILTER_BEFORE_FINAL_USE,False,consumer_internet_marketplaces,,
SOUN,SOUNDHOUND AI INC A,8.88,49273016,437544382.08,True,NOT_IN_UPLOAD__RUN_HISTORICAL_FILTER_BEFORE_FINAL_USE,True,ai_apps_agents,ai_apps,small_cap_momentum
EOSE,EOS ENERGY ENTERPRIS A,8.01,53900107,431739857.07,True,NOT_IN_UPLOAD__RUN_HISTORICAL_FILTER_BEFORE_FINAL_USE,True,renewables_storage,,
RIOT,RIOT PLATFORMS INC,24.08,17796285,428534542.8,True,NOT_IN_UPLOAD__RUN_HISTORICAL_FILTER_BEFORE_FINAL_USE,True,crypto_infrastructure,,
CMG,CHIPOTLE MEXICAN GRI,32.49,12947295,420657614.55,True,NOT_IN_UPLOAD__RUN_HISTORICAL_FILTER_BEFORE_FINAL_USE,False,restaurants_food,restaurants,consumer
HBAN,HUNTINGTON BANCSHARE,16.12,26015737,419373680.44,True,NOT_IN_UPLOAD__RUN_HISTORICAL_FILTER_BEFORE_FINAL_USE,False,banks_brokers_exchanges,regional_banks,
ZM,ZOOM COMMUNICATIONS Class A,109.21,3771231,411856137.51,True,NOT_IN_UPLOAD__RUN_HISTORICAL_FILTER_BEFORE_FINAL_USE,False,enterprise_software,workflow_software,cloud
ATI,ATI INC,158.39,2594283,410908484.37,True,NOT_IN_UPLOAD__RUN_HISTORICAL_FILTER_BEFORE_FINAL_USE,False,industrial_automation,defense_aerospace,
LYFT,LYFT INC Class A,14.35,28551852,409719076.2,True,NOT_IN_UPLOAD__RUN_HISTORICAL_FILTER_BEFORE_FINAL_USE,False,transport_logistics,airlines_travel,
AMKR,AMKOR TECHNOLOGY INC,76.61,5324313,407895618.93,True,NOT_IN_UPLOAD__RUN_HISTORICAL_FILTER_BEFORE_FINAL_USE,False,semicap_equipment,,
BX,BLACKSTONE INC,123.77,3294470,407756551.9,True,NOT_IN_UPLOAD__RUN_HISTORICAL_FILTER_BEFORE_FINAL_USE,True,asset_managers_alts,asset_managers,
WYNN,WYNN RESORTS LTD,102.42,3981186,407753070.12,True,NOT_IN_UPLOAD__RUN_HISTORICAL_FILTER_BEFORE_FINAL_USE,False,,,
PINS,PINTEREST INC Class A,21.27,19162564,407587736.28,True,NOT_IN_UPLOAD__RUN_HISTORICAL_FILTER_BEFORE_FINAL_USE,False,digital_ads_media,consumer_internet,ai_apps
GEN,GEN DIGITAL INC,22.68,17306895,392520378.6,True,NOT_IN_UPLOAD__RUN_HISTORICAL_FILTER_BEFORE_FINAL_USE,False,cybersecurity,enterprise_software,
UAL,UNITED AIRLINES HLDG,99.58,3897182,388081383.56,True,NOT_IN_UPLOAD__RUN_HISTORICAL_FILTER_BEFORE_FINAL_USE,True,transport_logistics,airlines_travel,
JOBY,JOBY AVIATION INC A,10.87,35325517,383988369.79,True,NOT_IN_UPLOAD__RUN_HISTORICAL_FILTER_BEFORE_FINAL_USE,False,drones_autonomy,,
WSC,WILLSCOT HOLDINGS CO Class A,28.1,13336249,374748596.9,True,NOT_IN_UPLOAD__RUN_HISTORICAL_FILTER_BEFORE_FINAL_USE,False,,,
AEHR,AEHR TEST SYS,97.23,3842808,373636221.84,True,NOT_IN_UPLOAD__RUN_HISTORICAL_FILTER_BEFORE_FINAL_USE,False,semicap_equipment,,
CCI,CROWN CASTLE INC REI REIT,90.57,4123803,373492837.71,True,NOT_IN_UPLOAD__RUN_HISTORICAL_FILTER_BEFORE_FINAL_USE,False,real_estate_reits,datacenter_reits_towers,
DAL,DELTA AIR LINES INC,73.33,5073170,372015556.1,True,NOT_IN_UPLOAD__RUN_HISTORICAL_FILTER_BEFORE_FINAL_USE,True,transport_logistics,airlines_travel,
MMM,3M CO,143.29,2565966,367677268.14,True,NOT_IN_UPLOAD__RUN_HISTORICAL_FILTER_BEFORE_FINAL_USE,False,industrial_automation,,
BBIO,BRIDGEBIO PHARMA INC,67.39,5401590,364013150.1,True,NOT_IN_UPLOAD__RUN_HISTORICAL_FILTER_BEFORE_FINAL_USE,False,biotech_innovation,,
BB,BLACKBERRY LTD,6.37,56713576,361265479.12,True,NOT_IN_UPLOAD__RUN_HISTORICAL_FILTER_BEFORE_FINAL_USE,False,cybersecurity,,
DOW,DOW INC,36.87,9781535,360645195.45,True,NOT_IN_UPLOAD__RUN_HISTORICAL_FILTER_BEFORE_FINAL_USE,False,industrial_automation,,
JCI,JOHNSON CONTROLS INT,139.52,2582456,360304261.12,True,NOT_IN_UPLOAD__RUN_HISTORICAL_FILTER_BEFORE_FINAL_USE,False,datacenter_infra,power_grid_electrification,
EMR,EMERSON ELEC CO,141.31,2534485,358148075.35,True,NOT_IN_UPLOAD__RUN_HISTORICAL_FILTER_BEFORE_FINAL_USE,False,datacenter_infra,power_grid_electrification,industrial_automation
RVMD,REVOLUTION MEDICINES,141.81,2514425,356570609.25,True,NOT_IN_UPLOAD__RUN_HISTORICAL_FILTER_BEFORE_FINAL_USE,False,biotech_innovation,,
LSCC,LATTICE SEMICONDUCTO,127.19,2790823,354964777.37,True,NOT_IN_UPLOAD__RUN_HISTORICAL_FILTER_BEFORE_FINAL_USE,False,semis_compute,,
SHAK,SHAKE SHACK INC Class A,70.14,5004072,350985610.08,True,NOT_IN_UPLOAD__RUN_HISTORICAL_FILTER_BEFORE_FINAL_USE,False,restaurants_food,,
PLNT,PLANET FITNESS INC Class A,45.88,7629138,350024851.44,True,NOT_IN_UPLOAD__RUN_HISTORICAL_FILTER_BEFORE_FINAL_USE,False,,,
VTRS,VIATRIS INC,17.17,20242689,347566970.13,True,NOT_IN_UPLOAD__RUN_HISTORICAL_FILTER_BEFORE_FINAL_USE,False,,,
SE,SEA LTD Class A ADR,86.73,4006739,347504473.47,True,NOT_IN_UPLOAD__RUN_HISTORICAL_FILTER_BEFORE_FINAL_USE,False,consumer_internet_marketplaces,,
RGTI,RIGETTI COMPUTING IN,18.94,18261122,345865650.68,True,NOT_IN_UPLOAD__RUN_HISTORICAL_FILTER_BEFORE_FINAL_USE,True,quantum_computing,,
ASX,ASE TECHNOLOGY HLDG ADR,34.23,10085691,345233202.93,True,NOT_IN_UPLOAD__RUN_HISTORICAL_FILTER_BEFORE_FINAL_USE,False,semis_compute,,
SWKS,SKYWORKS SOLUTIONS I,66.78,5143880,343508306.4,True,NOT_IN_UPLOAD__RUN_HISTORICAL_FILTER_BEFORE_FINAL_USE,False,,,
NRG,NRG ENERGY INC,138.11,2475003,341822664.33,True,NOT_IN_UPLOAD__RUN_HISTORICAL_FILTER_BEFORE_FINAL_USE,False,power_grid_electrification,utilities_yield,renewables_storage
NTAP,NETAPP INC,118.0,2893849,341474182.0,True,NOT_IN_UPLOAD__RUN_HISTORICAL_FILTER_BEFORE_FINAL_USE,False,semis_compute,memory_storage,storage
CORZ,CORE SCIENTIFIC INC,22.92,14830871,339923563.32,True,NOT_IN_UPLOAD__RUN_HISTORICAL_FILTER_BEFORE_FINAL_USE,True,cloud_neocloud,crypto_infrastructure,biotech_innovation
EMBJ,EMBRAER S A ADR,60.11,5626549,338211860.39,True,NOT_IN_UPLOAD__RUN_HISTORICAL_FILTER_BEFORE_FINAL_USE,False,,,
CARR,CARRIER GLOBAL CORP,66.83,5032092,336294708.36,True,NOT_IN_UPLOAD__RUN_HISTORICAL_FILTER_BEFORE_FINAL_USE,False,datacenter_infra,power_grid_electrification,
PRIM,PRIMORIS SVCS CORP,104.8,3179334,333194203.2,True,NOT_IN_UPLOAD__RUN_HISTORICAL_FILTER_BEFORE_FINAL_USE,False,datacenter_infra,power_grid_electrification,construction_infrastructure
TTMI,TTM TECHNOLOGIES INC,157.31,2114993,332709548.83,True,NOT_IN_UPLOAD__RUN_HISTORICAL_FILTER_BEFORE_FINAL_USE,False,,,
FBIN,FORTUNE BRANDS INNOV,37.98,8733722,331706761.56,True,NOT_IN_UPLOAD__RUN_HISTORICAL_FILTER_BEFORE_FINAL_USE,False,datacenter_infra,power_grid_electrification,construction_infrastructure
CHWY,CHEWY INC Class A,22.97,13920253,319748211.41,True,NOT_IN_UPLOAD__RUN_HISTORICAL_FILTER_BEFORE_FINAL_USE,True,consumer_internet_marketplaces,retail_consumer,
CAVA,CAVA GROUP INC,79.4,4021971,319344497.4,True,NOT_IN_UPLOAD__RUN_HISTORICAL_FILTER_BEFORE_FINAL_USE,True,restaurants_food,,
A,AGILENT TECHNOLOGIES,115.62,2688965,310898133.3,True,NOT_IN_UPLOAD__RUN_HISTORICAL_FILTER_BEFORE_FINAL_USE,False,diagnostics_tools,,
ONDS,ONDAS INC,9.06,34077950,308746227.0,True,NOT_IN_UPLOAD__RUN_HISTORICAL_FILTER_BEFORE_FINAL_USE,False,drones_autonomy,space_satellites,
BILL,BILL HOLDINGS INC,41.83,7354608,307643252.64,True,NOT_IN_UPLOAD__RUN_HISTORICAL_FILTER_BEFORE_FINAL_USE,False,enterprise_software,fintech_payments,
BAM,BROOKFIELD ASSET MGM Class A,49.76,6155480,306296684.8,True,NOT_IN_UPLOAD__RUN_HISTORICAL_FILTER_BEFORE_FINAL_USE,False,asset_managers_alts,banks_brokers_exchanges,
BROS,DUTCH BROS INC A,52.71,5805183,305991195.93,True,NOT_IN_UPLOAD__RUN_HISTORICAL_FILTER_BEFORE_FINAL_USE,False,restaurants_food,,
WOLF,Wolfspeed Inc,46.6,6561252,305754343.2,True,NOT_IN_UPLOAD__RUN_HISTORICAL_FILTER_BEFORE_FINAL_USE,False,,,
GH,GUARDANT HEALTH INC,95.7,3186826,304979248.2,True,NOT_IN_UPLOAD__RUN_HISTORICAL_FILTER_BEFORE_FINAL_USE,True,biotech_innovation,diagnostics_tools,
IBKR,INTERACTIVE BROKERS Class A,84.42,3595264,303512186.88,True,NOT_IN_UPLOAD__RUN_HISTORICAL_FILTER_BEFORE_FINAL_USE,False,banks_brokers_exchanges,,
NCLH,NORWEGIAN CRUISE LIN,17.08,17712862,302535682.96,True,NOT_IN_UPLOAD__RUN_HISTORICAL_FILTER_BEFORE_FINAL_USE,False,airlines_travel,,
CNC,CENTENE CORP DEL,55.96,5296248,296378038.08,True,NOT_IN_UPLOAD__RUN_HISTORICAL_FILTER_BEFORE_FINAL_USE,False,managed_care_insurance,managed_care,healthcare
Q,QNITY ELECTRONICS IN,147.33,2008424,295901107.92,True,NOT_IN_UPLOAD__RUN_HISTORICAL_FILTER_BEFORE_FINAL_USE,False,semis_compute,,
ACHR,ARCHER AVIATION INC A,6.48,45655746,295849234.08,True,NOT_IN_UPLOAD__RUN_HISTORICAL_FILTER_BEFORE_FINAL_USE,False,drones_autonomy,,
FLUT,FLUTTER ENTMT PLC,101.19,2897097,293157245.43,True,NOT_IN_UPLOAD__RUN_HISTORICAL_FILTER_BEFORE_FINAL_USE,False,gaming_sports_betting,,
DBX,DROPBOX INC COM CL A,28.9,10098396,291843644.4,True,NOT_IN_UPLOAD__RUN_HISTORICAL_FILTER_BEFORE_FINAL_USE,False,enterprise_software,,
RMBS,RAMBUS INC DEL,129.245,2254692,291407667.54,True,NOT_IN_UPLOAD__RUN_HISTORICAL_FILTER_BEFORE_FINAL_USE,False,semis_compute,memory_storage,
APTV,APTIV PLC NEW,57.94,5007547,290137273.18,True,NOT_IN_UPLOAD__RUN_HISTORICAL_FILTER_BEFORE_FINAL_USE,False,,,
ALC,ALCON INC,62.56,4537504,283866250.24,True,NOT_IN_UPLOAD__RUN_HISTORICAL_FILTER_BEFORE_FINAL_USE,False,medtech_devices,,
AG,FIRST MAJESTIC SILVE,21.86,12920552,282443266.72,True,NOT_IN_UPLOAD__RUN_HISTORICAL_FILTER_BEFORE_FINAL_USE,True,gold_silver_miners,,
CDW,CDW CORP,104.79,2688465,281724247.35,True,NOT_IN_UPLOAD__RUN_HISTORICAL_FILTER_BEFORE_FINAL_USE,False,,,
LASR,NLIGHT INC,73.91,3791579,280235603.89,True,NOT_IN_UPLOAD__RUN_HISTORICAL_FILTER_BEFORE_FINAL_USE,False,,,
CGNX,COGNEX CORP,65.66,4256563,279485926.58,True,NOT_IN_UPLOAD__RUN_HISTORICAL_FILTER_BEFORE_FINAL_USE,False,robotics,,
OVV,OVINTIV INC,57.83,4801820,277689250.6,True,NOT_IN_UPLOAD__RUN_HISTORICAL_FILTER_BEFORE_FINAL_USE,False,oil_gas,,
LTH,LIFE TIME GROUP HLDG,31.93,8677675,277078162.75,True,NOT_IN_UPLOAD__RUN_HISTORICAL_FILTER_BEFORE_FINAL_USE,False,,,
WHR,WHIRLPOOL CORP,44.96,6139484,276031200.64,True,NOT_IN_UPLOAD__RUN_HISTORICAL_FILTER_BEFORE_FINAL_USE,False,,,
SYNA,SYNAPTICS INC,125.43,2177240,273091213.2,True,NOT_IN_UPLOAD__RUN_HISTORICAL_FILTER_BEFORE_FINAL_USE,False,,,
OPEN,OPENDOOR TECHNOLOGIE Class A,5.01,53820615,269641281.15,True,NOT_IN_UPLOAD__RUN_HISTORICAL_FILTER_BEFORE_FINAL_USE,True,consumer_internet_marketplaces,,
UUUU,ENERGY FUELS INC,21.38,12598439,269354625.82,True,NOT_IN_UPLOAD__RUN_HISTORICAL_FILTER_BEFORE_FINAL_USE,True,nuclear_uranium,rare_earth_critical_minerals,uranium
QXO,QXO INC,18.76,14330392,268838153.92,True,NOT_IN_UPLOAD__RUN_HISTORICAL_FILTER_BEFORE_FINAL_USE,False,consumer_internet_marketplaces,,
P,EVERPURE INC A,78.16,3431642,268217138.72,True,NOT_IN_UPLOAD__RUN_HISTORICAL_FILTER_BEFORE_FINAL_USE,False,streaming_entertainment,,
SONY,SONY GROUP CORP ADR,20.15,13256713,267122766.95,True,NOT_IN_UPLOAD__RUN_HISTORICAL_FILTER_BEFORE_FINAL_USE,False,streaming_entertainment,,
ROKU,ROKU INC Class A,129.53,2049862,265518624.86,True,NOT_IN_UPLOAD__RUN_HISTORICAL_FILTER_BEFORE_FINAL_USE,True,digital_ads_media,streaming_entertainment,
KDP,KEURIG DR PEPPER INC,28.83,9205772,265402406.76,True,NOT_IN_UPLOAD__RUN_HISTORICAL_FILTER_BEFORE_FINAL_USE,False,apparel_beauty_lifestyle,,
CG,CARLYLE GROUP INC,50.63,5135607,260015782.41,True,NOT_IN_UPLOAD__RUN_HISTORICAL_FILTER_BEFORE_FINAL_USE,False,asset_managers_alts,,
DXCM,DEXCOM INC,60.61,4217962,255650676.82,True,NOT_IN_UPLOAD__RUN_HISTORICAL_FILTER_BEFORE_FINAL_USE,False,medtech_devices,medtech,
CCJ,CAMECO CORP,116.75,2182425,254798118.75,True,NOT_IN_UPLOAD__RUN_HISTORICAL_FILTER_BEFORE_FINAL_USE,True,nuclear_uranium,uranium,nuclear
KTOS,KRATOS DEFENSE & SEC,57.89,4323645,250295809.05,True,NOT_IN_UPLOAD__RUN_HISTORICAL_FILTER_BEFORE_FINAL_USE,False,defense_aerospace,drones_autonomy,defense
FTI,TECHNIPFMC PLC,70.15,3553475,249276271.25,True,NOT_IN_UPLOAD__RUN_HISTORICAL_FILTER_BEFORE_FINAL_USE,False,oil_services,,
XYL,XYLEM INC,113.73,2184834,248481170.82,True,NOT_IN_UPLOAD__RUN_HISTORICAL_FILTER_BEFORE_FINAL_USE,False,datacenter_infra,power_grid_electrification,
VIAV,VIAVI SOLUTIONS INC,51.21,4831152,247403293.92,True,NOT_IN_UPLOAD__RUN_HISTORICAL_FILTER_BEFORE_FINAL_USE,False,networking_optical,,
RVTY,REVVITY INC,101.0,2441940,246635940.0,True,NOT_IN_UPLOAD__RUN_HISTORICAL_FILTER_BEFORE_FINAL_USE,False,diagnostics_tools,,
HIMX,HIMAX TECHNOLOGIES I ADR,17.79,13406695,238505104.05,True,NOT_IN_UPLOAD__RUN_HISTORICAL_FILTER_BEFORE_FINAL_USE,False,semis_compute,,
UPWK,UPWORK INC,8.82,26575669,234397400.58,True,NOT_IN_UPLOAD__RUN_HISTORICAL_FILTER_BEFORE_FINAL_USE,False,,,
NWSA,NEWS CORP NEW A,27.02,8656943,233910599.86,True,NOT_IN_UPLOAD__RUN_HISTORICAL_FILTER_BEFORE_FINAL_USE,False,,,
GM,GENERAL MTRS CO,78.8,2950299,232483561.2,True,NOT_IN_UPLOAD__RUN_HISTORICAL_FILTER_BEFORE_FINAL_USE,False,autos,biotech_innovation,
PCAR,PACCAR INC,114.31,2028856,231918529.36,True,NOT_IN_UPLOAD__RUN_HISTORICAL_FILTER_BEFORE_FINAL_USE,False,industrial_automation,transport_logistics,
PFGC,PERFORMANCE FOOD GRO,93.12,2458014,228890263.68,True,NOT_IN_UPLOAD__RUN_HISTORICAL_FILTER_BEFORE_FINAL_USE,False,,,
UMC,UNITED MICROELECTRON ADR,15.42,14785162,227987198.04,True,NOT_IN_UPLOAD__RUN_HISTORICAL_FILTER_BEFORE_FINAL_USE,False,semis_compute,,
HL,HECLA MNG CO,18.61,12249028,227954411.08,True,NOT_IN_UPLOAD__RUN_HISTORICAL_FILTER_BEFORE_FINAL_USE,False,gold_silver_miners,silver,small_cap_momentum
NDAQ,NASDAQ INC,88.91,2559134,227532603.94,True,NOT_IN_UPLOAD__RUN_HISTORICAL_FILTER_BEFORE_FINAL_USE,False,banks_brokers_exchanges,,
RBRK,RUBRIK INC Class A,62.34,3629274,226248941.16,True,NOT_IN_UPLOAD__RUN_HISTORICAL_FILTER_BEFORE_FINAL_USE,False,enterprise_software,ai_apps_agents,cybersecurity
CLSK,CLEANSPARK INC,14.2,15906803,225876602.6,True,NOT_IN_UPLOAD__RUN_HISTORICAL_FILTER_BEFORE_FINAL_USE,False,cloud_neocloud,crypto_infrastructure,
WMG,WARNER MUSIC GROUP C A,33.36,6573087,219278182.32,True,NOT_IN_UPLOAD__RUN_HISTORICAL_FILTER_BEFORE_FINAL_USE,False,digital_ads_media,streaming_entertainment,
BFAM,BRIGHT HORIZONS FAMI,70.59,3103069,219045640.71,True,NOT_IN_UPLOAD__RUN_HISTORICAL_FILTER_BEFORE_FINAL_USE,False,,,
FIG,FIGMA INC A,20.66,10563647,218244947.02,True,NOT_IN_UPLOAD__RUN_HISTORICAL_FILTER_BEFORE_FINAL_USE,False,,,
RNG,RINGCENTRAL INC Class A,45.63,4778060,218022877.8,True,NOT_IN_UPLOAD__RUN_HISTORICAL_FILTER_BEFORE_FINAL_USE,False,,,
SW,SMURFIT WESTROCK PLC,41.55,5216204,216733276.2,True,NOT_IN_UPLOAD__RUN_HISTORICAL_FILTER_BEFORE_FINAL_USE,False,,,
VIK,VIKING HLDGS LTD,82.67,2603177,215204642.59,True,NOT_IN_UPLOAD__RUN_HISTORICAL_FILTER_BEFORE_FINAL_USE,False,airlines_travel,,
BN,BROOKFIELD CORP A,47.08,4556296,214510415.68,True,NOT_IN_UPLOAD__RUN_HISTORICAL_FILTER_BEFORE_FINAL_USE,False,asset_managers_alts,,
ONON,ON HLDG AG Class A,35.24,6087118,214510038.32,True,NOT_IN_UPLOAD__RUN_HISTORICAL_FILTER_BEFORE_FINAL_USE,False,apparel_beauty_lifestyle,,
OWL,BLUE OWL CAP INC A,10.56,20238533,213718908.48,True,NOT_IN_UPLOAD__RUN_HISTORICAL_FILTER_BEFORE_FINAL_USE,False,asset_managers_alts,,
IR,INGERSOLL RAND INC,75.75,2808210,212721907.5,True,NOT_IN_UPLOAD__RUN_HISTORICAL_FILTER_BEFORE_FINAL_USE,False,datacenter_infra,power_grid_electrification,industrial_automation
KVYO,KLAVIYO INC,15.21,13886874,211219353.54,True,NOT_IN_UPLOAD__RUN_HISTORICAL_FILTER_BEFORE_FINAL_USE,False,enterprise_software,,
AMPX,AMPRIUS TECHNOLOGIES,16.7,12487654,208543821.8,True,NOT_IN_UPLOAD__RUN_HISTORICAL_FILTER_BEFORE_FINAL_USE,False,renewables_storage,lithium_battery_materials,
ALLY,ALLY FINL INC,44.24,4657117,206030856.08,True,NOT_IN_UPLOAD__RUN_HISTORICAL_FILTER_BEFORE_FINAL_USE,False,banks_brokers_exchanges,,
BJ,BJS WHSL CLUB HLDGS,92.97,2211551,205607896.47,True,NOT_IN_UPLOAD__RUN_HISTORICAL_FILTER_BEFORE_FINAL_USE,False,retail_consumer,,
CNH,CNH INDL N V,10.96,18658657,204498880.72,True,NOT_IN_UPLOAD__RUN_HISTORICAL_FILTER_BEFORE_FINAL_USE,False,industrial_automation,,
LUV,SOUTHWEST AIRLS CO,41.31,4938817,204022530.27,True,NOT_IN_UPLOAD__RUN_HISTORICAL_FILTER_BEFORE_FINAL_USE,False,transport_logistics,airlines_travel,
VG,VENTURE GLOBAL INC Class A,11.45,17484423,200196643.35,True,NOT_IN_UPLOAD__RUN_HISTORICAL_FILTER_BEFORE_FINAL_USE,False,,,
RIG,TRANSOCEAN LTD,6.4,31209339,199739769.6,True,NOT_IN_UPLOAD__RUN_HISTORICAL_FILTER_BEFORE_FINAL_USE,True,oil_services,,
AUR,AURORA INNOVATION IN A,7.08,28192178,199600620.24,True,NOT_IN_UPLOAD__RUN_HISTORICAL_FILTER_BEFORE_FINAL_USE,False,drones_autonomy,,
MAS,MASCO CORP,71.74,2780860,199498896.4,True,NOT_IN_UPLOAD__RUN_HISTORICAL_FILTER_BEFORE_FINAL_USE,False,construction_infrastructure,homebuilders_housing,
EL,LAUDER ESTEE COS INC Class A,86.2,2310634,199176650.8,True,NOT_IN_UPLOAD__RUN_HISTORICAL_FILTER_BEFORE_FINAL_USE,True,apparel_beauty_lifestyle,,
DD,DUPONT DE NEMOURS IN,49.76,3956972,196898926.72,True,NOT_IN_UPLOAD__RUN_HISTORICAL_FILTER_BEFORE_FINAL_USE,False,industrial_automation,,
OSCR,OSCAR HEALTH INC Class A,21.31,9237557,196852339.67,True,NOT_IN_UPLOAD__RUN_HISTORICAL_FILTER_BEFORE_FINAL_USE,False,managed_care_insurance,biotech_innovation,
ARWR,ARROWHEAD PHARMACEUT,72.69,2700204,196277828.76,True,NOT_IN_UPLOAD__RUN_HISTORICAL_FILTER_BEFORE_FINAL_USE,False,biotech_innovation,,
ELAN,ELANCO ANIMAL HEALTH,23.65,8287981,196010750.65,True,NOT_IN_UPLOAD__RUN_HISTORICAL_FILTER_BEFORE_FINAL_USE,False,biotech_innovation,,
PENG,PENGUIN SOLUTIONS IN,44.23,4392971,194301107.33,True,NOT_IN_UPLOAD__RUN_HISTORICAL_FILTER_BEFORE_FINAL_USE,False,,,
SGI,SOMNIGROUP INTERNTNL,69.31,2794935,193716944.85,True,NOT_IN_UPLOAD__RUN_HISTORICAL_FILTER_BEFORE_FINAL_USE,False,,,
BWA,BORGWARNER INC,61.32,3138442,192449263.44,True,NOT_IN_UPLOAD__RUN_HISTORICAL_FILTER_BEFORE_FINAL_USE,False,,,
LFST,LIFESTANCE HEALTH GR,7.7,24976010,192315277.0,True,NOT_IN_UPLOAD__RUN_HISTORICAL_FILTER_BEFORE_FINAL_USE,False,biotech_innovation,,
MNDY,MONDAY COM LTD,72.07,2595078,187027271.46,True,NOT_IN_UPLOAD__RUN_HISTORICAL_FILTER_BEFORE_FINAL_USE,False,enterprise_software,,
TRMB,TRIMBLE INC,60.8,3066495,186442896.0,True,NOT_IN_UPLOAD__RUN_HISTORICAL_FILTER_BEFORE_FINAL_USE,False,datacenter_infra,power_grid_electrification,
TECH,BIO-TECHNE CORP,48.36,3850168,186194124.48,True,NOT_IN_UPLOAD__RUN_HISTORICAL_FILTER_BEFORE_FINAL_USE,False,diagnostics_tools,biotech_innovation,
NAMS,NEWAMSTERDAM PHARMA,38.73,4805884,186131887.32,True,NOT_IN_UPLOAD__RUN_HISTORICAL_FILTER_BEFORE_FINAL_USE,False,biotech_innovation,,
CRBG,COREBRIDGE FINL INC,27.31,6789811,185429738.41,True,NOT_IN_UPLOAD__RUN_HISTORICAL_FILTER_BEFORE_FINAL_USE,False,,,
BALL,BALL CORP,58.52,3155616,184666648.32,True,NOT_IN_UPLOAD__RUN_HISTORICAL_FILTER_BEFORE_FINAL_USE,False,,,
IFF,INTERNTNL FLAVORS &,81.05,2276193,184485442.65,True,NOT_IN_UPLOAD__RUN_HISTORICAL_FILTER_BEFORE_FINAL_USE,False,,,
TMDX,TRANSMEDICS GROUP IN,67.84,2703718,183420229.12,True,NOT_IN_UPLOAD__RUN_HISTORICAL_FILTER_BEFORE_FINAL_USE,False,medtech_devices,biotech_innovation,
XNDU,XANADU QUANTUM TECHN B,15.71,11581458,181944705.18,True,NOT_IN_UPLOAD__RUN_HISTORICAL_FILTER_BEFORE_FINAL_USE,False,,,
AA,ALCOA CORP,63.18,2794251,176540778.18,True,NOT_IN_UPLOAD__RUN_HISTORICAL_FILTER_BEFORE_FINAL_USE,False,copper_metals,,
LWLG,LIGHTWAVE LOGIC INC,16.43,10526741,172954354.63,True,NOT_IN_UPLOAD__RUN_HISTORICAL_FILTER_BEFORE_FINAL_USE,False,networking_optical,,
MRAM,EVERSPIN TECHNOLOGIE,26.99,6266582,169135048.18,True,NOT_IN_UPLOAD__RUN_HISTORICAL_FILTER_BEFORE_FINAL_USE,False,semis_compute,memory_storage,
FTV,FORTIVE CORP DISC,60.43,2769475,167359374.25,True,NOT_IN_UPLOAD__RUN_HISTORICAL_FILTER_BEFORE_FINAL_USE,False,datacenter_infra,power_grid_electrification,industrial_automation
EQNR,EQUINOR ASA ADR,36.69,4510468,165489070.92,True,NOT_IN_UPLOAD__RUN_HISTORICAL_FILTER_BEFORE_FINAL_USE,False,oil_gas,,
INFY,INFOSYS LTD ADR,12.83,12856943,164954578.69,True,NOT_IN_UPLOAD__RUN_HISTORICAL_FILTER_BEFORE_FINAL_USE,False,,,
IP,INTERNTNL PAPER CO,33.03,4919275,162483653.25,True,NOT_IN_UPLOAD__RUN_HISTORICAL_FILTER_BEFORE_FINAL_USE,False,,,
SOLS,SOLSTICE ADVANCED MA,78.25,2073925,162284631.25,True,NOT_IN_UPLOAD__RUN_HISTORICAL_FILTER_BEFORE_FINAL_USE,False,,,
GAP,GAP INC,23.37,6911089,161512149.93,True,NOT_IN_UPLOAD__RUN_HISTORICAL_FILTER_BEFORE_FINAL_USE,False,apparel_beauty_lifestyle,,
ROIV,ROIVANT SCIENCES LTD,28.56,5604940,160077086.4,True,NOT_IN_UPLOAD__RUN_HISTORICAL_FILTER_BEFORE_FINAL_USE,False,biotech_innovation,,
Z,ZILLOW GROUP INC Class C,41.43,3861851,159996486.93,True,NOT_IN_UPLOAD__RUN_HISTORICAL_FILTER_BEFORE_FINAL_USE,False,consumer_internet_marketplaces,,
TGTX,TG THERAPEUTICS INC,42.86,3729567,159849241.62,True,NOT_IN_UPLOAD__RUN_HISTORICAL_FILTER_BEFORE_FINAL_USE,False,biotech_innovation,,
SEDG,SOLAREDGE TECHNOLOGI,41.3,3830189,158186805.7,True,NOT_IN_UPLOAD__RUN_HISTORICAL_FILTER_BEFORE_FINAL_USE,False,renewables_storage,solar,energy
FND,FLOOR & DECOR HLDGS Class A,51.73,3044143,157473517.39,True,NOT_IN_UPLOAD__RUN_HISTORICAL_FILTER_BEFORE_FINAL_USE,False,construction_infrastructure,homebuilders_housing,
SSNC,SS&C TECHNOLOGIES HL,68.76,2280801,156827876.76,True,NOT_IN_UPLOAD__RUN_HISTORICAL_FILTER_BEFORE_FINAL_USE,False,,,
VSH,VISHAY INTERTECHNOLO,34.26,4577344,156819805.44,True,NOT_IN_UPLOAD__RUN_HISTORICAL_FILTER_BEFORE_FINAL_USE,False,,,
BLDR,BUILDERS FIRSTSOURCE,77.4,2024169,156670680.6,True,NOT_IN_UPLOAD__RUN_HISTORICAL_FILTER_BEFORE_FINAL_USE,False,construction_infrastructure,homebuilders_housing,
SYM,SYMBOTIC INC A,52.29,2922977,152842467.33,True,NOT_IN_UPLOAD__RUN_HISTORICAL_FILTER_BEFORE_FINAL_USE,False,robotics,small_cap_momentum,
ETSY,ETSY INC,64.38,2342848,150832554.24,True,NOT_IN_UPLOAD__RUN_HISTORICAL_FILTER_BEFORE_FINAL_USE,False,consumer_internet_marketplaces,,
BCS,BARCLAYS PLC ADR,23.71,6329252,150066564.92,True,NOT_IN_UPLOAD__RUN_HISTORICAL_FILTER_BEFORE_FINAL_USE,False,banks_brokers_exchanges,,
CENX,CENTURY ALUM CO,58.91,2515036,148160770.76,True,NOT_IN_UPLOAD__RUN_HISTORICAL_FILTER_BEFORE_FINAL_USE,False,copper_metals,,
PCOR,PROCORE TECHNOLOGIES,53.28,2777717,147996761.76,True,NOT_IN_UPLOAD__RUN_HISTORICAL_FILTER_BEFORE_FINAL_USE,False,enterprise_software,,
REAL,THE REALREAL INC,10.26,14368566,147421487.16,True,NOT_IN_UPLOAD__RUN_HISTORICAL_FILTER_BEFORE_FINAL_USE,False,,,
MTCH,MATCH GROUP INC NEW,36.96,3970073,146733898.08,True,NOT_IN_UPLOAD__RUN_HISTORICAL_FILTER_BEFORE_FINAL_USE,False,,,
RUN,SUNRUN INC,14.61,10012896,146288410.56,True,NOT_IN_UPLOAD__RUN_HISTORICAL_FILTER_BEFORE_FINAL_USE,False,renewables_storage,,
FLS,FLOWSERVE CORP,71.13,2051331,145911174.03,True,NOT_IN_UPLOAD__RUN_HISTORICAL_FILTER_BEFORE_FINAL_USE,False,datacenter_infra,power_grid_electrification,
MGM,MGM RESORTS INTL,38.79,3754919,145653308.01,True,NOT_IN_UPLOAD__RUN_HISTORICAL_FILTER_BEFORE_FINAL_USE,False,,,
GME,GAMESTOP CORP NEW A,24.28,5957749,144654145.72,True,NOT_IN_UPLOAD__RUN_HISTORICAL_FILTER_BEFORE_FINAL_USE,True,retail_consumer,,
CAI,CARIS LIFE SCIENCES,16.15,8874447,143322319.05,True,NOT_IN_UPLOAD__RUN_HISTORICAL_FILTER_BEFORE_FINAL_USE,False,biotech_innovation,,
DOC,HEALTHPEAK PPTYS INC REIT,19.64,7229218,141981841.52,True,NOT_IN_UPLOAD__RUN_HISTORICAL_FILTER_BEFORE_FINAL_USE,False,real_estate_reits,biotech_innovation,
CALY,CALLAWAY GOLF CO,17.52,8090403,141743860.56,True,NOT_IN_UPLOAD__RUN_HISTORICAL_FILTER_BEFORE_FINAL_USE,False,,,
VVV,VALVOLINE INC,35.62,3957595,140969533.9,True,NOT_IN_UPLOAD__RUN_HISTORICAL_FILTER_BEFORE_FINAL_USE,False,,,
CHYM,CHIME FINL INC A,18.425,7570927,139494329.97,True,NOT_IN_UPLOAD__RUN_HISTORICAL_FILTER_BEFORE_FINAL_USE,False,,,
BBY,BEST BUY INC,59.4,2328388,138306247.2,True,NOT_IN_UPLOAD__RUN_HISTORICAL_FILTER_BEFORE_FINAL_USE,False,retail_consumer,,
ELF,E L F BEAUTY INC,60.86,2260790,137591679.4,True,NOT_IN_UPLOAD__RUN_HISTORICAL_FILTER_BEFORE_FINAL_USE,False,apparel_beauty_lifestyle,retail_consumer,
GLXY,GALAXY DIGITAL INC Class A,30.23,4549251,137523857.73,True,NOT_IN_UPLOAD__RUN_HISTORICAL_FILTER_BEFORE_FINAL_USE,False,crypto_infrastructure,enterprise_software,
ENPH,ENPHASE ENERGY INC,36.45,3710949,135264091.05,True,NOT_IN_UPLOAD__RUN_HISTORICAL_FILTER_BEFORE_FINAL_USE,True,renewables_storage,solar,energy
FIGS,FIGS INC A,11.63,11615450,135087683.5,True,NOT_IN_UPLOAD__RUN_HISTORICAL_FILTER_BEFORE_FINAL_USE,False,apparel_beauty_lifestyle,,
NVAX,NOVAVAX INC,10.11,13354044,135009384.84,True,NOT_IN_UPLOAD__RUN_HISTORICAL_FILTER_BEFORE_FINAL_USE,False,biotech_innovation,,
IVZ,INVESCO LTD,27.59,4883793,134743848.87,True,NOT_IN_UPLOAD__RUN_HISTORICAL_FILTER_BEFORE_FINAL_USE,False,asset_managers_alts,,
AMRZ,AMRIZE LTD,52.89,2544371,134571782.19,True,NOT_IN_UPLOAD__RUN_HISTORICAL_FILTER_BEFORE_FINAL_USE,False,,,
UPST,UPSTART HLDGS INC,28.96,4636212,134264699.52,True,NOT_IN_UPLOAD__RUN_HISTORICAL_FILTER_BEFORE_FINAL_USE,False,fintech_payments,,
CRML,CRITICAL METALS CORP,12.53,10623921,133117730.13,True,NOT_IN_UPLOAD__RUN_HISTORICAL_FILTER_BEFORE_FINAL_USE,False,rare_earth_critical_minerals,copper_metals,
QS,QUANTUMSCAPE CORP A,7.54,17595289,132668479.06,True,NOT_IN_UPLOAD__RUN_HISTORICAL_FILTER_BEFORE_FINAL_USE,False,renewables_storage,lithium_battery_materials,
ESI,ELEMENT SOLUTIONS IN,43.9,3005174,131927138.6,True,NOT_IN_UPLOAD__RUN_HISTORICAL_FILTER_BEFORE_FINAL_USE,False,,,
FCEL,FUELCELL ENERGY INC,13.7,9610582,131664973.4,True,NOT_IN_UPLOAD__RUN_HISTORICAL_FILTER_BEFORE_FINAL_USE,False,power_grid_electrification,utilities_yield,renewables_storage
KNX,KNIGHT-SWIFT TRANSN Class A,64.05,2020120,129388686.0,True,NOT_IN_UPLOAD__RUN_HISTORICAL_FILTER_BEFORE_FINAL_USE,False,transport_logistics,,
COO,COOPER COS INC,60.0,2151019,129061140.0,True,NOT_IN_UPLOAD__RUN_HISTORICAL_FILTER_BEFORE_FINAL_USE,False,medtech_devices,,
BKSY,BLACKSKY TECHNOLOGY,39.45,3265936,128841175.2,True,NOT_IN_UPLOAD__RUN_HISTORICAL_FILTER_BEFORE_FINAL_USE,False,space_satellites,,
AAP,ADVANCE AUTO PTS INC,56.15,2257906,126781421.9,True,NOT_IN_UPLOAD__RUN_HISTORICAL_FILTER_BEFORE_FINAL_USE,False,retail_consumer,,
GTM,ZOOMINFO TECHNOLOGIE,6.38,19864131,126733155.78,True,NOT_IN_UPLOAD__RUN_HISTORICAL_FILTER_BEFORE_FINAL_USE,False,enterprise_software,ai_apps_agents,
AVTR,AVANTOR INC,8.31,14978176,124468642.56,True,NOT_IN_UPLOAD__RUN_HISTORICAL_FILTER_BEFORE_FINAL_USE,False,,,
ALGM,ALLEGRO MICROSYSTEMS,48.95,2540502,124357572.9,True,NOT_IN_UPLOAD__RUN_HISTORICAL_FILTER_BEFORE_FINAL_USE,False,semis_compute,,
WRBY,WARBY PARKER INC A,29.55,4177510,123445420.5,True,NOT_IN_UPLOAD__RUN_HISTORICAL_FILTER_BEFORE_FINAL_USE,False,apparel_beauty_lifestyle,,
GTX,GARRETT MOTION INC,29.0,4243061,123048769.0,True,NOT_IN_UPLOAD__RUN_HISTORICAL_FILTER_BEFORE_FINAL_USE,False,,,
QUBT,QUANTUM COMPUTING IN,9.6,12800958,122889196.8,True,NOT_IN_UPLOAD__RUN_HISTORICAL_FILTER_BEFORE_FINAL_USE,False,quantum_computing,,
ADT,ADT INC DEL,6.87,17692984,121550800.08,True,NOT_IN_UPLOAD__RUN_HISTORICAL_FILTER_BEFORE_FINAL_USE,False,,,
IOT,SAMSARA INC A,29.74,4048847,120412709.78,True,NOT_IN_UPLOAD__RUN_HISTORICAL_FILTER_BEFORE_FINAL_USE,False,enterprise_software,ai_apps_agents,
BBWI,BATH & BODY WKS INC,19.73,6045584,119279372.32,True,NOT_IN_UPLOAD__RUN_HISTORICAL_FILTER_BEFORE_FINAL_USE,False,apparel_beauty_lifestyle,,
DOCU,DOCUSIGN INC,47.9,2475961,118598531.9,True,NOT_IN_UPLOAD__RUN_HISTORICAL_FILTER_BEFORE_FINAL_USE,False,enterprise_software,workflow_software,business_apps
CLF,CLEVELAND-CLIFFS INC,11.02,10755144,118521686.88,True,NOT_IN_UPLOAD__RUN_HISTORICAL_FILTER_BEFORE_FINAL_USE,True,copper_metals,,
NVST,ENVISTA HLDGS CORP,24.24,4873871,118142633.04,True,NOT_IN_UPLOAD__RUN_HISTORICAL_FILTER_BEFORE_FINAL_USE,False,medtech_devices,,
AS,AMER SPORTS INC,36.03,3241042,116774743.26,True,NOT_IN_UPLOAD__RUN_HISTORICAL_FILTER_BEFORE_FINAL_USE,False,,,
TNDM,TANDEM DIABETES CARE,15.48,7532578,116604307.44,True,NOT_IN_UPLOAD__RUN_HISTORICAL_FILTER_BEFORE_FINAL_USE,False,medtech_devices,,
EQX,EQUINOX GOLD CORP,14.29,8072287,115352981.23,True,NOT_IN_UPLOAD__RUN_HISTORICAL_FILTER_BEFORE_FINAL_USE,False,copper_metals,,
COLD,AMERICOLD RLTY TR IN,14.84,7772468,115343425.12,True,NOT_IN_UPLOAD__RUN_HISTORICAL_FILTER_BEFORE_FINAL_USE,False,real_estate_reits,,
KMT,KENNAMETAL INC,36.1,3190240,115167664.0,True,NOT_IN_UPLOAD__RUN_HISTORICAL_FILTER_BEFORE_FINAL_USE,False,,,
CSIQ,CANADIAN SOLAR INC,20.06,5713701,114616842.06,True,NOT_IN_UPLOAD__RUN_HISTORICAL_FILTER_BEFORE_FINAL_USE,False,renewables_storage,,
FPS,FORGENT PWR SOLUTION A,40.38,2817844,113784540.72,True,NOT_IN_UPLOAD__RUN_HISTORICAL_FILTER_BEFORE_FINAL_USE,False,,,
GPGI,GPGI INC A,13.88,8129580,112838570.4,True,NOT_IN_UPLOAD__RUN_HISTORICAL_FILTER_BEFORE_FINAL_USE,False,,,
ZETA,ZETA GLOBAL HLDGS CO Class A,17.14,6574629,112689141.06,True,NOT_IN_UPLOAD__RUN_HISTORICAL_FILTER_BEFORE_FINAL_USE,True,ai_apps_agents,,
TE,T1 ENERGY INC,6.16,18277893,112591820.88,True,NOT_IN_UPLOAD__RUN_HISTORICAL_FILTER_BEFORE_FINAL_USE,False,renewables_storage,,
NIO,NIO INC A ADR,5.85,18960269,110917573.65,True,NOT_IN_UPLOAD__RUN_HISTORICAL_FILTER_BEFORE_FINAL_USE,False,china_internet,,
LBRT,LIBERTY ENERGY INC A A,33.11,3310367,109606251.37,True,NOT_IN_UPLOAD__RUN_HISTORICAL_FILTER_BEFORE_FINAL_USE,False,oil_services,renewables_storage,
EXK,ENDEAVOUR SILVER COR,10.03,10915457,109482033.71,True,NOT_IN_UPLOAD__RUN_HISTORICAL_FILTER_BEFORE_FINAL_USE,False,gold_silver_miners,copper_metals,
UEC,URANIUM ENERGY CORP,15.16,7211469,109325870.04,True,NOT_IN_UPLOAD__RUN_HISTORICAL_FILTER_BEFORE_FINAL_USE,True,nuclear_uranium,uranium,nuclear
DGXX,DIGI PWR X INC,6.63,16461211,109137828.93,True,NOT_IN_UPLOAD__RUN_HISTORICAL_FILTER_BEFORE_FINAL_USE,False,,,
COMP,COMPASS INC Class A,8.72,12279795,107079812.4,True,NOT_IN_UPLOAD__RUN_HISTORICAL_FILTER_BEFORE_FINAL_USE,False,consumer_internet_marketplaces,,
JEF,JEFFERIES FINL GROUP,52.98,2014447,106725402.06,True,NOT_IN_UPLOAD__RUN_HISTORICAL_FILTER_BEFORE_FINAL_USE,False,banks_brokers_exchanges,,
WY,WEYERHAEUSER CO REIT,23.53,4468104,105134487.12,True,NOT_IN_UPLOAD__RUN_HISTORICAL_FILTER_BEFORE_FINAL_USE,False,real_estate_reits,,
JBLU,JETBLUE AWYS CORP EQ Equity,5.11,20516808,104840888.88,True,NOT_IN_UPLOAD__RUN_HISTORICAL_FILTER_BEFORE_FINAL_USE,False,transport_logistics,airlines_travel,
TXG,10X GENOMICS INC Class A,21.6,4831625,104363100.0,True,NOT_IN_UPLOAD__RUN_HISTORICAL_FILTER_BEFORE_FINAL_USE,False,diagnostics_tools,,
APG,API GROUP CORP,44.04,2362206,104031552.24,True,NOT_IN_UPLOAD__RUN_HISTORICAL_FILTER_BEFORE_FINAL_USE,False,datacenter_infra,power_grid_electrification,
ARE,ALEXANDRIA REAL ESTA REIT,46.26,2226044,102976795.44,True,NOT_IN_UPLOAD__RUN_HISTORICAL_FILTER_BEFORE_FINAL_USE,False,real_estate_reits,,
LUMN,LUMEN TECHNOLOGIES I,8.48,12074833,102394583.84,True,NOT_IN_UPLOAD__RUN_HISTORICAL_FILTER_BEFORE_FINAL_USE,False,,,
TREX,TREX CO INC,40.2,2546755,102379551.0,True,NOT_IN_UPLOAD__RUN_HISTORICAL_FILTER_BEFORE_FINAL_USE,False,construction_infrastructure,homebuilders_housing,
COLB,COLUMBIA BKG SYS INC,30.04,3398957,102104668.28,True,NOT_IN_UPLOAD__RUN_HISTORICAL_FILTER_BEFORE_FINAL_USE,False,banks_brokers_exchanges,,
INDV,INDIVIOR PHARMACEUTI,39.5,2480135,97965332.5,True,NOT_IN_UPLOAD__RUN_HISTORICAL_FILTER_BEFORE_FINAL_USE,False,biotech_innovation,,
HBM,HUDBAY MINERALS INC,25.02,3890298,97335255.96,True,NOT_IN_UPLOAD__RUN_HISTORICAL_FILTER_BEFORE_FINAL_USE,False,copper_metals,rare_earth_critical_minerals,
LNC,LINCOLN NATL CORP IN,35.8,2717741,97295127.8,True,NOT_IN_UPLOAD__RUN_HISTORICAL_FILTER_BEFORE_FINAL_USE,False,,,
ALM,ALMONTY INDS INC,19.68,4940441,97227878.88,True,NOT_IN_UPLOAD__RUN_HISTORICAL_FILTER_BEFORE_FINAL_USE,False,,,
OUST,OUSTER INC A,25.2,3848682,96986786.4,True,NOT_IN_UPLOAD__RUN_HISTORICAL_FILTER_BEFORE_FINAL_USE,False,robotics,small_cap_momentum,
TVTX,TRAVERE THERAPEUTICS,42.6,2266025,96532665.0,True,NOT_IN_UPLOAD__RUN_HISTORICAL_FILTER_BEFORE_FINAL_USE,False,biotech_innovation,,
FIGR,FIGURE TECHNOLOGY SO Class A,37.63,2564847,96515192.61,True,NOT_IN_UPLOAD__RUN_HISTORICAL_FILTER_BEFORE_FINAL_USE,False,,,
PTON,PELOTON INTERACTIVE Class A,5.69,16939536,96385959.84,True,NOT_IN_UPLOAD__RUN_HISTORICAL_FILTER_BEFORE_FINAL_USE,False,,,
NTSK,NETSKOPE INC A,11.62,8091067,94018198.54,True,NOT_IN_UPLOAD__RUN_HISTORICAL_FILTER_BEFORE_FINAL_USE,False,enterprise_software,ai_apps_agents,cybersecurity
KMX,CARMAX INC,40.34,2315019,93387866.46,True,NOT_IN_UPLOAD__RUN_HISTORICAL_FILTER_BEFORE_FINAL_USE,False,retail_consumer,,
BEAM,BEAM THERAPEUTICS IN,32.32,2853187,92215003.84,True,NOT_IN_UPLOAD__RUN_HISTORICAL_FILTER_BEFORE_FINAL_USE,False,biotech_innovation,,
BEN,FRANKLIN RES INC,31.05,2965220,92070081.0,True,NOT_IN_UPLOAD__RUN_HISTORICAL_FILTER_BEFORE_FINAL_USE,False,asset_managers_alts,,
PGY,PAGAYA TECHNOLOGIES A,15.19,6044598,91817443.62,True,NOT_IN_UPLOAD__RUN_HISTORICAL_FILTER_BEFORE_FINAL_USE,False,,,
YPF,YPF SOCIEDAD ANONIMA Class D ADR,42.37,2148460,91030250.2,True,NOT_IN_UPLOAD__RUN_HISTORICAL_FILTER_BEFORE_FINAL_USE,False,oil_gas,,
STLA,STELLANTIS N V,7.74,11751906,90959752.44,True,NOT_IN_UPLOAD__RUN_HISTORICAL_FILTER_BEFORE_FINAL_USE,False,,,
IAG,IAMGOLD CORP,18.7,4852850,90748295.0,True,NOT_IN_UPLOAD__RUN_HISTORICAL_FILTER_BEFORE_FINAL_USE,False,gold_silver_miners,copper_metals,
PSKY,PARAMOUNT SKYDANCE C Class B,11.09,8164928,90549051.52,True,NOT_IN_UPLOAD__RUN_HISTORICAL_FILTER_BEFORE_FINAL_USE,False,,,
ALK,ALASKA AIR GROUP INC,40.84,2207006,90134125.04,True,NOT_IN_UPLOAD__RUN_HISTORICAL_FILTER_BEFORE_FINAL_USE,False,transport_logistics,airlines_travel,
BSY,BENTLEY SYS INC Class B,32.76,2714288,88920074.88,True,NOT_IN_UPLOAD__RUN_HISTORICAL_FILTER_BEFORE_FINAL_USE,False,enterprise_software,,
HOG,HARLEY DAVIDSON INC,25.42,3471613,88248402.46,True,NOT_IN_UPLOAD__RUN_HISTORICAL_FILTER_BEFORE_FINAL_USE,False,,,
VFC,V F CORP,18.98,4617365,87637587.7,True,NOT_IN_UPLOAD__RUN_HISTORICAL_FILTER_BEFORE_FINAL_USE,False,apparel_beauty_lifestyle,,
TTEK,TETRA TECH INC NEW,30.29,2854736,86469953.44,True,NOT_IN_UPLOAD__RUN_HISTORICAL_FILTER_BEFORE_FINAL_USE,False,datacenter_infra,power_grid_electrification,
ABR,ARBOR RLTY TR INC REIT,7.21,11954112,86189147.52,True,NOT_IN_UPLOAD__RUN_HISTORICAL_FILTER_BEFORE_FINAL_USE,False,banks_brokers_exchanges,real_estate_reits,
PRKS,UNITED PARKS AND RES,39.22,2195033,86089194.26,True,NOT_IN_UPLOAD__RUN_HISTORICAL_FILTER_BEFORE_FINAL_USE,False,,,
WGS,GENEDX HLDGS CORP A,40.77,2106088,85865207.76,True,NOT_IN_UPLOAD__RUN_HISTORICAL_FILTER_BEFORE_FINAL_USE,False,biotech_innovation,diagnostics_tools,
CTRI,CENTURI HLDGS INC EQ Equity,34.53,2454676,84759962.28,True,NOT_IN_UPLOAD__RUN_HISTORICAL_FILTER_BEFORE_FINAL_USE,False,,,
SATL,SATELLOGIC INC A,7.57,11187629,84690351.53,True,NOT_IN_UPLOAD__RUN_HISTORICAL_FILTER_BEFORE_FINAL_USE,False,space_satellites,,
KOPN,KOPIN CORP,5.41,15306966,82810686.06,True,NOT_IN_UPLOAD__RUN_HISTORICAL_FILTER_BEFORE_FINAL_USE,False,space_satellites,,
NTLA,INTELLIA THERAPEUTIC,14.09,5804319,81782854.71,True,NOT_IN_UPLOAD__RUN_HISTORICAL_FILTER_BEFORE_FINAL_USE,False,biotech_innovation,biotech,small_cap_momentum
MGY,MAGNOLIA OIL & GAS C A,27.8,2930531,81468761.8,True,NOT_IN_UPLOAD__RUN_HISTORICAL_FILTER_BEFORE_FINAL_USE,False,oil_gas,,
BTDR,BITDEER TECHNOLOGIES Class A,13.47,5939353,80003084.91,True,NOT_IN_UPLOAD__RUN_HISTORICAL_FILTER_BEFORE_FINAL_USE,False,cloud_neocloud,crypto_infrastructure,
VISN,VISTANCE NETWORKS IN,11.72,6815153,79873593.16,True,NOT_IN_UPLOAD__RUN_HISTORICAL_FILTER_BEFORE_FINAL_USE,False,semis_compute,,
HMY,HARMONY GOLD MNG LTD ADR,17.79,4385502,78018080.58,True,NOT_IN_UPLOAD__RUN_HISTORICAL_FILTER_BEFORE_FINAL_USE,False,gold_silver_miners,copper_metals,
XP,XP INC. A Class A,19.17,4046114,77564005.38,True,NOT_IN_UPLOAD__RUN_HISTORICAL_FILTER_BEFORE_FINAL_USE,False,,,
OUT,OUTFRONT MEDIA INC,33.9,2272203,77027681.7,True,NOT_IN_UPLOAD__RUN_HISTORICAL_FILTER_BEFORE_FINAL_USE,False,real_estate_reits,,
OLN,OLIN CORP,26.84,2869517,77017836.28,True,NOT_IN_UPLOAD__RUN_HISTORICAL_FILTER_BEFORE_FINAL_USE,False,industrial_automation,,
CRGY,CRESCENT ENERGY CO A,12.4,6209943,77003293.2,True,NOT_IN_UPLOAD__RUN_HISTORICAL_FILTER_BEFORE_FINAL_USE,False,oil_gas,renewables_storage,
SIRI,SIRIUSXM HLDGS INC E Equity,27.1,2825400,76568340.0,True,NOT_IN_UPLOAD__RUN_HISTORICAL_FILTER_BEFORE_FINAL_USE,False,,,
RXO,RXO INC,21.75,3505350,76241362.5,True,NOT_IN_UPLOAD__RUN_HISTORICAL_FILTER_BEFORE_FINAL_USE,False,,,
SHLS,SHOALS TECHNOLOGIES A,8.84,8526551,75374710.84,True,NOT_IN_UPLOAD__RUN_HISTORICAL_FILTER_BEFORE_FINAL_USE,False,renewables_storage,,
JHX,JAMES HARDIE INDS PL,20.98,3572548,74952057.04,True,NOT_IN_UPLOAD__RUN_HISTORICAL_FILTER_BEFORE_FINAL_USE,False,construction_infrastructure,homebuilders_housing,
AVPT,AVEPOINT INC A,11.4,6561737,74803801.8,True,NOT_IN_UPLOAD__RUN_HISTORICAL_FILTER_BEFORE_FINAL_USE,False,enterprise_software,,
M,MACYS INC,19.48,3806807,74156600.36,True,NOT_IN_UPLOAD__RUN_HISTORICAL_FILTER_BEFORE_FINAL_USE,False,retail_consumer,,
AROC,ARCHROCK INC,36.96,2006103,74145566.88,True,NOT_IN_UPLOAD__RUN_HISTORICAL_FILTER_BEFORE_FINAL_USE,False,oil_services,,
XRAY,DENTSPLY SIRONA INC,11.0,6637841,73016251.0,True,NOT_IN_UPLOAD__RUN_HISTORICAL_FILTER_BEFORE_FINAL_USE,False,medtech_devices,,
NAVN,NAVAN INC A,18.68,3876064,72404875.52,True,NOT_IN_UPLOAD__RUN_HISTORICAL_FILTER_BEFORE_FINAL_USE,False,,,
CX,CEMEX S A B DE C V ADR,13.11,5451399,71467840.89,True,NOT_IN_UPLOAD__RUN_HISTORICAL_FILTER_BEFORE_FINAL_USE,False,,,
DCH,DAUCH CORP,6.64,10758397,71435756.08,True,NOT_IN_UPLOAD__RUN_HISTORICAL_FILTER_BEFORE_FINAL_USE,False,,,
DB,DEUTSCHE BANK AG Class N,32.07,2221877,71255595.39,True,NOT_IN_UPLOAD__RUN_HISTORICAL_FILTER_BEFORE_FINAL_USE,False,banks_brokers_exchanges,,
INFQ,INFLEQTION INC A,12.12,5864090,71072770.8,True,NOT_IN_UPLOAD__RUN_HISTORICAL_FILTER_BEFORE_FINAL_USE,False,,,
ALHC,ALIGNMENT HEALTHCARE,17.93,3870062,69390211.66,True,NOT_IN_UPLOAD__RUN_HISTORICAL_FILTER_BEFORE_FINAL_USE,False,managed_care_insurance,biotech_innovation,
XPEV,XPENG INC ADR ADR,15.62,4292403,67047334.86,True,NOT_IN_UPLOAD__RUN_HISTORICAL_FILTER_BEFORE_FINAL_USE,False,china_internet,,
CC,CHEMOURS CO,23.04,2888716,66556016.64,True,NOT_IN_UPLOAD__RUN_HISTORICAL_FILTER_BEFORE_FINAL_USE,False,,,
LPTH,LIGHTPATH TECHNOLOGI Class A,11.51,5775916,66480793.16,True,NOT_IN_UPLOAD__RUN_HISTORICAL_FILTER_BEFORE_FINAL_USE,False,space_satellites,,
GLBE,GLOBAL-E ONLINE LTD,29.8,2220557,66172598.6,True,NOT_IN_UPLOAD__RUN_HISTORICAL_FILTER_BEFORE_FINAL_USE,False,consumer_internet_marketplaces,enterprise_software,
SG,SWEETGREEN INC A,7.0,9354900,65484300.0,True,NOT_IN_UPLOAD__RUN_HISTORICAL_FILTER_BEFORE_FINAL_USE,False,restaurants_food,obesity_glp1_health,
PRM,PERIMETER SOLUTIONS,31.77,2054699,65277787.23,True,NOT_IN_UPLOAD__RUN_HISTORICAL_FILTER_BEFORE_FINAL_USE,False,,,
FIVN,FIVE9 INC,22.1,2942373,65026443.3,True,NOT_IN_UPLOAD__RUN_HISTORICAL_FILTER_BEFORE_FINAL_USE,False,,,
KD,KYNDRYL HLDGS INC,12.26,5301625,64997922.5,True,NOT_IN_UPLOAD__RUN_HISTORICAL_FILTER_BEFORE_FINAL_USE,False,,,
KLAR,KLARNA GROUP PLC,14.5,4470988,64829326.0,True,NOT_IN_UPLOAD__RUN_HISTORICAL_FILTER_BEFORE_FINAL_USE,False,,,
FSM,FORTUNA MNG CORP,10.76,5995232,64508696.32,True,NOT_IN_UPLOAD__RUN_HISTORICAL_FILTER_BEFORE_FINAL_USE,False,gold_silver_miners,,
VLY,VALLEY NATL BANCORP,13.41,4772844,64003838.04,True,NOT_IN_UPLOAD__RUN_HISTORICAL_FILTER_BEFORE_FINAL_USE,False,banks_brokers_exchanges,,
FSK,FS KKR CAPITAL CORP,10.84,5875663,63692186.92,True,NOT_IN_UPLOAD__RUN_HISTORICAL_FILTER_BEFORE_FINAL_USE,False,banks_brokers_exchanges,,
NNE,NANO NUCLEAR ENERGY Equity,27.45,2279145,62562530.25,True,NOT_IN_UPLOAD__RUN_HISTORICAL_FILTER_BEFORE_FINAL_USE,True,nuclear_uranium,nuclear,energy
NXE,NEXGEN ENERGY LTD,12.14,5135858,62349316.12,True,NOT_IN_UPLOAD__RUN_HISTORICAL_FILTER_BEFORE_FINAL_USE,False,nuclear_uranium,uranium,nuclear
KDK,KODIAK AI INC,7.245,8579365,62157499.43,True,NOT_IN_UPLOAD__RUN_HISTORICAL_FILTER_BEFORE_FINAL_USE,False,,,
LAC,LITHIUM AMERS CORP,5.57,11117826,61926290.82,True,NOT_IN_UPLOAD__RUN_HISTORICAL_FILTER_BEFORE_FINAL_USE,False,lithium_battery_materials,rare_earth_critical_minerals,renewables_storage
MGNI,MAGNITE INC,14.13,4312973,60942308.49,True,NOT_IN_UPLOAD__RUN_HISTORICAL_FILTER_BEFORE_FINAL_USE,False,digital_ads_media,,
VOYG,VOYAGER TECHNOLOGIES A,29.74,2040832,60694343.68,True,NOT_IN_UPLOAD__RUN_HISTORICAL_FILTER_BEFORE_FINAL_USE,False,crypto_infrastructure,,
MIR,MIRION TECHNOLOGIES Class A,18.99,3114332,59141164.68,True,NOT_IN_UPLOAD__RUN_HISTORICAL_FILTER_BEFORE_FINAL_USE,False,,,
ERIC,ERICSSON B ADR,11.88,4866249,57811038.12,True,NOT_IN_UPLOAD__RUN_HISTORICAL_FILTER_BEFORE_FINAL_USE,False,networking_optical,,
BGC,BGC GROUP INC Class A,11.39,5065536,57696455.04,True,NOT_IN_UPLOAD__RUN_HISTORICAL_FILTER_BEFORE_FINAL_USE,False,,,
EXTR,EXTREME NETWORKS INC,24.04,2397562,57637390.48,True,NOT_IN_UPLOAD__RUN_HISTORICAL_FILTER_BEFORE_FINAL_USE,False,networking_optical,semis_compute,
FLG,FLAGSTAR BANK Ntnl A,14.28,4025891,57489723.48,True,NOT_IN_UPLOAD__RUN_HISTORICAL_FILTER_BEFORE_FINAL_USE,False,banks_brokers_exchanges,,
ARQT,ARCUTIS BIOTHERAPEUT,21.17,2715306,57483028.02,True,NOT_IN_UPLOAD__RUN_HISTORICAL_FILTER_BEFORE_FINAL_USE,False,biotech_innovation,,
BULL,WEBULL CORP Class A,7.03,8139970,57223989.1,True,NOT_IN_UPLOAD__RUN_HISTORICAL_FILTER_BEFORE_FINAL_USE,False,crypto_infrastructure,,
ABCL,ABCELLERA BIOLOGICS,5.24,10843234,56818546.16,True,NOT_IN_UPLOAD__RUN_HISTORICAL_FILTER_BEFORE_FINAL_USE,False,biotech_innovation,,
UMAC,UNUSUAL MACHS INC NE Equity,13.42,4231866,56791641.72,True,NOT_IN_UPLOAD__RUN_HISTORICAL_FILTER_BEFORE_FINAL_USE,False,drones_autonomy,space_satellites,
KSS,KOHLS CORP,14.5,3830114,55536653.0,True,NOT_IN_UPLOAD__RUN_HISTORICAL_FILTER_BEFORE_FINAL_USE,False,retail_consumer,,
AESI,ATLAS ENERGY SOLUTIO,18.71,2962420,55426878.2,True,NOT_IN_UPLOAD__RUN_HISTORICAL_FILTER_BEFORE_FINAL_USE,False,oil_services,renewables_storage,
RUM,RUMBLE INC A,8.32,6614497,55032615.04,True,NOT_IN_UPLOAD__RUN_HISTORICAL_FILTER_BEFORE_FINAL_USE,False,digital_ads_media,,
BLMN,BLOOMIN BRANDS INC,8.12,6772604,54993544.48,True,NOT_IN_UPLOAD__RUN_HISTORICAL_FILTER_BEFORE_FINAL_USE,False,restaurants_food,retail_consumer,
GT,GOODYEAR TIRE & RUBR,6.505,8333648,54210380.24,True,NOT_IN_UPLOAD__RUN_HISTORICAL_FILTER_BEFORE_FINAL_USE,False,,,
DOCS,DOXIMITY INC Class A,25.98,2075585,53923698.3,True,NOT_IN_UPLOAD__RUN_HISTORICAL_FILTER_BEFORE_FINAL_USE,False,,,
PK,PARK HOTELS & RESORT REIT,11.32,4756840,53847428.8,True,NOT_IN_UPLOAD__RUN_HISTORICAL_FILTER_BEFORE_FINAL_USE,False,airlines_travel,real_estate_reits,
NWG,NATWEST GROUP PLC ADR,15.83,3365678,53278682.74,True,NOT_IN_UPLOAD__RUN_HISTORICAL_FILTER_BEFORE_FINAL_USE,False,banks_brokers_exchanges,,
STNE,STONECO LTD A,10.77,4744210,51095141.7,True,NOT_IN_UPLOAD__RUN_HISTORICAL_FILTER_BEFORE_FINAL_USE,True,fintech_payments,,
PONY,PONY AI INC ADR,9.29,5486784,50972223.36,True,NOT_IN_UPLOAD__RUN_HISTORICAL_FILTER_BEFORE_FINAL_USE,False,,,
AMTM,AMENTUM HLDGS INC EQ,24.53,2029504,49783733.12,True,NOT_IN_UPLOAD__RUN_HISTORICAL_FILTER_BEFORE_FINAL_USE,False,,,
ASAN,ASANA INC Class A,6.63,7506040,49765045.2,True,NOT_IN_UPLOAD__RUN_HISTORICAL_FILTER_BEFORE_FINAL_USE,False,enterprise_software,,
SERV,SERVE ROBOTICS INC,8.77,5585249,48982633.73,True,NOT_IN_UPLOAD__RUN_HISTORICAL_FILTER_BEFORE_FINAL_USE,False,defense_aerospace,,
DFTX,DEFINIUM THERAPEUTIC,22.05,2208807,48704194.35,True,NOT_IN_UPLOAD__RUN_HISTORICAL_FILTER_BEFORE_FINAL_USE,False,biotech_innovation,,
PBI,PITNEY BOWES INC,15.7,3086036,48450765.2,True,NOT_IN_UPLOAD__RUN_HISTORICAL_FILTER_BEFORE_FINAL_USE,False,,,
HAYW,HAYWARD HLDGS INC,14.58,3319103,48392521.74,True,NOT_IN_UPLOAD__RUN_HISTORICAL_FILTER_BEFORE_FINAL_USE,False,construction_infrastructure,homebuilders_housing,
PCT,PURECYCLE TECHNOLOGI Equity,9.53,5058520,48207695.6,True,NOT_IN_UPLOAD__RUN_HISTORICAL_FILTER_BEFORE_FINAL_USE,False,,,
BILI,BILIBILI INC ADR,22.06,2179721,48084645.26,True,NOT_IN_UPLOAD__RUN_HISTORICAL_FILTER_BEFORE_FINAL_USE,False,consumer_internet_marketplaces,gaming_sports_betting,china_internet
OMDA,OMADA HEALTH INC,14.82,3233551,47921225.82,True,NOT_IN_UPLOAD__RUN_HISTORICAL_FILTER_BEFORE_FINAL_USE,False,obesity_glp1_health,biotech_innovation,
TDOC,TELADOC HEALTH INC,7.25,6501300,47134425.0,True,NOT_IN_UPLOAD__RUN_HISTORICAL_FILTER_BEFORE_FINAL_USE,False,biotech_innovation,,
UAA,UNDER ARMOUR INC Class A,6.43,7103145,45673222.35,True,NOT_IN_UPLOAD__RUN_HISTORICAL_FILTER_BEFORE_FINAL_USE,False,apparel_beauty_lifestyle,,
SBET,SHARPLINK INC,7.44,6089707,45307420.08,True,NOT_IN_UPLOAD__RUN_HISTORICAL_FILTER_BEFORE_FINAL_USE,False,crypto_infrastructure,,
PURR,HYPERLIQUID STRATEGI,6.71,6676069,44796422.99,True,NOT_IN_UPLOAD__RUN_HISTORICAL_FILTER_BEFORE_FINAL_USE,False,crypto_infrastructure,,
DJT,TRUMP MEDIA & TECHNO,8.93,4960996,44301694.28,True,NOT_IN_UPLOAD__RUN_HISTORICAL_FILTER_BEFORE_FINAL_USE,False,,,
ARRY,ARRAY TECHNOLOGIES I,8.57,5111872,43808743.04,True,NOT_IN_UPLOAD__RUN_HISTORICAL_FILTER_BEFORE_FINAL_USE,False,renewables_storage,,
GPRE,GREEN PLAINS INC,18.19,2407804,43797954.76,True,NOT_IN_UPLOAD__RUN_HISTORICAL_FILTER_BEFORE_FINAL_USE,False,,,
TGB,TASEKO MINES LTD,7.49,5823416,43617385.84,True,NOT_IN_UPLOAD__RUN_HISTORICAL_FILTER_BEFORE_FINAL_USE,False,copper_metals,,
ABSI,ABSCI CORP,5.9,7341561,43315209.9,True,NOT_IN_UPLOAD__RUN_HISTORICAL_FILTER_BEFORE_FINAL_USE,False,biotech_innovation,,
PAYO,PAYONEER GLOBAL INC,5.16,8387927,43281703.32,True,NOT_IN_UPLOAD__RUN_HISTORICAL_FILTER_BEFORE_FINAL_USE,False,fintech_payments,,
SVM,SILVERCORP METALS IN,13.5,3202618,43235343.0,True,NOT_IN_UPLOAD__RUN_HISTORICAL_FILTER_BEFORE_FINAL_USE,False,gold_silver_miners,rare_earth_critical_minerals,copper_metals
AEO,AMERICAN EAGLE OUTFI,16.68,2572318,42906264.24,True,NOT_IN_UPLOAD__RUN_HISTORICAL_FILTER_BEFORE_FINAL_USE,False,apparel_beauty_lifestyle,,
AI,C3 AI INC A,9.87,4339053,42826453.11,True,NOT_IN_UPLOAD__RUN_HISTORICAL_FILTER_BEFORE_FINAL_USE,True,ai_apps_agents,ai_apps,business_apps
SAIL,SAILPOINT INC,12.23,3478518,42542275.14,True,NOT_IN_UPLOAD__RUN_HISTORICAL_FILTER_BEFORE_FINAL_USE,False,enterprise_software,ai_apps_agents,cybersecurity
IE,IVANHOE ELEC INC,13.9,3053836,42448320.4,True,NOT_IN_UPLOAD__RUN_HISTORICAL_FILTER_BEFORE_FINAL_USE,False,,,
WT,WISDOMTREE INC,19.1,2182509,41685921.9,True,NOT_IN_UPLOAD__RUN_HISTORICAL_FILTER_BEFORE_FINAL_USE,False,,,
CPRI,CAPRI HLDGS LTD,18.53,2238072,41471474.16,True,NOT_IN_UPLOAD__RUN_HISTORICAL_FILTER_BEFORE_FINAL_USE,False,apparel_beauty_lifestyle,,
HTZ,HERTZ GLOBAL HLDGS I,6.05,6854776,41471394.8,True,NOT_IN_UPLOAD__RUN_HISTORICAL_FILTER_BEFORE_FINAL_USE,False,transport_logistics,airlines_travel,
LION,LIONSGATE STUDIOS CO,12.24,3261113,39916023.12,True,NOT_IN_UPLOAD__RUN_HISTORICAL_FILTER_BEFORE_FINAL_USE,False,,,
FRMI,FERMI INC,5.23,7465721,39045720.83,True,NOT_IN_UPLOAD__RUN_HISTORICAL_FILTER_BEFORE_FINAL_USE,False,,,
ASST,STRIVE INC,15.92,2442596,38886128.32,True,NOT_IN_UPLOAD__RUN_HISTORICAL_FILTER_BEFORE_FINAL_USE,False,,,
DEI,DOUGLAS EMMETT INC REIT,12.37,3139844,38839870.28,True,NOT_IN_UPLOAD__RUN_HISTORICAL_FILTER_BEFORE_FINAL_USE,False,real_estate_reits,,
SGHC,SUPER GROUP SGHC LTD,13.08,2935665,38398498.2,True,NOT_IN_UPLOAD__RUN_HISTORICAL_FILTER_BEFORE_FINAL_USE,False,gaming_sports_betting,,
ATEC,ALPHATEC HLDGS INC,7.52,5095611,38318994.72,True,NOT_IN_UPLOAD__RUN_HISTORICAL_FILTER_BEFORE_FINAL_USE,False,medtech_devices,,
COUR,COURSERA INC,5.78,6623724,38285124.72,True,NOT_IN_UPLOAD__RUN_HISTORICAL_FILTER_BEFORE_FINAL_USE,False,enterprise_software,,
FLYW,FLYWIRE CORP,17.23,2218443,38223772.89,True,NOT_IN_UPLOAD__RUN_HISTORICAL_FILTER_BEFORE_FINAL_USE,False,fintech_payments,,
LAR,LITHIUM ARGENTINA AG,11.68,3184178,37191199.04,True,NOT_IN_UPLOAD__RUN_HISTORICAL_FILTER_BEFORE_FINAL_USE,False,lithium_battery_materials,rare_earth_critical_minerals,renewables_storage
BW,BABCOCK & WILCOX ENT,14.54,2546058,37019683.32,True,NOT_IN_UPLOAD__RUN_HISTORICAL_FILTER_BEFORE_FINAL_USE,False,nuclear_uranium,,
TRIP,TRIPADVISOR INC,10.45,3530537,36894111.65,True,NOT_IN_UPLOAD__RUN_HISTORICAL_FILTER_BEFORE_FINAL_USE,False,airlines_travel,,
PENN,PENN ENTMT INC,16.74,2200232,36831883.68,True,NOT_IN_UPLOAD__RUN_HISTORICAL_FILTER_BEFORE_FINAL_USE,False,,,
MBLY,MOBILEYE GLOBAL INC Class A,9.19,3966148,36448900.12,True,NOT_IN_UPLOAD__RUN_HISTORICAL_FILTER_BEFORE_FINAL_USE,False,drones_autonomy,autos,robotics
ACVA,ACV AUCTIONS INC A,6.41,5670092,36345289.72,True,NOT_IN_UPLOAD__RUN_HISTORICAL_FILTER_BEFORE_FINAL_USE,False,consumer_internet_marketplaces,,
JMIA,JUMIA TECHNOLOGIES A ADR,7.77,4664645,36244291.65,True,NOT_IN_UPLOAD__RUN_HISTORICAL_FILTER_BEFORE_FINAL_USE,False,consumer_internet_marketplaces,,
MITK,MITEK SYS INC,15.61,2319847,36212811.67,True,NOT_IN_UPLOAD__RUN_HISTORICAL_FILTER_BEFORE_FINAL_USE,False,,,
SRAD,SPORTRADAR GROUP AG Class A,13.04,2749993,35859908.72,True,NOT_IN_UPLOAD__RUN_HISTORICAL_FILTER_BEFORE_FINAL_USE,False,gaming_sports_betting,,
CMPS,COMPASS PATHWAYS ADR ADR,9.91,3537250,35054147.5,True,NOT_IN_UPLOAD__RUN_HISTORICAL_FILTER_BEFORE_FINAL_USE,False,biotech_innovation,,
ECVT,ECOVYST INC,14.14,2475650,35005691.0,True,NOT_IN_UPLOAD__RUN_HISTORICAL_FILTER_BEFORE_FINAL_USE,False,,,
KODK,EASTMAN KODAK CO,11.41,2954934,33715796.94,True,NOT_IN_UPLOAD__RUN_HISTORICAL_FILTER_BEFORE_FINAL_USE,False,,,
HLF,HERBALIFE LTD,14.31,2344976,33556606.56,True,NOT_IN_UPLOAD__RUN_HISTORICAL_FILTER_BEFORE_FINAL_USE,False,apparel_beauty_lifestyle,,
LC,LENDINGCLUB CORP,16.64,2003144,33332316.16,True,NOT_IN_UPLOAD__RUN_HISTORICAL_FILTER_BEFORE_FINAL_USE,False,fintech_payments,,
BORR,BORR DRILLING LTD,5.85,5637589,32979895.65,True,NOT_IN_UPLOAD__RUN_HISTORICAL_FILTER_BEFORE_FINAL_USE,False,oil_services,,
PAR,PAR TECHNOLOGY CORP,14.4,2266703,32640523.2,True,NOT_IN_UPLOAD__RUN_HISTORICAL_FILTER_BEFORE_FINAL_USE,False,,,
CRSR,CORSAIR GAMING INC,7.88,3994140,31473823.2,True,NOT_IN_UPLOAD__RUN_HISTORICAL_FILTER_BEFORE_FINAL_USE,False,airlines_travel,,
ENVX,ENOVIX CORP,6.61,4728890,31257962.9,True,NOT_IN_UPLOAD__RUN_HISTORICAL_FILTER_BEFORE_FINAL_USE,False,renewables_storage,lithium_battery_materials,
BOBS,BOBS DISC FURNITURE,13.64,2268243,30938834.52,True,NOT_IN_UPLOAD__RUN_HISTORICAL_FILTER_BEFORE_FINAL_USE,False,,,
CERT,CERTARA INC,6.31,4854395,30631232.45,True,NOT_IN_UPLOAD__RUN_HISTORICAL_FILTER_BEFORE_FINAL_USE,False,enterprise_software,,
HLIT,HARMONIC INC,12.81,2390291,30619627.71,True,NOT_IN_UPLOAD__RUN_HISTORICAL_FILTER_BEFORE_FINAL_USE,False,networking_optical,,
MPT,MEDICAL PPTYS TR INC REIT,5.17,5885826,30429720.42,True,NOT_IN_UPLOAD__RUN_HISTORICAL_FILTER_BEFORE_FINAL_USE,False,biotech_innovation,real_estate_reits,
DV,DOUBLEVERIFY HLDGS I,11.06,2747918,30391973.08,True,NOT_IN_UPLOAD__RUN_HISTORICAL_FILTER_BEFORE_FINAL_USE,False,,,
TMC,TMC THE METALS CO IN,5.7,5162600,29426820.0,True,NOT_IN_UPLOAD__RUN_HISTORICAL_FILTER_BEFORE_FINAL_USE,False,rare_earth_critical_minerals,copper_metals,
ASM,AVINO SILVER & GOLD,6.9,4201693,28991681.7,True,NOT_IN_UPLOAD__RUN_HISTORICAL_FILTER_BEFORE_FINAL_USE,False,copper_metals,,
VYX,NCR VOYIX CORP,8.35,3375365,28184297.75,True,NOT_IN_UPLOAD__RUN_HISTORICAL_FILTER_BEFORE_FINAL_USE,False,,,
AMPL,AMPLITUDE INC Class A,6.39,4386960,28032674.4,True,NOT_IN_UPLOAD__RUN_HISTORICAL_FILTER_BEFORE_FINAL_USE,False,enterprise_software,,
ULCC,FRONTIER GROUP HLDGS,5.29,5286587,27966045.23,True,NOT_IN_UPLOAD__RUN_HISTORICAL_FILTER_BEFORE_FINAL_USE,False,,,
USAS,AMERICAS GOLD & SILV,6.63,4163834,27606219.42,True,NOT_IN_UPLOAD__RUN_HISTORICAL_FILTER_BEFORE_FINAL_USE,False,gold_silver_miners,copper_metals,
EVC,ENTRAVISION COMMUNIC A,7.16,3814221,27309822.36,True,NOT_IN_UPLOAD__RUN_HISTORICAL_FILTER_BEFORE_FINAL_USE,False,,,
INV,INNVENTURE INC,7.0,3802278,26615946.0,True,NOT_IN_UPLOAD__RUN_HISTORICAL_FILTER_BEFORE_FINAL_USE,False,,,
BUR,BURFORD CAPITAL LIMI Class C,5.14,5043165,25921868.1,True,NOT_IN_UPLOAD__RUN_HISTORICAL_FILTER_BEFORE_FINAL_USE,False,banks_brokers_exchanges,,
TBLA,TABOOLA COM LTD,5.25,4917465,25816691.25,True,NOT_IN_UPLOAD__RUN_HISTORICAL_FILTER_BEFORE_FINAL_USE,False,digital_ads_media,,
UNIT,UNITI GROUP INC NEW,11.28,2242908,25300002.24,True,NOT_IN_UPLOAD__RUN_HISTORICAL_FILTER_BEFORE_FINAL_USE,False,,,
BKKT,BAKKT INC A,9.85,2527692,24897766.2,True,NOT_IN_UPLOAD__RUN_HISTORICAL_FILTER_BEFORE_FINAL_USE,False,crypto_infrastructure,,
TLRY,TILRAY BRANDS INC,5.56,4392334,24421377.04,True,NOT_IN_UPLOAD__RUN_HISTORICAL_FILTER_BEFORE_FINAL_USE,False,retail_consumer,,
PRCH,PORCH GROUP INC,10.97,2139874,23474417.78,True,NOT_IN_UPLOAD__RUN_HISTORICAL_FILTER_BEFORE_FINAL_USE,False,,,
TIC,TIC SOLUTIONS INC,9.91,2303514,22827823.74,True,NOT_IN_UPLOAD__RUN_HISTORICAL_FILTER_BEFORE_FINAL_USE,False,,,
GBTG,GLOBAL BUSINESS TRAV A,9.45,2388565,22571939.25,True,NOT_IN_UPLOAD__RUN_HISTORICAL_FILTER_BEFORE_FINAL_USE,False,airlines_travel,,
PAGS,PAGSEGURO DIGITAL LT Class A,10.09,2189137,22088392.33,True,NOT_IN_UPLOAD__RUN_HISTORICAL_FILTER_BEFORE_FINAL_USE,False,fintech_payments,enterprise_software,
LZ,LEGALZOOM COM INC,6.13,3512706,21532887.78,True,NOT_IN_UPLOAD__RUN_HISTORICAL_FILTER_BEFORE_FINAL_USE,False,,,
STUB,STUBHUB HLDGS INC A,7.71,2792706,21531763.26,True,NOT_IN_UPLOAD__RUN_HISTORICAL_FILTER_BEFORE_FINAL_USE,False,,,
EVLV,EVOLV TECHNOLOGIES H A,7.05,3022901,21311452.05,True,NOT_IN_UPLOAD__RUN_HISTORICAL_FILTER_BEFORE_FINAL_USE,False,,,
GDYN,GRID DYNAMICS HLDGS A,6.975,3022668,21083109.3,True,NOT_IN_UPLOAD__RUN_HISTORICAL_FILTER_BEFORE_FINAL_USE,False,renewables_storage,,
WRD,WERIDE INC ADR,7.51,2710903,20358881.53,True,NOT_IN_UPLOAD__RUN_HISTORICAL_FILTER_BEFORE_FINAL_USE,False,,,
ICL,ICL GROUP LTD,6.37,3157376,20112485.12,True,NOT_IN_UPLOAD__RUN_HISTORICAL_FILTER_BEFORE_FINAL_USE,False,rare_earth_critical_minerals,,
