"theme","category","min_constituents","max_constituents","allow_etfs","benchmark","is_tradable","is_watchlist_only"
"additive_manufacturing","Industrials","3","15","False","SPY","True","False"
"advanced_packaging","Technology","6","20","False","SMH","True","False"
"aerospace","Industrials","6","25","False","SPY","True","False"
"agriculture_food_inputs","Consumer/Materials","6","30","False","MOO","True","False"
"ai_apps","Technology","6","25","False","SPY","True","False"
"ai_apps_agents","Technology","8","40","False","IGV","True","False"
"ai_infrastructure","Technology","6","25","False","SPY","True","False"
"airlines_travel","Consumer/Industrials","8","35","False","JETS","True","False"
"apparel_beauty_lifestyle","Consumer","8","35","False","XLY","True","False"
"asset_managers","Financials","6","25","False","SPY","True","False"
"asset_managers_alts","Financials","8","35","False","XLF","True","False"
"autos","Consumer","6","25","False","SPY","True","False"
"banks_brokers_exchanges","Financials","12","50","False","XLF","True","False"
"biotech","Healthcare","6","25","False","SPY","False","True"
"biotech_innovation","Healthcare","12","50","False","XBI","True","False"
"business_apps","Technology","6","25","False","SPY","True","False"
"china_internet","Technology","6","25","True","SPY","True","False"
"cloud","Technology","6","25","False","XLK","True","False"
"cloud_neocloud","Technology","8","35","False","QQQ","True","False"
"construction_infrastructure","Industrials/Materials","10","40","False","PAVE","True","False"
"consumer","Consumer","6","25","False","SPY","True","False"
"consumer_internet","Technology","6","25","False","SPY","True","False"
"consumer_internet_marketplaces","Consumer/Communication","10","45","False","XLC","True","False"
"consumer_staples","Consumer","6","25","False","SPY","True","False"
"copper","Materials","6","25","False","SPY","True","False"
"copper_metals","Materials","6","30","False","XME","True","False"
"creative_software","Technology","6","25","False","SPY","True","False"
"crypto_infrastructure","Financials/Technology","8","35","False","BTC","True","False"
"cybersecurity","Technology","6","25","False","SPY","True","False"
"data_centers","Technology","6","25","False","SPY","True","False"
"datacenter_infra","Industrials/Real Estate","8","35","False","XLI","True","False"
"datacenter_reits_towers","Real Estate/Communication","6","25","False","VNQ","True","False"
"defense","Industrials","6","25","False","SPY","True","False"
"defense_aerospace","Industrials","10","40","False","ITA","True","False"
"dev_tools","Technology","6","25","False","SPY","True","False"
"diagnostics_tools","Healthcare","6","30","False","IHI","True","False"
"digital_ads_media","Communication","8","35","False","XLC","True","False"
"drones_autonomy","Industrials","5","25","False","ITA","True","False"
"electronics_components","Technology/Industrials","8","35","False","XLI","True","False"
"energy","Energy","6","25","False","SPY","True","False"
"enterprise_software","Technology","6","25","False","SPY","False","True"
"etf_benchmarks","Benchmark","4","30","True","SPY","False","True"
"fintech","Financials","6","25","False","SPY","True","False"
"fintech_payments","Financials/Technology","10","45","False","ARKF","True","False"
"gaming_sports_betting","Consumer/Communication","6","30","False","BETZ","True","False"
"gold","Materials","6","25","True","SPY","True","False"
"gold_silver_miners","Materials","8","35","False","GDX","True","False"
"growth","Macro","1","25","True","SPY","False","True"
"hardware_devices","Technology","4","20","False","SPY","False","True"
"healthcare","Healthcare","6","25","False","SPY","True","False"
"homebuilders_housing","Consumer/Industrials","8","35","False","XHB","True","False"
"industrial_automation","Industrials","10","40","False","XLI","True","False"
"insurance","Financials","6","25","False","SPY","True","False"
"lithium_battery_materials","Materials","6","30","False","LIT","True","False"
"long_bonds","Macro","1","25","True","SPY","False","True"
"managed_care","Healthcare","6","25","False","SPY","True","False"
"managed_care_insurance","Healthcare","6","30","False","XLV","True","False"
"market","Macro","1","25","True","SPY","False","True"
"medtech","Healthcare","6","25","False","SPY","True","False"
"medtech_devices","Healthcare","8","35","False","IHI","True","False"
"mega_banks","Financials","6","25","False","XLF","True","False"
"mega_cap_platforms","Technology","5","15","False","QQQ","True","False"
"memory","Technology","6","25","False","SPY","True","False"
"memory_storage","Technology","6","25","False","SMH","True","False"
"natural_gas","Energy","6","25","False","SPY","True","False"
"networking","Technology","6","25","False","SPY","True","False"
"networking_optical","Technology","8","35","False","QQQ","True","False"
"nuclear","Energy","6","25","False","SPY","True","False"
"nuclear_uranium","Energy/Utilities","6","30","False","URA","True","False"
"obesity_glp1_health","Healthcare","5","25","False","XLV","True","False"
"oil_exploration","Energy","6","25","True","SPY","True","False"
"oil_gas","Energy","12","45","False","XLE","True","False"
"oil_integrated","Energy","6","25","True","SPY","True","False"
"oil_services","Energy","6","25","False","SPY","True","False"
"payments","Financials","6","25","False","SPY","True","False"
"pharma","Healthcare","6","25","True","SPY","True","False"
"pharma_largecap","Healthcare","8","35","False","XLV","True","False"
"power_grid_electrification","Utilities/Industrials","10","45","False","XLU","True","False"
"quantum_computing","Technology","4","20","False","QTUM","True","False"
"rare_earth_critical_minerals","Materials","5","25","False","REMX","True","False"
"real_estate_reits","Real Estate","8","35","False","VNQ","True","False"
"regional_banks","Financials","6","25","False","SPY","True","False"
"renewables_storage","Energy/Industrials","8","35","False","ICLN","True","False"
"restaurants","Consumer","6","25","False","SPY","True","False"
"restaurants_food","Consumer","8","35","False","XLY","True","False"
"retail","Consumer","6","25","False","SPY","True","False"
"retail_consumer","Consumer","10","45","False","XLY","True","False"
"robotics","Industrials","6","25","False","SPY","True","False"
"semicap_equipment","Technology","8","35","False","SMH","True","False"
"semis","Technology","6","25","False","SMH","True","False"
"semis_compute","Technology","10","45","False","SMH","True","False"
"silver","Materials","6","25","True","SPY","True","False"
"small_caps","Macro","1","25","True","SPY","False","True"
"solar","Energy","6","25","False","SPY","True","False"
"space_satellites","Industrials/Communication","6","30","False","ARKX","True","False"
"storage","Technology","6","25","False","SPY","True","False"
"streaming_entertainment","Communication","6","30","False","XLC","True","False"
"transport_logistics","Industrials","8","35","False","IYT","True","False"
"travel","Consumer","6","25","False","SPY","True","False"
"uranium","Energy","6","25","False","SPY","True","False"
"utilities_yield","Utilities","8","35","False","XLU","True","False"
"vertical_software","Technology","6","25","False","SPY","True","False"
"workflow_software","Technology","6","25","False","SPY","True","False"
