,pivot_up,pivot_down,super_pivot_up,super_pivot_down,atr_swing_label,long_swing_label,short_swing_label,atr_entry_price,atr_exit_price,atr_holding_bars,atr_realized_return,atr_cont_label,long_cont_label,short_cont_label,atr_cont_label_entry_price,atr_cont_label_exit_price,atr_cont_label_holding_bars,atr_cont_label_realized_return,leg_up_label,leg_down_label,mfe_up_atr,mfe_down_atr,bars_to_exhaustion
1626,0,0,0,0,0.0,0,0,687.67,688.5693991082748,1.0,0.0013078934783758989,0.0,0,0,688.63,688.63,0.0,0.0,0,1,2.594706710240033,1.7045943186106276,1.0
1627,1,0,0,0,-1.0,0,1,688.77,687.94980383011,3.0,-0.0011908128546394003,0.0,0,0,688.63,688.63,0.0,0.0,0,1,2.822495501668261,1.682524316329199,3.0
1628,0,0,0,0,0.0,0,0,688.77,687.94980383011,3.0,-0.0011908128546394003,-1.0,0,1,688.29,687.8902660639797,2.0,-0.000580763829229447,0,1,3.2146382486138934,1.4071860037706458,2.0
1629,0,0,0,0,0.0,0,0,688.77,687.94980383011,3.0,-0.0011908128546394003,-1.0,0,1,688.19,687.8102470594097,1.0,-0.0005518140928963966,0,1,3.831438402394349,1.3495616365823364,1.0
1630,0,1,0,0,1.0,1,0,687.29,688.0666840325249,2.0,0.0011300674133551958,0.0,0,0,688.19,687.8102470594097,1.0,-0.0005518140928963966,0,1,4.416210268736376,0.6502000541433843,5.0
1631,0,0,0,0,0.0,0,0,687.29,688.0666840325249,2.0,0.0011300674133551958,1.0,1,0,687.63,688.0073890151009,1.0,0.0005488256985601847,0,1,4.597378118004757,0.6160751656692627,4.0
1632,0,0,0,0,0.0,0,0,687.29,688.0666840325249,2.0,0.0011300674133551958,0.0,0,0,688.105,687.7297459145492,3.0,-0.0005453442213773085,0,1,4.110548185363579,1.2524846982956057,3.0
1633,0,0,0,0,0.0,0,0,687.29,688.0666840325249,2.0,0.0011300674133551958,0.0,0,0,687.975,687.6115497777957,2.0,-0.0005282898683880433,0,1,4.766815079909665,1.114320408290642,2.0
1634,0,0,0,0,0.0,0,0,687.29,688.0666840325249,2.0,0.0011300674133551958,0.0,0,0,687.805,687.4560819365245,1.0,-0.0005072921300012245,0,1,5.5958696450163234,0.9171207612830452,1.0
1635,0,1,0,1,1.0,1,0,687.165,687.8747764035971,2.0,0.0010329053482018846,1.0,1,0,687.73,688.0848882017987,2.0,0.0005160283858471892,1,0,6.185046414266456,0.45084620787370877,5.0
1636,0,0,0,0,0.0,0,0,687.165,687.8747764035971,2.0,0.0010329053482018846,1.0,1,0,687.53,687.8716819016702,1.0,0.0004969701710038077,1,0,6.74604065574779,-0.39510433341687096,4.0
1637,0,0,0,0,0.0,0,0,687.165,687.8747764035971,2.0,0.0010329053482018846,1.0,1,0,688.47,688.8260260515509,1.0,0.0005171264565644318,1,0,5.182205043600472,0.2247026577172122,3.0
1638,0,0,0,0,0.0,0,0,687.165,687.8747764035971,2.0,0.0010329053482018846,1.0,1,0,690.045,690.4352384764401,1.0,0.0005655261271948486,1,0,2.709881428522851,2.222999658859179,2.0
1639,0,0,0,0,0.0,0,0,687.165,687.8747764035971,2.0,0.0010329053482018846,0.0,0,0,690.605,690.2204928433057,1.0,-0.0005567685676969303,1,0,2.0870872909081397,2.9843397711116997,1.0
1640,1,0,0,0,-1.0,0,1,690.86,690.0930581375676,1.0,-0.0011101263098636238,0.0,0,0,690.605,690.2204928433057,1.0,-0.0005567685676969303,0,1,2.0536106804822243,3.064117523259133,3.0
1641,0,0,0,0,0.0,0,0,690.86,690.0930581375676,1.0,-0.0011101263098636238,-1.0,0,1,689.76,689.3696341352993,1.0,-0.0005659444802550428,0,1,3.176507251602565,1.8572320624289638,2.0
1642,0,0,0,0,0.0,0,0,690.86,690.0930581375676,1.0,-0.0011101263098636238,-1.0,0,1,689.1,688.691803125635,1.0,-0.0005923623194964422,0,1,3.9196772451750594,0.9676703199027081,1.0
1643,0,1,0,0,1.0,1,0,688.31,689.1248656238206,1.0,0.0011838642818216005,0.0,0,0,689.1,688.691803125635,1.0,-0.0005923623194964422,1,0,4.252234845487207,0.25157522173883756,20.0
1644,0,0,0,0,0.0,0,0,688.31,689.1248656238206,1.0,0.0011838642818216005,0.0,0,0,689.095,688.6909552460833,1.0,-0.000586341148777425,1,0,4.560138405805535,0.575431304938874,20.0
1645,0,0,0,0,0.0,0,0,688.31,689.1248656238206,1.0,0.0011838642818216005,1.0,1,0,688.75,689.1505415572084,1.0,0.0005815485404114806,1,0,5.392698862645536,-0.012483099219075389,20.0
1646,0,0,0,0,0.0,0,0,688.31,689.1248656238206,1.0,0.0011838642818216005,1.0,1,0,689.43,689.8280028745506,1.0,0.0005772926541500745,1,0,4.572831294384003,0.30150536006913525,19.0
1647,0,0,0,0,0.0,0,0,688.31,689.1248656238206,1.0,0.0011838642818216005,1.0,1,0,689.86,690.2576098120828,1.0,0.0005763630476949277,1,0,4.036620705089562,0.012575142383445,18.0
1648,0,0,0,0,0.0,0,0,688.31,689.1248656238206,1.0,0.0011838642818216005,1.0,1,0,690.37,690.7656376826483,1.0,0.000573080641754764,1,0,3.4122128887308016,-0.03791347654141823,17.0
1649,0,0,0,0,0.0,0,0,688.31,689.1248656238206,1.0,0.0011838642818216005,1.0,1,0,690.76,691.1534492767448,3.0,0.0005695889697505674,1,0,2.935575354352765,0.24780830913358773,16.0
1650,0,0,0,0,0.0,0,0,688.31,689.1248656238206,1.0,0.0011838642818216005,0.0,0,0,690.945,690.565368528737,1.0,-0.0005494380468242799,1,0,2.798766910617326,0.5004853769574452,15.0
1651,0,0,0,0,0.0,0,0,688.31,689.1248656238206,1.0,0.0011838642818216005,1.0,1,0,690.93,691.2969792233156,2.0,0.0005311380650943054,1,0,2.915696399192593,0.3678682372812665,14.0
1652,0,0,0,0,0.0,0,0,688.31,689.1248656238206,1.0,0.0011838642818216005,1.0,1,0,690.87,691.2236235645074,1.0,0.000511852540286073,1,0,3.3510210261316353,0.29692591370791727,13.0
1653,0,0,0,0,0.0,0,0,688.31,689.1248656238206,1.0,0.0011838642818216005,1.0,1,0,691.375,691.7312218813283,2.0,0.0005152368560163989,1,0,3.059890638765474,0.5263573346500363,12.0
1654,0,0,0,0,0.0,0,0,688.31,689.1248656238206,1.0,0.0011838642818216005,1.0,1,0,691.71,692.0529203183763,1.0,0.000495757352613424,1,0,3.266064855250039,1.0352259139409095,11.0
1655,0,0,0,0,0.0,0,0,688.31,689.1248656238206,1.0,0.0011838642818216005,0.0,0,0,692.08,691.7455025615078,9.0,-0.0004833219259221533,1,0,2.795238146559282,1.6143621381198565,10.0
1656,0,0,0,0,0.0,0,0,688.31,689.1248656238206,1.0,0.0011838642818216005,1.0,1,0,691.94,692.2577476214572,6.0,0.00045921267950554956,1,0,3.1628875627496145,1.4791613477536436,9.0
1657,0,0,0,0,0.0,0,0,688.31,689.1248656238206,1.0,0.0011838642818216005,0.0,0,0,692.08,691.7754843515041,7.0,-0.0004400006480405061,1,0,3.0704497605238936,1.773307883083381,8.0
1658,0,0,0,0,0.0,0,0,688.31,689.1248656238206,1.0,0.0011838642818216005,1.0,1,0,691.87,692.1638359593176,1.0,0.00042469822266832935,1,0,3.5393898092501823,1.4804178529075067,7.0
1659,0,0,0,0,0.0,0,0,688.31,689.1248656238206,1.0,0.0011838642818216005,0.0,0,0,692.07,691.7844737520622,5.0,-0.0004125684510783989,1,0,3.292166680958922,1.873733164162883,6.0
1660,0,0,0,0,0.0,0,0,688.31,689.1248656238206,1.0,0.0011838642818216005,1.0,1,0,691.97,692.2454886587994,2.0,0.0003981222579005905,1,0,3.59361435898887,1.7605080445551866,5.0
1661,0,0,0,0,0.0,0,0,688.31,689.1248656238206,1.0,0.0011838642818216005,0.0,0,0,692.08,691.8127605311149,1.0,-0.00038613956317934406,1,0,3.4987346887816604,2.020659606355255,4.0
1662,0,0,0,0,0.0,0,0,688.31,689.1248656238206,1.0,0.0011838642818216005,1.0,1,0,691.81,692.0756509353932,2.0,0.0003839940668584063,1,0,4.027842019135924,1.5245570259344514,3.0
1663,0,0,0,0,0.0,0,0,688.31,689.1248656238206,1.0,0.0011838642818216005,1.0,1,0,691.93,692.1827472971509,1.0,0.00036527870904712323,1,0,3.996086254472587,1.839782285474817,2.0
1664,0,0,0,0,0.0,0,0,688.31,689.1248656238206,1.0,0.0011838642818216005,0.0,0,0,692.76,692.4881632240741,1.0,-0.0003923967549018803,1,0,2.1888134818161653,3.2372367462153395,1.0
1665,1,0,0,0,-1.0,0,1,693.07,692.5165888447091,1.0,-0.000798492439855969,0.0,0,0,692.76,692.4881632240741,1.0,-0.0003923967549018803,0,1,2.5297646905293676,2.8008109073715355,3.0
1666,0,0,0,0,0.0,0,0,693.07,692.5165888447091,1.0,-0.000798492439855969,-1.0,0,1,691.63,691.3318091064721,1.0,-0.00043114221986895185,0,1,3.8901255040886484,1.5258681934139957,2.0
1667,0,0,0,0,0.0,0,0,693.07,692.5165888447091,1.0,-0.000798492439855969,0.0,0,0,691.745,692.0501058297045,1.0,0.0004410669100674003,0,1,3.613500276503255,2.6630104078538235,1.0
1668,0,1,0,0,1.0,1,0,691.0,691.6751965408798,1.0,0.0009771295815916847,0.0,0,0,691.745,692.0501058297045,1.0,0.0004410669100674003,1,0,3.2731210339441366,3.5397100774327206,6.0
1669,0,0,0,0,0.0,0,0,691.0,691.6751965408798,1.0,0.0009771295815916847,0.0,0,0,692.495,692.1504444631629,2.0,-0.0004975567142536663,1,0,2.111415787069656,4.563850618786147,5.0
1670,0,0,0,0,0.0,0,0,691.0,691.6751965408798,1.0,0.0009771295815916847,0.0,0,0,692.585,692.2518412872228,1.0,-0.0004810365699189356,1,0,2.048573168957735,5.005121991556099,4.0
1671,0,0,0,0,0.0,0,0,691.0,691.6751965408798,1.0,0.0009771295815916847,1.0,1,0,692.235,692.5711473761503,1.0,0.00048559719770069343,1,0,2.5509644306030754,6.819925314469374,3.0
1672,0,0,0,0,0.0,0,0,691.0,691.6751965408798,1.0,0.0009771295815916847,1.0,1,0,693.195,693.5441011349968,1.0,0.000503611732624698,1,0,1.0813485324347076,8.163823357454199,2.0
1673,0,0,0,0,0.0,0,0,691.0,691.6751965408798,1.0,0.0009771295815916847,1.0,1,0,693.505,693.8464867682112,1.0,0.0004924070745144782,1,0,0.6515625807861145,8.799755304548544,1.0
1674,1,0,0,0,-1.0,0,1,693.95,693.281524573322,3.0,-0.0009632904772360895,0.0,0,0,693.505,693.8464867682112,1.0,0.0004924070745144782,0,1,0.32910708639388797,9.297275190631035,7.0
1675,0,0,0,0,0.0,0,0,693.95,693.281524573322,3.0,-0.0009632904772360895,-1.0,0,1,693.655,693.3317792661852,2.0,-0.00046596756862526956,0,1,0.2011009604267638,9.529091663299246,6.0
1676,0,0,0,0,0.0,0,0,693.95,693.281524573322,3.0,-0.0009632904772360895,-1.0,0,1,693.715,693.3996878900292,1.0,-0.00045452687338576325,0,1,0.11100112838419385,9.86324312214738,5.0
1677,0,0,0,0,0.0,0,0,693.95,693.281524573322,3.0,-0.0009632904772360895,-1.0,0,1,692.995,692.6691744693128,1.0,-0.0004701701032290284,0,1,0.19949326826199915,8.440099811084874,4.0
1678,0,0,0,0,0.0,0,0,693.95,693.281524573322,3.0,-0.0009632904772360895,-1.0,0,1,692.79,692.4744120072189,1.0,-0.00045553196896752635,0,1,0.5307553006816995,8.389102439132156,3.0
1679,0,0,0,0,0.0,0,0,693.95,693.281524573322,3.0,-0.0009632904772360895,0.0,0,0,692.13,692.4487602790109,1.0,0.0004605497218888033,0,1,1.5607339833672884,7.270353781816417,2.0
1680,0,0,0,0,0.0,0,0,693.95,693.281524573322,3.0,-0.0009632904772360895,0.0,0,0,692.73,693.050991687653,1.0,0.0004633720030213784,0,1,0.6152807303019212,8.15441676741953,1.0
1681,1,0,0,0,-1.0,0,1,693.125,692.491372580073,1.0,-0.000914160389434926,-1.0,0,1,692.81,692.4931862900364,1.0,-0.00045728801542055386,0,1,0.12625716230723616,8.388210220782618,11.0
1682,0,0,0,0,0.0,0,0,693.125,692.491372580073,1.0,-0.000914160389434926,-1.0,0,1,691.96,691.6251015550339,1.0,-0.00048398526644044537,0,1,0.26873818422501494,6.666199958694632,10.0
1683,0,0,0,0,0.0,0,0,693.125,692.491372580073,1.0,-0.000914160389434926,0.0,0,0,691.645,691.974905698897,1.0,0.00047698703655352226,0,1,0.7502143819503845,6.289676131503131,9.0
1684,0,0,0,0,0.0,0,0,693.125,692.491372580073,1.0,-0.000914160389434926,-1.0,0,1,691.96,691.6340161367384,2.0,-0.0004711021782496383,0,1,0.07669091270298596,6.848498504382924,8.0
1685,0,0,0,0,0.0,0,0,693.125,692.491372580073,1.0,-0.000914160389434926,-1.0,0,1,691.745,691.4326578412571,1.0,-0.00045152788779523334,0,1,0.10405255611593954,6.803436361433004,7.0
1686,0,0,0,0,0.0,0,0,693.125,692.491372580073,1.0,-0.000914160389434926,-1.0,0,1,690.82,690.4910394240245,1.0,-0.0004761885526990417,0,1,0.4407823021648519,5.053797085166678,6.0
1687,0,0,0,0,0.0,0,0,693.125,692.491372580073,1.0,-0.000914160389434926,-1.0,0,1,690.36,690.0191794651656,1.0,-0.0004936852292056759,0,1,0.3374209833215313,4.203091813983103,5.0
1688,0,0,0,0,0.0,0,0,693.125,692.491372580073,1.0,-0.000914160389434926,-1.0,0,1,689.7,689.3474523605109,2.0,-0.0005111608518038047,0,1,1.2622407588513034,3.127236936255301,4.0
1689,0,0,0,0,0.0,0,0,693.125,692.491372580073,1.0,-0.000914160389434926,-1.0,0,1,689.64,689.2917414776173,1.0,-0.0005049859671462098,0,1,1.3639292923834339,3.079608770697159,3.0
1690,0,0,0,0,0.0,0,0,693.125,692.491372580073,1.0,-0.000914160389434926,-1.0,0,1,689.27,688.9326885149303,1.0,-0.0004893749692713723,0,1,1.9566484665164314,2.6310992636867345,2.0
1691,0,0,0,0,0.0,0,0,693.125,692.491372580073,1.0,-0.000914160389434926,0.0,0,0,687.83,688.2012535218505,1.0,0.0005397460445901725,0,1,3.717136454683701,0.45117417113013736,1.0
1692,0,1,0,0,1.0,1,0,687.495,688.3016136834366,1.0,0.001173264799651852,0.0,0,0,687.83,688.2012535218505,1.0,0.0005397460445901725,1,0,2.925812006988714,0.4587078146550132,2.0
1693,0,0,0,0,0.0,0,0,687.495,688.3016136834366,1.0,0.001173264799651852,0.0,0,0,689.675,689.675,0.0,0.0,1,0,1.028421864473735,1.5679218589516069,1.0
1694,1,0,0,0,-1.0,0,1,690.015,689.1470524872409,1.0,-0.0012578676010798207,0.0,0,0,689.675,689.675,0.0,0.0,1,0,1.0657326467353407,1.5957186115981927,5.0
1695,0,0,0,0,0.0,0,0,690.015,689.1470524872409,1.0,-0.0012578676010798207,-1.0,0,1,689.685,689.2377386547904,1.0,-0.0006485009028898148,1,0,1.0117127376344697,1.5706700512444933,4.0
1696,0,0,0,0,0.0,0,0,690.015,689.1470524872409,1.0,-0.0012578676010798207,-1.0,0,1,689.82,689.354685893734,1.0,-0.0006745442380129418,1,0,0.8273980840372038,1.6547961680745298,3.0
1697,0,0,0,0,0.0,0,0,690.015,689.1470524872409,1.0,-0.0012578676010798207,0.0,0,0,688.94,689.4106488129613,1.0,0.0006831492045189513,1,0,1.75289935357345,0.7011597414294767,2.0
1698,0,0,0,0,0.0,0,0,690.015,689.1470524872409,1.0,-0.0012578676010798207,0.0,0,0,689.11,689.5777453263212,1.0,0.0006787672887074159,1,0,3.3618721802473344,0.8872349474103152,1.0
1699,0,1,0,0,1.0,1,0,688.44,689.3947413203109,1.0,0.0013868184886276502,0.0,0,0,689.11,689.5777453263212,1.0,0.0006787672887074159,1,0,2.775620939017567,1.387810469508843,5.0
1700,0,0,0,0,0.0,0,0,688.44,689.3947413203109,1.0,0.0013868184886276502,0.0,0,0,689.9,689.4242272441414,1.0,-0.000689625678878869,1,0,2.4749210321533694,1.7024934488698253,4.0
1701,0,0,0,0,0.0,0,0,688.44,689.3947413203109,1.0,0.0013868184886276502,1.0,1,0,689.44,689.9050032732973,1.0,0.0006744651794170498,1,0,4.193518867454068,1.2473030477556644,3.0
1702,0,0,0,0,0.0,0,0,688.44,689.3947413203109,1.0,0.0013868184886276502,1.0,1,0,689.35,689.8128601823474,1.0,0.0006714443785411639,1,0,4.428983261431434,1.155856607251666,2.0
1703,0,0,0,0,0.0,0,0,688.44,689.3947413203109,1.0,0.0013868184886276502,1.0,1,0,690.055,690.5147987407512,1.0,0.0006663218739828558,1,0,3.691832642313644,1.9301923240372458,1.0
1704,1,0,0,0,-1.0,0,1,690.59,689.6903737671763,1.0,-0.0013026922382654016,0.0,0,0,690.055,690.5147987407512,1.0,0.0006663218739828558,0,1,3.9738725590282953,1.9785994839357113,6.0
1705,0,0,0,0,0.0,0,0,690.59,689.6903737671763,1.0,-0.0013026922382654016,0.0,0,0,688.91,689.3758978938109,1.0,0.00067628266945019,0,1,5.07085357410612,0.6761138098808078,5.0
1706,0,0,0,0,0.0,0,0,690.59,689.6903737671763,1.0,-0.0013026922382654016,-1.0,0,1,689.48,689.014701955747,2.0,-0.0006748535769753872,0,1,4.4648801465196994,1.2894960711970824,4.0
1707,0,0,0,0,0.0,0,0,690.59,689.6903737671763,1.0,-0.0013026922382654016,-1.0,0,1,689.42,688.9768661017649,1.0,-0.0006427633347378947,0,1,5.201588073448777,1.2862929292259258,3.0
1708,0,0,0,0,0.0,0,0,690.59,689.6903737671763,1.0,-0.0013026922382654016,-1.0,0,1,688.9,688.4517328087818,2.0,-0.0006506999437047023,0,1,5.989731241992677,0.6915518379954346,2.0
1709,0,0,0,0,0.0,0,0,690.59,689.6903737671763,1.0,-0.0013026922382654016,0.0,0,0,688.665,689.1062481061311,1.0,0.0006407296815305052,0,1,6.464616981612381,0.4362624956916196,1.0
1710,0,1,0,0,1.0,1,0,688.28,689.1716036256722,1.0,0.001295408301377643,0.0,0,0,688.665,689.1062481061311,1.0,0.0006407296815305052,1,0,6.314465125414114,0.32525664056303105,10.0
1711,0,0,0,0,0.0,0,0,688.28,689.1716036256722,1.0,0.001295408301377643,1.0,1,0,688.72,689.1586016833478,2.0,0.000636835990457385,1,0,6.589121997756229,0.1595981106722814,9.0
1712,0,0,0,0,0.0,0,0,688.28,689.1716036256722,1.0,0.001295408301377643,1.0,1,0,688.87,689.2965587059658,1.0,0.0006192151000419255,1,0,6.599326096571406,0.15238230773610184,8.0
1713,0,0,0,0,0.0,0,0,688.28,689.1716036256722,1.0,0.001295408301377643,1.0,1,0,689.265,689.6814473698254,2.0,0.0006041905070262032,1,0,6.285308035676585,0.45023696530634444,7.0
1714,0,0,0,0,0.0,0,0,688.28,689.1716036256722,1.0,0.001295408301377643,1.0,1,0,689.57,689.9834868434093,1.0,0.0005996299772457192,1,0,6.421002366384404,0.43532219433116703,6.0
1715,0,0,0,0,0.0,0,0,688.28,689.1716036256722,1.0,0.001295408301377643,1.0,1,0,689.44,689.8518092117373,1.0,0.000597309717650818,1,0,6.60500037997131,0.27925553077087095,5.0
1716,0,0,0,0,0.0,0,0,688.28,689.1716036256722,1.0,0.001295408301377643,1.0,1,0,689.44,689.8420371251846,1.0,0.000583135769877785,1,0,6.765544348053295,0.2860432353037496,4.0
1717,0,0,0,0,0.0,0,0,688.28,689.1716036256722,1.0,0.001295408301377643,1.0,1,0,689.72,690.1093916162429,1.0,0.0005645647744634275,1,0,6.62572046335805,0.6548677202156136,3.0
1718,0,0,0,0,0.0,0,0,688.28,689.1716036256722,1.0,0.001295408301377643,0.0,0,0,691.405,690.952886356346,1.0,-0.0006539056611595262,1,0,3.85411947738836,2.4274870166046405,2.0
1719,0,0,0,0,0.0,0,0,688.28,689.1716036256722,1.0,0.001295408301377643,0.0,0,0,691.51,691.0451801880355,1.0,-0.0006721808968265242,1,0,3.9907937490019822,2.4740769872518293,1.0
1720,0,1,0,0,1.0,1,0,689.21,690.267522507934,1.0,0.0015343980904716226,1.0,1,0,691.29,691.818761253967,1.0,0.0007648906449782,1,0,3.7162329600699264,0.34987434993024613,10.0
1721,0,0,0,0,0.0,0,0,689.21,690.267522507934,1.0,0.0015343980904716226,0.0,0,0,693.11,692.5325788356021,1.0,-0.0008330873373605385,1,0,1.8920331767525793,1.5499951425112737,9.0
1722,0,0,0,0,0.0,0,0,689.21,690.267522507934,1.0,0.0015343980904716226,1.0,1,0,691.675,692.2758196526552,2.0,0.0008686444539056648,1,0,3.012551257271681,0.2954297503677231,8.0
1723,0,0,0,0,0.0,0,0,689.21,690.267522507934,1.0,0.0015343980904716226,1.0,1,0,691.94,692.5257611060371,1.0,0.0008465489869597942,1,0,2.8637954666352274,-0.0170718060604036,7.0
1724,0,0,0,0,0.0,0,0,689.21,690.267522507934,1.0,0.0015343980904716226,0.0,0,0,693.455,692.85054325868,1.0,-0.0008716596481675998,1,0,1.5220278592489505,0.740334203276096,6.0
1725,0,0,0,0,0.0,0,0,689.21,690.267522507934,1.0,0.0015343980904716226,1.0,1,0,692.83,693.4169955455116,2.0,0.0008472432566597465,1,0,2.099675218022354,1.8313597236301833,5.0
1726,0,0,0,0,0.0,0,0,689.21,690.267522507934,1.0,0.0015343980904716226,1.0,1,0,693.175,693.7439958636892,1.0,0.0008208545658587862,1,0,1.8629309414082922,2.1924588201951356,4.0
1727,0,0,0,0,0.0,0,0,689.21,690.267522507934,1.0,0.0015343980904716226,1.0,1,0,693.88,694.4397818734257,3.0,0.0008067416173194175,1,0,1.263885155248549,2.8582561814809315,3.0
1728,0,0,0,0,0.0,0,0,689.21,690.267522507934,1.0,0.0015343980904716226,0.0,0,0,694.185,694.185,0.0,0.0,1,0,1.0291848266517312,3.249813349021864,2.0
1729,0,0,0,0,0.0,0,0,689.21,690.267522507934,1.0,0.0015343980904716226,0.0,0,0,694.23,694.23,0.0,0.0,1,0,1.0197796746214363,3.399265582071708,1.0
1730,1,0,0,0,-1.0,0,1,694.5,693.4952527143467,2.0,-0.0014467203537124051,0.0,0,0,694.23,694.23,0.0,0.0,1,0,1.194330173501993,3.3988646187580254,3.0
1731,0,0,0,0,0.0,0,0,694.5,693.4952527143467,2.0,-0.0014467203537124051,-1.0,0,1,693.96,693.4781530459468,2.0,-0.0006943439882028946,1,0,1.3852946342919485,3.4035703374366846,2.0
1732,0,0,0,0,0.0,0,0,694.5,693.4952527143467,2.0,-0.0014467203537124051,0.0,0,0,693.72,693.72,0.0,0.0,1,0,1.693155553501063,3.2680589731070384,1.0
1733,0,1,0,0,1.0,1,0,693.36,694.2612717881124,1.0,0.0012998612381913688,0.0,0,0,693.72,693.72,0.0,0.0,1,0,1.5810990855317337,3.539442865155423,1.0
1734,1,0,0,0,-1.0,0,1,694.88,693.9709619110386,9.0,-0.0013081943486090708,0.0,0,0,693.72,693.72,0.0,0.0,1,0,0.8580498545348105,4.2187451181296725,7.0
1735,0,0,0,0,0.0,0,0,694.88,693.9709619110386,9.0,-0.0013081943486090708,0.0,0,0,694.57,695.0004462555893,4.0,0.0006197305607631431,1,0,0.8421492701887322,4.518566429013329,6.0
1736,0,0,0,0,0.0,0,0,694.88,693.9709619110386,9.0,-0.0013081943486090708,0.0,0,0,694.57,694.9839858087615,3.0,0.0005960318020667987,1,0,0.8756338800223112,4.698228680396284,5.0
1737,0,0,0,0,0.0,0,0,694.88,693.9709619110386,9.0,-0.0013081943486090708,0.0,0,0,694.8,695.1940582509927,2.0,0.0005671534988382909,1,0,0.6280797302847142,5.22765351267273,4.0
1738,0,0,0,0,0.0,0,0,694.88,693.9709619110386,9.0,-0.0013081943486090708,0.0,0,0,694.81,695.1823398044933,1.0,0.0005358872274339177,1,0,0.6512868005880453,5.546009250368141,3.0
1739,0,0,0,0,0.0,0,0,694.88,693.9709619110386,9.0,-0.0013081943486090708,0.0,0,0,694.89,695.252172675601,2.0,0.0005211942546317072,1,0,0.5591255598286241,5.812144708342435,2.0
1740,0,0,0,0,0.0,0,0,694.88,693.9709619110386,9.0,-0.0013081943486090708,0.0,0,0,694.81,695.1602317702008,1.0,0.0005040684074795188,1,0,0.6923986360830313,5.89609560210894,1.0
1741,1,0,0,0,-1.0,0,1,695.295,694.6074267124841,2.0,-0.0009888943362398317,-1.0,0,1,695.02,694.6762133562421,2.0,-0.0004946428070529141,0,1,0.2472463708040077,6.3120544075820115,4.0
1742,0,0,0,0,0.0,0,0,695.295,694.6074267124841,2.0,-0.0009888943362398317,-1.0,0,1,694.82,694.4852338307962,1.0,-0.0004818027247399659,0,1,0.8364047079964186,6.183420519831419,3.0
1743,0,0,0,0,0.0,0,0,695.295,694.6074267124841,2.0,-0.0009888943362398317,-1.0,0,1,694.005,693.6584314143107,2.0,-0.0004993747677456417,0,1,1.9837343267357892,4.797030281015702,2.0
1744,0,0,0,0,0.0,0,0,695.295,694.6074267124841,2.0,-0.0009888943362398317,-1.0,0,1,693.88,693.5499720275743,1.0,-0.0004756268698127286,0,1,2.393736489042123,4.848073901857408,1.0
1745,0,1,0,0,1.0,1,0,690.68,691.5214805202191,1.0,0.0012183363065663144,0.0,0,0,693.88,693.5499720275743,1.0,-0.0004756268698127286,1,0,3.719634530796623,0.2020248786695519,9.0
1746,0,0,0,0,0.0,0,0,690.68,691.5214805202191,1.0,0.0012183363065663144,0.0,0,0,693.665,693.2268126156125,1.0,-0.0006316988523097367,1,0,2.687206528426128,0.7930397185800312,8.0
1747,0,0,0,0,0.0,0,0,690.68,691.5214805202191,1.0,0.0012183363065663144,1.0,1,0,693.3,693.7322454283598,1.0,0.00062346088036902,1,0,3.204198145612712,0.38172757691405246,7.0
1748,0,0,0,0,0.0,0,0,690.68,691.5214805202191,1.0,0.0012183363065663144,0.0,0,0,693.56,693.133807816523,1.0,-0.0006144993706052038,1,0,2.9446809412634596,0.6921759981454693,6.0
1749,0,0,0,0,0.0,0,0,690.68,691.5214805202191,1.0,0.0012183363065663144,1.0,1,0,693.395,693.8128927418,1.0,0.0006026763126356638,1,0,3.2005820303049237,0.37689096805451816,5.0
1750,0,0,0,0,0.0,0,0,690.68,691.5214805202191,1.0,0.0012183363065663144,1.0,1,0,693.915,694.3380432602429,1.0,0.0006096470896910233,1,0,2.547020839857882,0.26593025010105287,4.0
1751,0,0,0,0,0.0,0,0,690.68,691.5214805202191,1.0,0.0012183363065663144,0.0,0,0,694.48,694.48,0.0,0.0,1,0,1.8881808820620842,0.45720103119111366,3.0
1752,0,0,0,0,0.0,0,0,690.68,691.5214805202191,1.0,0.0012183363065663144,1.0,1,0,694.21,694.6195373009238,2.0,0.000589932874668575,1,0,2.2830643213478172,0.14040235131284443,2.0
1753,0,0,0,0,0.0,0,0,690.68,691.5214805202191,1.0,0.0012183363065663144,1.0,1,0,694.335,694.7320703508577,1.0,0.0005718714321727436,1,0,2.1973436145893923,0.25814065386298807,1.0
1754,1,0,0,0,0.0,0,0,694.85,695.2390653257964,8.0,0.0005599270717369098,0.0,0,0,694.335,694.7320703508577,1.0,0.0005718714321727436,1,0,1.9533994668998913,1.7220758458194276,3.0
1755,0,0,0,0,0.0,0,0,694.85,695.2390653257964,8.0,0.0005599270717369098,-1.0,0,1,694.59,694.2124750546176,2.0,-0.0005435219991396512,1,0,1.9733795319017082,3.258062851327681,2.0
1756,0,0,0,0,0.0,0,0,694.85,695.2390653257964,8.0,0.0005599270717369098,-1.0,0,1,694.55,694.1865839792877,1.0,-0.0005232395374160648,1,0,2.1050255255690637,3.3295174979586672,1.0
1757,0,1,0,0,1.0,1,0,694.13,694.834915467037,2.0,0.0010155381081886627,0.0,0,0,694.55,694.1865839792877,1.0,-0.0005232395374160648,1,0,2.283961801501213,3.31954696615706,10.0
1758,0,0,0,0,0.0,0,0,694.13,694.834915467037,2.0,0.0010155381081886627,1.0,1,0,694.65,694.9894250382672,1.0,0.0004886274213879993,1,0,2.106503408381931,3.712159852533001,9.0
1759,0,0,0,0,0.0,0,0,694.13,694.834915467037,2.0,0.0010155381081886627,1.0,1,0,694.945,695.2758946783911,3.0,0.0004761451314723164,1,0,1.7150472251761595,4.253619329401781,8.0
1760,0,0,0,0,0.0,0,0,694.13,694.834915467037,2.0,0.0010155381081886627,1.0,1,0,695.1,695.4201164870774,4.0,0.00046053299824100336,1,0,1.5306927939692065,4.6389363245801025,7.0
1761,0,0,0,0,0.0,0,0,694.13,694.834915467037,2.0,0.0010155381081886627,1.0,1,0,695.08,695.385465309429,3.0,0.00043946784460646704,1,0,1.6368470807199618,4.828698888123962,6.0
1762,0,0,0,0,0.0,0,0,694.13,694.834915467037,2.0,0.0010155381081886627,1.0,1,0,695.22,695.5143606444698,3.0,0.00042340646769334356,1,0,1.4607931055953747,5.24866360033684,5.0
1763,0,0,0,0,0.0,0,0,694.13,694.834915467037,2.0,0.0010155381081886627,1.0,1,0,695.26,695.5447634555791,2.0,0.00040957836719934804,1,0,1.439791489980081,5.495789467850454,4.0
1764,0,0,0,0,0.0,0,0,694.13,694.834915467037,2.0,0.0010155381081886627,1.0,1,0,695.315,695.5874589230377,1.0,0.0003918496264825322,1,0,1.4038813474539487,5.844917766850966,3.0
1765,0,0,0,0,0.0,0,0,694.13,694.834915467037,2.0,0.0010155381081886627,1.0,1,0,695.665,695.9379975713921,1.0,0.0003924267735075926,1,0,0.7600800217448973,6.474416570765511,2.0
1766,0,0,0,0,0.0,0,0,694.13,694.834915467037,2.0,0.0010155381081886627,0.0,0,0,695.95,695.6825736837073,1.0,-0.0003842608180080198,1,0,0.24305760517919822,7.142154244496783,1.0
1767,1,0,0,0,-1.0,0,1,696.07,695.5354939840279,1.0,-0.0007678911833179924,0.0,0,0,695.95,695.6825736837073,1.0,-0.0003842608180080198,1,0,0.8606077130177665,6.529393300938643,5.0
1768,0,0,0,0,0.0,0,0,696.07,695.5354939840279,1.0,-0.0007678911833179924,0.0,0,0,695.345,695.6086992217014,2.0,0.00037923508718895604,1,0,1.3936332372501274,6.095960350692682,4.0
1769,0,0,0,0,0.0,0,0,696.07,695.5354939840279,1.0,-0.0007678911833179924,0.0,0,0,695.325,695.5786135630085,1.0,0.0003647410390945627,1,0,1.488485061768894,6.298953340863204,3.0
1770,0,0,0,0,0.0,0,0,696.07,695.5354939840279,1.0,-0.0007678911833179924,0.0,0,0,695.185,695.4404983085077,2.0,0.00036752563491404544,1,0,1.7514793057284423,5.978513160893556,2.0
1771,0,0,0,0,0.0,0,0,696.07,695.5354939840279,1.0,-0.0007678911833179924,0.0,0,0,695.25,695.4961770007573,1.0,0.0003540841434839237,1,0,1.68577892623382,6.336903915481044,1.0
1772,1,0,0,0,-1.0,0,1,696.08,695.5395998557366,1.0,-0.0007763477535103203,-1.0,0,1,695.165,694.8947999278682,1.0,-0.00038868480451648146,0,1,0.0462620157775203,5.616208715370474,3.0
1773,0,0,0,0,0.0,0,0,696.08,695.5395998557366,1.0,-0.0007763477535103203,-1.0,0,1,694.27,693.9862427901634,1.0,-0.0004087130508830805,0,1,1.5858627883291354,3.7708292966937935,2.0
1774,0,0,0,0,0.0,0,0,696.08,695.5395998557366,1.0,-0.0007763477535103203,-1.0,0,1,693.4,693.0929397337231,1.0,-0.00044283280397583447,0,1,2.8821703658722218,2.0679979461342977,1.0
1775,0,1,0,0,1.0,1,0,692.13,692.7909690659427,1.0,0.0009549782063236201,0.0,0,0,693.4,693.0929397337231,1.0,-0.00044283280397583447,1,0,3.721808064483699,1.1498268817104336,4.0
1776,0,0,0,0,0.0,0,0,692.13,692.7909690659427,1.0,0.0009549782063236201,0.0,0,0,693.1,692.7522286479552,1.0,-0.0005017621584832987,1,0,2.9760933265903993,2.444134616040565,3.0
1777,0,0,0,0,0.0,0,0,692.13,692.7909690659427,1.0,0.0009549782063236201,0.0,0,0,693.76,693.388498030244,2.0,-0.0005354906159997785,1,0,1.8977019165286504,3.1762954063884696,2.0
1778,0,0,0,0,0.0,0,0,692.13,692.7909690659427,1.0,0.0009549782063236201,0.0,0,0,693.84,693.4800338852267,1.0,-0.0005188027712056398,1,0,1.8473961095439717,3.3892079002162694,1.0
1779,0,1,0,0,1.0,1,0,692.42,693.2206513560076,1.0,0.0011563088241350883,1.0,1,0,693.51,693.9103256780038,1.0,0.0005772457181638657,1,0,2.073311919781556,5.070871321875402,2.0
1780,0,0,0,0,0.0,0,0,692.42,693.2206513560076,1.0,0.0011563088241350883,1.0,1,0,694.53,694.9560167010036,1.0,0.0006133884799843781,1,0,0.7511442608850112,6.889401267804865,1.0
1781,1,0,0,0,-1.0,0,1,695.17,694.3259689838504,2.0,-0.0012141361338227075,0.0,0,0,694.53,694.9560167010036,1.0,0.0006133884799843781,0,1,0.2251102108389885,8.53641615312858,5.0
1782,0,0,0,0,0.0,0,0,695.17,694.3259689838504,2.0,-0.0012141361338227075,-1.0,0,1,694.88,694.4700927425021,1.0,-0.0005898964677324425,0,1,0.048791524507420525,8.745880767963033,4.0
1783,0,0,0,0,0.0,0,0,695.17,694.3259689838504,2.0,-0.0012141361338227075,-1.0,0,1,694.48,694.0643718323233,1.0,-0.0005984739195897815,0,1,0.2646596370378396,8.180388781168658,3.0
1784,0,0,0,0,0.0,0,0,695.17,694.3259689838504,2.0,-0.0012141361338227075,-1.0,0,1,693.695,693.2704881300145,1.0,-0.0006119575173317848,0,1,0.40634906158419376,8.462660891255615,2.0
1785,0,0,0,0,0.0,0,0,695.17,694.3259689838504,2.0,-0.0012141361338227075,-1.0,0,1,692.975,692.5281318350135,1.0,-0.000644854670062478,0,1,1.191626617698355,7.233677073634113,1.0
1786,0,1,0,0,1.0,1,0,692.45,693.3434694492607,1.0,0.0012903017535716987,0.0,0,0,692.975,692.5281318350135,1.0,-0.000644854670062478,0,1,0.7834627144544742,7.644357628178018,4.0
1787,0,0,0,0,0.0,0,0,692.45,693.3434694492607,1.0,0.0012903017535716987,1.0,1,0,692.93,693.3726822442995,1.0,0.0006388556481888852,0,1,1.2537209412546035,7.2512508494183825,3.0
1788,0,0,0,0,0.0,0,0,692.45,693.3434694492607,1.0,0.0012903017535716987,0.0,0,0,693.13,692.6882236302932,1.0,-0.0006373643756679703,0,1,1.0299328601527062,7.877288688640795,2.0
1789,0,0,0,0,0.0,0,0,692.45,693.3434694492607,1.0,0.0012903017535716987,0.0,0,0,692.81,692.371564799558,1.0,-0.0006328361317561315,0,1,1.4027158389198446,7.572384691404562,1.0
1790,0,1,0,0,1.0,1,0,692.245,693.1156653722495,2.0,0.0012577416554102605,1.0,1,0,692.365,692.8003326861248,1.0,0.0006287618324507527,0,1,1.923816030115479,7.115247944218396,3.0
1791,0,0,0,0,0.0,0,0,692.245,693.1156653722495,2.0,0.0012577416554102605,0.0,0,0,693.03,692.600048220027,2.0,-0.00062039418203097,0,1,1.1745503182514085,7.977638795252229,2.0
1792,0,0,0,0,0.0,0,0,692.245,693.1156653722495,2.0,0.0012577416554102605,0.0,0,0,692.83,692.83,0.0,0.0,0,1,1.461762954484735,8.045736592453784,1.0
1793,1,0,0,0,-1.0,0,1,693.2,692.3863586651487,1.0,-0.001173746876588777,0.0,0,0,692.83,692.83,0.0,0.0,0,1,1.4133991855393153,8.259167414629935,5.0
1794,0,0,0,0,0.0,0,0,693.2,692.3863586651487,1.0,-0.001173746876588777,-1.0,0,1,692.37,691.9725950945333,1.0,-0.000573977649907853,0,1,2.101131587742777,7.800608289823733,4.0
1795,0,0,0,0,0.0,0,0,693.2,692.3863586651487,1.0,-0.001173746876588777,-1.0,0,1,692.0,691.609552587781,1.0,-0.0005642303644783908,0,1,2.612387656004527,7.4657941345621435,3.0
1796,0,0,0,0,0.0,0,0,693.2,692.3863586651487,1.0,-0.001173746876588777,0.0,0,0,692.25,692.6439868827748,1.0,0.0005691395923073106,1,0,2.2716492328285582,7.7159929249150885,2.0
1797,0,0,0,0,0.0,0,0,693.2,692.3863586651487,1.0,-0.001173746876588777,-1.0,0,1,693.71,693.2750478945662,2.0,-0.0006269941408280078,1,0,0.3793521124249008,8.667620992983066,1.0
1798,1,0,0,0,-1.0,0,1,694.04,693.2050889470515,1.0,-0.0012029725274457226,-1.0,0,1,693.73,693.3125444735258,1.0,-0.0006017550437118491,0,1,-2.4553513727726797,9.054856769834627,6.0
1799,0,0,0,0,0.0,0,0,694.04,693.2050889470515,1.0,-0.0012029725274457226,0.0,0,0,689.53,690.0704944174403,1.0,0.0007838591757287627,0,1,1.1933518260088585,3.108265221232202,5.0
1800,0,0,0,0,0.0,0,0,694.04,693.2050889470515,1.0,-0.0012029725274457226,0.0,0,0,688.66,689.2258162447661,1.0,0.0008216191513461535,0,1,1.9087468944031527,2.2003610032702254,4.0
1801,0,0,0,0,0.0,0,0,694.04,693.2050889470515,1.0,-0.0012029725274457226,-1.0,0,1,690.49,689.8638849155744,1.0,-0.0009067692282662687,1,0,0.26352982719045864,3.4498450104928886,3.0
1802,0,0,0,0,0.0,0,0,694.04,693.2050889470515,1.0,-0.0012029725274457226,-1.0,0,1,688.77,688.1153931358905,1.0,-0.0009503997910906836,0,1,0.6568828155888077,1.9859247913149858,2.0
1803,0,0,0,0,0.0,0,0,694.04,693.2050889470515,1.0,-0.0012029725274457226,-1.0,0,1,687.79,687.1360793404697,1.0,-0.0009507562766691846,0,1,2.018593510944013,1.2386823817156543,1.0
1804,0,1,0,0,1.0,1,0,686.51,687.8308526534133,2.0,0.0019240107986968624,0.0,0,0,687.79,687.1360793404697,1.0,-0.0009507562766691846,1,0,2.615734609815632,0.7533012841581866,3.0
1805,0,0,0,0,0.0,0,0,686.51,687.8308526534133,2.0,0.0019240107986968624,1.0,1,0,687.34,687.9748601605133,1.0,0.000923647918807724,1,0,2.5832460469309186,0.9214627667406671,2.0
1806,0,0,0,0,0.0,0,0,686.51,687.8308526534133,2.0,0.0019240107986968624,0.0,0,0,689.15,688.4901298509519,1.0,-0.0009575130944613486,1,0,1.1138555078757626,2.2580200091630824,1.0
1807,1,0,0,0,-1.0,0,1,689.41,688.0502411517678,1.0,-0.001972351500895253,0.0,0,0,689.15,688.4901298509519,1.0,-0.0009575130944613486,0,1,2.2651075255030553,1.0075315941360894,1.0
1808,0,1,0,0,1.0,1,0,686.17,687.5304903590727,6.0,0.0019827307505031477,0.0,0,0,689.15,688.4901298509519,1.0,-0.0009575130944613486,1,0,2.962167260594717,0.2756359113456641,13.0
1809,0,0,0,0,0.0,0,0,686.17,687.5304903590727,6.0,0.0019827307505031477,0.0,0,0,689.15,688.4901298509519,1.0,-0.0009575130944613486,1,0,2.5278521622034824,0.7812678302203634,12.0
1810,0,0,0,0,0.0,0,0,686.17,687.5304903590727,6.0,0.0019827307505031477,0.0,0,0,689.15,688.4901298509519,1.0,-0.0009575130944613486,1,0,2.6933032784422832,0.6628497460381386,11.0
1811,0,0,0,0,0.0,0,0,686.17,687.5304903590727,6.0,0.0019827307505031477,0.0,0,0,689.15,688.4901298509519,1.0,-0.0009575130944613486,1,0,2.891932878762113,0.5556894029555748,10.0
1812,0,0,0,0,0.0,0,0,686.17,687.5304903590727,6.0,0.0019827307505031477,0.0,0,0,689.15,688.4901298509519,1.0,-0.0009575130944613486,1,0,3.067526221736453,0.3451947666404649,9.0
1813,0,0,0,0,0.0,0,0,686.17,687.5304903590727,6.0,0.0019827307505031477,0.0,0,0,689.15,688.4901298509519,1.0,-0.0009575130944613486,1,0,2.6196891960099054,0.8652184500583551,8.0
1814,0,0,0,0,0.0,0,0,686.17,687.5304903590727,6.0,0.0019827307505031477,0.0,0,0,689.15,688.4901298509519,1.0,-0.0009575130944613486,1,0,2.4872926406576057,1.1072997137811564,7.0
1815,0,0,0,0,0.0,0,0,686.17,687.5304903590727,6.0,0.0019827307505031477,0.0,0,0,689.15,688.4901298509519,1.0,-0.0009575130944613486,1,0,3.035896514945296,0.040586851804044484,6.0
1816,0,0,0,0,0.0,0,0,686.17,687.5304903590727,6.0,0.0019827307505031477,0.0,0,0,689.15,688.4901298509519,1.0,-0.0009575130944613486,1,0,2.0045866593249526,0.6226671987882925,5.0
1817,0,0,0,0,0.0,0,0,686.17,687.5304903590727,6.0,0.0019827307505031477,0.0,0,0,689.15,688.4901298509519,1.0,-0.0009575130944613486,1,0,2.197501422119113,0.5347531977780247,4.0
1818,0,0,0,0,0.0,0,0,686.17,687.5304903590727,6.0,0.0019827307505031477,0.0,0,0,689.15,688.4901298509519,1.0,-0.0009575130944613486,1,0,2.2008777213478306,0.6437349856906847,3.0
1819,0,0,0,0,0.0,0,0,686.17,687.5304903590727,6.0,0.0019827307505031477,0.0,0,0,689.15,688.4901298509519,1.0,-0.0009575130944613486,1,0,2.226079291464636,0.7209973413650154,2.0
1820,0,0,0,0,0.0,0,0,686.17,687.5304903590727,6.0,0.0019827307505031477,0.0,0,0,689.15,688.4901298509519,1.0,-0.0009575130944613486,1,0,2.3869245620378283,0.6560552889810758,1.0
1821,0,1,0,0,1.0,1,0,687.35,688.5107042269947,1.0,0.0016886654935543977,0.0,0,0,689.15,688.4901298509519,1.0,-0.0009575130944613486,1,0,1.6283218033017623,0.4393884231131693,20.0
1822,0,0,0,0,0.0,0,0,687.35,688.5107042269947,1.0,0.0016886654935543977,0.0,0,0,689.15,688.4901298509519,1.0,-0.0009575130944613486,1,0,1.2934514999991307,0.43697685810780906,20.0
1823,0,0,0,0,0.0,0,0,687.35,688.5107042269947,1.0,0.0016886654935543977,0.0,0,0,689.15,688.4901298509519,1.0,-0.0009575130944613486,1,0,1.296702148276712,0.41494468744856355,20.0
1824,0,0,0,0,0.0,0,0,687.35,688.5107042269947,1.0,0.0016886654935543977,0.0,0,0,689.15,688.4901298509519,1.0,-0.0009575130944613486,1,0,-0.42777860493181363,0.42777860493181363,20.0
1825,0,0,0,0,0.0,0,0,687.35,688.5107042269947,1.0,0.0016886654935543977,0.0,0,0,689.15,688.4901298509519,1.0,-0.0009575130944613486,1,0,-0.42777860493181363,0.42777860493181363,20.0
