date,theme,ticker,leader_score,leader_rank,stock_return_5d,stock_vs_theme_5d,rvol,breakout_quality,stock_above_20d
2026-05-19,aerospace,ASTS,0.9333333333333332,1.0,0.22078679596064554,0.2050620143511663,0.7609858940301752,0.0,1.0
2026-05-19,aerospace,RKLB,0.8566666666666666,2.0,0.0879551223376942,0.07223034072821496,0.9323769342965711,-0.035081112175178064,1.0
2026-05-19,aerospace,HON,0.71,3.0,0.0009178630513786423,-0.0148069185581006,0.5159923649665822,-0.0055890427392872866,1.0
2026-05-19,ai_apps,NOW,0.9263157894736843,1.0,0.1473033776443995,0.1256934438577725,1.4236446726294736,-0.012666772208347554,1.0
2026-05-19,ai_apps,DUOL,0.8342105263157895,2.0,0.07268176630879308,0.051071832522166086,0.6111767863322768,0.0,1.0
2026-05-19,ai_apps,ADBE,0.8157894736842106,3.0,0.05281734469954613,0.031207410912919138,0.7586028547556556,-0.011539536864747513,1.0
2026-05-19,ai_infrastructure,MRVL,0.9046875000000001,1.0,0.09392095409265777,0.1040771513982711,0.6563006667522897,-0.014404671138332548,1.0
2026-05-19,ai_infrastructure,ARM,0.8859375,2.0,0.08714888070778115,0.09730507801339448,0.6805883993121623,-0.047450525161472745,1.0
2026-05-19,ai_infrastructure,MSFT,0.7546875,3.0,0.026093177367402465,0.0362493746730158,0.585627640120357,-0.03351660656835653,1.0
2026-05-19,asset_managers,SCHW,0.8357142857142856,1.0,0.028165900498245744,0.05040752644794165,0.48621547968413065,0.0,1.0
2026-05-19,asset_managers,MS,0.7857142857142857,2.0,0.002163331702590643,0.024404957652286546,0.5766091176854493,-0.011488684587736553,1.0
2026-05-19,asset_managers,GS,0.6785714285714286,3.0,-0.007759833667427496,0.014481792282268407,0.6178538461061421,-0.0313738686062327,1.0
2026-05-19,autos,MBLY,0.8650000000000001,1.0,0.05308783847174037,0.05914828615134381,0.7348951486028023,-0.07692302815603491,1.0
2026-05-19,autos,TXN,0.765,2.0,0.029813285200541717,0.03587373288014516,0.47065713717212754,-0.013628880241510433,1.0
2026-05-19,autos,F,0.72,3.0,0.09674727852842402,0.10280772620802746,0.45950301843988656,-0.09185082636409025,1.0
2026-05-19,biotech,ABBV,0.8727272727272727,1.0,0.02886558251891591,0.08523035789103671,0.434274886582487,0.0,1.0
2026-05-19,biotech,VRTX,0.7681818181818182,2.0,-0.018559430648976916,0.03780534472314388,0.47280256854430697,-0.028892412502601772,1.0
2026-05-19,biotech,AMGN,0.715909090909091,3.0,-0.007758553770101262,0.048606221602019536,0.4788050105250994,-0.04285214573836105,0.0
2026-05-19,business_apps,DOCU,0.8575,1.0,0.08897743316976348,0.038743314667251595,0.8076411941416549,0.0,1.0
2026-05-19,business_apps,ADBE,0.7325,2.0,0.05281734469954613,0.002583226197034251,0.7586028547556556,-0.011539536864747513,1.0
2026-05-19,business_apps,WDAY,0.6775000000000001,3.0,0.0843027494441162,0.03406863094160432,0.630105419407647,-0.017267800132255262,1.0
2026-05-19,china_internet,JD,0.9181818181818181,1.0,0.033820277605540294,0.055821389596869414,0.8217730806703365,-0.0359786833318968,1.0
2026-05-19,china_internet,PDD,0.7022727272727274,2.0,0.016243604414990953,0.03824471640632007,0.6279901140044192,-0.04911537500141683,0.0
2026-05-19,china_internet,TME,0.7022727272727274,3.0,0.003858858719927083,0.0258599707112562,0.9020540974021892,-0.05842818299895558,0.0
2026-05-19,cloud,ZS,0.8985294117647059,1.0,0.20407745915531006,0.16208306134366268,1.0933103932768808,0.0,1.0
2026-05-19,cloud,NOW,0.8691176470588236,2.0,0.1473033776443995,0.10530897983275211,1.4236446726294736,-0.012666772208347554,1.0
2026-05-19,cloud,SNOW,0.8661764705882353,3.0,0.11871826168271782,0.07672386387107044,1.255318339443914,0.0,1.0
2026-05-19,consumer,CMG,0.7916666666666666,1.0,0.0234160773560399,0.028390052526343357,0.3471934442485626,-0.047707183364921524,1.0
2026-05-19,consumer,SBUX,0.675,2.0,0.006616239394273693,0.01159021456457715,0.3317704460446666,-0.0014978097095295073,1.0
2026-05-19,consumer,DPZ,0.6250000000000001,3.0,0.008995384678810225,0.013969359849113683,0.488355647571493,-0.15961760547613446,0.0
2026-05-19,consumer_internet,DUOL,0.931578947368421,1.0,0.07268176630879308,0.0876829604713489,0.6111767863322768,0.0,1.0
2026-05-19,consumer_internet,GOOGL,0.8842105263157894,2.0,0.009939346954564776,0.024940541117120588,0.7948990821956664,-0.028364172293113055,1.0
2026-05-19,consumer_internet,NFLX,0.7960526315789473,3.0,0.014145537439733458,0.02914673160228927,0.6949169941124298,-0.0503151271633665,0.0
2026-05-19,consumer_staples,KR,0.9166666666666667,1.0,0.1032744928246292,0.07929610869307105,0.9644862539978643,0.0,1.0
2026-05-19,consumer_staples,COST,0.8416666666666668,2.0,0.06533547415490726,0.04135709002334911,0.7315660655749858,0.0,1.0
2026-05-19,consumer_staples,TGT,0.7958333333333334,3.0,0.043013381853903576,0.01903499772234543,1.305801919896851,-0.027266236288156942,1.0
2026-05-19,copper,TECK,0.9500000000000001,1.0,-0.09140522180408517,0.0044250693145713865,0.9165904868052743,-0.10323156925833243,0.0
2026-05-19,copper,SCCO,0.5833333333333333,2.0,-0.09764554674852022,-0.001815255629863663,0.4195176573820149,-0.11188702532176531,0.0
2026-05-19,copper,FCX,0.4666666666666666,3.0,-0.09844010480336429,-0.0026098136847077374,0.4355648931839247,-0.15392270803166175,0.0
2026-05-19,creative_software,ADBE,0.9625000000000001,1.0,0.05281734469954613,0.039648039213204644,0.7586028547556556,-0.011539536864747513,1.0
2026-05-19,creative_software,ADSK,0.7,2.0,0.03789334244603193,0.024724036959690443,0.6483925486734409,-0.028959485373255323,1.0
2026-05-19,creative_software,PTC,0.5875,3.0,0.010955497279720339,-0.0022138082066211484,0.6207761115247943,-0.012529569395198004,1.0
2026-05-19,cybersecurity,ZS,0.91,1.0,0.20407745915531006,0.10008331979100034,1.0933103932768808,0.0,1.0
2026-05-19,cybersecurity,CRWD,0.8450000000000001,2.0,0.13374709577897725,0.029752956414667533,1.0851901810543754,0.0,1.0
2026-05-19,cybersecurity,TENB,0.68,3.0,0.12470247041135818,0.02070833104704846,0.7747159375236017,0.0,1.0
2026-05-19,data_centers,SNOW,0.9388888888888889,1.0,0.11871826168271782,0.1436516382886201,1.255318339443914,0.0,1.0
2026-05-19,data_centers,CSCO,0.8750000000000001,2.0,0.17625138320714107,0.20118475981304335,0.776204239080325,-0.01758072330230087,1.0
2026-05-19,data_centers,NTAP,0.763888888888889,3.0,0.03854422780821354,0.06347760441411582,0.5332454886275528,0.0,1.0
2026-05-19,defense,RKLB,0.925,1.0,0.0879551223376942,0.09961575750214786,0.9323769342965711,-0.035081112175178064,1.0
2026-05-19,defense,TDG,0.7500000000000001,2.0,-0.0064892929331021865,0.005171342231351477,0.7119346924174615,-0.04711832755078971,1.0
2026-05-19,defense,HEI,0.7250000000000001,3.0,0.02115267901083029,0.03281331417528395,0.2441148320287986,-0.011425169387196954,1.0
2026-05-19,dev_tools,SNOW,0.9166666666666666,1.0,0.11871826168271782,0.08044529348762927,1.255318339443914,0.0,1.0
2026-05-19,dev_tools,MDB,0.8083333333333335,2.0,0.07657419032581303,0.038301222130724476,0.7953794278492105,0.0,1.0
2026-05-19,dev_tools,DDOG,0.7000000000000001,3.0,0.056967086378756804,0.01869411818366825,0.6366652458460003,0.0,1.0
2026-05-19,energy,OXY,0.8367187500000001,1.0,0.08014924977508064,0.07373864764238108,0.7623684720797925,0.0,1.0
2026-05-19,energy,APA,0.8351562499999999,2.0,0.10595848716656242,0.09954788503386286,0.8090283630239662,-0.023798191078202136,1.0
2026-05-19,energy,KMI,0.75703125,3.0,0.06625570602873809,0.05984510389603854,0.6383490965166966,0.0,1.0
2026-05-19,fintech,INTU,0.9384615384615385,1.0,0.028330881894592652,0.04691689430480554,0.7583739587109627,-0.024358879198089878,1.0
2026-05-19,fintech,V,0.8153846153846154,2.0,0.013448881656367151,0.03203489406658004,0.5804508483891986,-0.010046582682434857,1.0
2026-05-19,fintech,SCHW,0.7846153846153847,3.0,0.028165900498245744,0.046751912908458634,0.48621547968413065,0.0,1.0
2026-05-19,gold,GLD,0.8285714285714286,1.0,-0.04612755308837779,0.05385704777797683,0.6683735916301745,-0.051233786266178694,0.0
2026-05-19,gold,FNV,0.7071428571428572,2.0,-0.05890298191505139,0.04108161895130323,0.61713448863729,-0.09824534410747554,0.0
2026-05-19,gold,AEM,0.65,3.0,-0.1179650343363402,-0.017980433469985582,0.8143435295564999,-0.14830701995493922,0.0
2026-05-19,growth,QQQ,1.0,1.0,-0.0026228444295623987,0.0,0.847013555791639,-0.020012738022828547,1.0
2026-05-19,healthcare,HUM,0.92,1.0,0.0473336048073425,0.03992830182067186,0.5046119123841523,0.0,1.0
2026-05-19,healthcare,ELV,0.79,2.0,0.026875178368382713,0.019469875381712076,0.4818374262734467,0.0,1.0
2026-05-19,healthcare,CNC,0.5,3.0,-0.0040465633604735984,-0.011451866347144235,0.30449979461899346,-0.0040465633604735984,1.0
2026-05-19,insurance,ALL,0.9208333333333334,1.0,0.046433400594658725,0.015336592428560225,1.5527316118726164,0.0,1.0
2026-05-19,insurance,MET,0.7708333333333334,2.0,0.037004116031216894,0.005907307865118394,0.4773585936985294,0.0,1.0
2026-05-19,insurance,PGR,0.6958333333333333,3.0,0.02948294606138746,-0.001613862104711039,0.5070403915755815,-0.0051624095316860075,1.0
2026-05-19,long_bonds,TLT,1.0,1.0,-0.02117890890229801,0.0,1.0502401304850923,-0.03738533181217829,0.0
2026-05-19,managed_care,HUM,0.92,1.0,0.0473336048073425,0.03992830182067186,0.5046119123841523,0.0,1.0
2026-05-19,managed_care,ELV,0.79,2.0,0.026875178368382713,0.019469875381712076,0.4818374262734467,0.0,1.0
2026-05-19,managed_care,CNC,0.5,3.0,-0.0040465633604735984,-0.011451866347144235,0.30449979461899346,-0.0040465633604735984,1.0
2026-05-19,market,SPY,1.0,1.0,-0.0015849561377506705,0.0,0.6291747228368975,-0.01491636045210254,1.0
2026-05-19,medtech,DXCM,0.971875,1.0,0.10206081004354761,0.06264150382552337,1.0990999676197761,0.0,1.0
2026-05-19,medtech,SYK,0.784375,2.0,0.07705892851331475,0.03763962229529051,0.7547323082863929,-0.03794927796047587,1.0
2026-05-19,medtech,EW,0.553125,3.0,0.033048970223162444,-0.006370335994861795,0.407934082790606,-0.021212164346312345,1.0
2026-05-19,mega_banks,BAC,0.8571428571428572,1.0,0.003347813858394444,0.016342282645785584,0.8085451085270736,-0.049440257213087424,0.0
2026-05-19,mega_banks,MS,0.825,2.0,0.002163331702590643,0.015157800489981785,0.5766091176854493,-0.011488684587736553,1.0
2026-05-19,mega_banks,GS,0.7535714285714286,3.0,-0.007759833667427496,0.005234635119963646,0.6178538461061421,-0.0313738686062327,1.0
2026-05-19,memory,LRCX,0.8166666666666667,1.0,-0.05258605991084864,0.006594679828804538,0.5496223773150931,-0.08397123727129285,0.0
2026-05-19,memory,MU,0.7749999999999999,2.0,-0.05970677360597798,-0.0005260338663248057,0.9534164825814352,-0.10305738563892441,1.0
2026-05-19,memory,WDC,0.4083333333333333,3.0,-0.0652493857021329,-0.006068645962479725,0.5313306817551617,-0.11434001324520704,1.0
2026-05-19,natural_gas,KMI,0.875,1.0,0.06625570602873809,0.016125146547300462,0.6383490965166966,0.0,1.0
2026-05-19,natural_gas,EQT,0.7625,2.0,0.06579422846822869,0.015663668986791057,0.7474483621128086,-0.007697755612941504,1.0
2026-05-19,natural_gas,WMB,0.6125,3.0,0.05981524676184646,0.009684687280408832,0.5654919163999578,0.0,1.0
2026-05-19,networking,CSCO,0.8800000000000001,1.0,0.17625138320714107,0.1487978397637102,0.776204239080325,-0.01758072330230087,1.0
2026-05-19,networking,MRVL,0.7900000000000001,2.0,0.09392095409265777,0.0664674106492269,0.6563006667522897,-0.014404671138332548,1.0
2026-05-19,networking,CIEN,0.495,3.0,-0.07072685713850613,-0.098180400581937,0.8855115426534506,-0.093378618845529,0.0
2026-05-19,nuclear,VST,0.8020833333333335,1.0,-0.07714306671021864,0.07544471394360902,0.778877281780809,-0.1863369444334778,0.0
2026-05-19,nuclear,CCJ,0.7437500000000001,2.0,-0.10740612396418714,0.045181656689640526,0.7487097435870229,-0.17473708239215147,0.0
2026-05-19,nuclear,CEG,0.7229166666666667,3.0,-0.11267332177013356,0.039914458883694104,0.8766746499843133,-0.1928894676522689,0.0
2026-05-19,oil_exploration,OXY,0.8142857142857144,1.0,0.08014924977508064,0.008003883796950814,0.7623684720797925,0.0,1.0
2026-05-19,oil_exploration,APA,0.7928571428571429,2.0,0.10595848716656242,0.03381312118843259,0.8090283630239662,-0.023798191078202136,1.0
2026-05-19,oil_exploration,EOG,0.7214285714285714,3.0,0.07522549743218243,0.003080131454052601,0.49577598862214517,0.0,1.0
2026-05-19,oil_integrated,XLE,0.7499999999999999,1.0,0.06496442067556663,-0.004353500212642622,0.6168920252133505,0.0,1.0
2026-05-19,oil_integrated,XOM,0.7166666666666667,2.0,0.08421973953242468,0.014901818644215428,0.5446214303745239,0.0,1.0
2026-05-19,oil_integrated,CVX,0.5333333333333333,3.0,0.05876960245663643,-0.01054831843157282,0.5652385047188068,0.0,1.0
2026-05-19,oil_services,HAL,0.9750000000000001,1.0,0.032613922912928306,0.00874814626281073,0.42155427054966776,0.0,1.0
2026-05-19,oil_services,SLB,0.6083333333333333,2.0,0.025341478484531388,0.0014757018344138118,0.3424110413800838,-0.001749821279936059,1.0
2026-05-19,oil_services,BKR,0.41666666666666663,3.0,0.013641928552893035,-0.010223848097224542,0.3863818686910028,-0.04763688379889974,0.0
2026-05-19,payments,V,0.9444444444444445,1.0,0.013448881656367151,0.02372550379185296,0.5804508483891986,-0.010046582682434857,1.0
2026-05-19,payments,FIS,0.725,2.0,0.0036038735187891024,0.013880495654274912,0.7544028649869695,-0.09772155564693608,0.0
2026-05-19,payments,MA,0.625,3.0,0.002030801011175365,0.012307423146661174,0.39619086642804546,-0.04646529933409005,0.0
2026-05-19,pharma,XLV,0.7681818181818182,1.0,0.010558746806220931,0.00879693863212388,0.9342323778892178,0.0,1.0
2026-05-19,pharma,LLY,0.7590909090909093,2.0,0.025229522129490922,0.023467713955393873,0.5175769207318548,-0.0008919881717517342,1.0
2026-05-19,pharma,ABBV,0.7545454545454546,3.0,0.02886558251891591,0.02710377434481886,0.434274886582487,0.0,1.0
2026-05-19,regional_banks,PNC,0.7571428571428572,1.0,-0.005111314851535376,0.009369023534853709,0.34142419921959083,-0.04878046961739069,0.0
2026-05-19,regional_banks,KEY,0.692857142857143,2.0,-0.015272591750591924,-0.0007922533642028395,0.5120903649592617,-0.05735490979690816,0.0
2026-05-19,regional_banks,FITB,0.6785714285714286,3.0,-0.016759251974201916,-0.002278913587812832,0.7305327753050841,-0.060424460597752305,0.0
2026-05-19,restaurants,MCD,0.7607142857142858,1.0,0.026924734373037662,0.02734175103714953,0.5456110409459413,-0.06706775733577397,0.0
2026-05-19,restaurants,CMG,0.7285714285714285,2.0,0.0234160773560399,0.023833094020151768,0.3471934442485626,-0.047707183364921524,1.0
2026-05-19,restaurants,SBUX,0.6285714285714286,3.0,0.006616239394273693,0.007033256058385562,0.3317704460446666,-0.0014978097095295073,1.0
2026-05-19,retail,KR,0.9166666666666667,1.0,0.1032744928246292,0.07215192356369303,0.9644862539978643,0.0,1.0
2026-05-19,retail,TGT,0.8111111111111111,2.0,0.043013381853903576,0.011890812592967412,1.305801919896851,-0.027266236288156942,1.0
2026-05-19,retail,COST,0.788888888888889,3.0,0.06533547415490726,0.034212904893971094,0.7315660655749858,0.0,1.0
2026-05-19,robotics,PATH,0.8964285714285715,1.0,0.04545453679344025,0.06525644772032889,1.1571304332827437,-0.04254347114406709,1.0
2026-05-19,robotics,OUST,0.7928571428571428,2.0,0.10479705212586676,0.1245989630527554,0.9057691808161534,-0.14113597217875462,1.0
2026-05-19,robotics,MBLY,0.7821428571428573,3.0,0.05308783847174037,0.07288974939862901,0.7348951486028023,-0.07692302815603491,1.0
2026-05-19,semis,MRVL,0.8958333333333333,1.0,0.09392095409265777,0.11737151021811709,0.6563006667522897,-0.014404671138332548,1.0
2026-05-19,semis,ARM,0.8902777777777777,2.0,0.08714888070778115,0.11059943683324047,0.6805883993121623,-0.047450525161472745,1.0
2026-05-19,semis,TXN,0.7513888888888889,3.0,0.029813285200541717,0.05326384132600103,0.47065713717212754,-0.013628880241510433,1.0
2026-05-19,silver,FNV,0.7899999999999999,1.0,-0.05890298191505139,0.07950552726623625,0.61713448863729,-0.09824534410747554,0.0
2026-05-19,silver,SLV,0.65,2.0,-0.14328458874019911,-0.004876079558911478,0.768724827547886,-0.15192187192174111,0.0
2026-05-19,silver,WPM,0.62,3.0,-0.12625234486425152,0.012156164317036117,0.5220302171407869,-0.13826701193648072,0.0
2026-05-19,small_cap_momentum,RKLB,0.9233333333333335,1.0,0.0879551223376942,0.15430991372239114,0.9323769342965711,-0.035081112175178064,1.0
2026-05-19,small_cap_momentum,ASTS,0.9149999999999999,2.0,0.22078679596064554,0.28714158734534245,0.7609858940301752,0.0,1.0
2026-05-19,small_cap_momentum,OUST,0.8683333333333334,3.0,0.10479705212586676,0.1711518435105637,0.9057691808161534,-0.14113597217875462,1.0
2026-05-19,small_caps,IWM,1.0,1.0,-0.028417732141271856,0.0,0.8048363219322294,-0.04274748873733192,0.0
2026-05-19,solar,ENPH,0.7312500000000001,1.0,0.2682764255064829,0.10747670614604721,0.7089049580111174,-0.1012478654572343,1.0
2026-05-19,solar,SEDG,0.6687500000000001,2.0,0.35997040353496557,0.19917068417452988,0.6921262527346,-0.10994166588995324,1.0
2026-05-19,solar,NXT,0.64375,3.0,0.027558380202351573,-0.13324133915808412,0.790431600759336,-0.10717996435984944,1.0
2026-05-19,storage,NTAP,0.8812500000000001,1.0,0.03854422780821354,0.06974820231794271,0.5332454886275528,0.0,1.0
2026-05-19,storage,DELL,0.6062500000000001,2.0,-0.0055662585480253934,0.025637715961703778,0.41383462618578415,-0.087729369555276,1.0
2026-05-19,storage,WDC,0.51875,3.0,-0.0652493857021329,-0.03404541119240373,0.5313306817551617,-0.11434001324520704,1.0
2026-05-19,travel,MAR,1.0,1.0,0.02929497452018004,0.051454745569172275,0.6884569782278551,-0.021046057477536184,1.0
2026-05-19,travel,UBER,0.6875,2.0,-0.024096437304581664,-0.0019366662555894282,0.5839745290666277,-0.05873438971106204,0.0
2026-05-19,travel,HLT,0.63125,3.0,0.008801796037824383,0.03096156708681662,0.2736162870402672,-0.057503852545262135,0.0
2026-05-19,uranium,CCJ,0.8125000000000001,1.0,-0.10740612396418714,0.06267845633481697,0.7487097435870229,-0.17473708239215147,0.0
2026-05-19,uranium,DNN,0.6958333333333333,2.0,-0.14764862901264098,0.022435951286363137,1.0810871238688649,-0.2270342715026682,0.0
2026-05-19,uranium,NXE,0.6291666666666668,3.0,-0.1383928543782632,0.031691725920740904,0.7136840119197041,-0.18969469755639523,0.0
2026-05-19,vertical_software,ADSK,0.9416666666666667,1.0,0.03789334244603193,0.04568059799123745,0.6483925486734409,-0.028959485373255323,1.0
2026-05-19,vertical_software,PTC,0.8666666666666667,2.0,0.010955497279720339,0.01874275282492586,0.6207761115247943,-0.012529569395198004,1.0
2026-05-19,vertical_software,PLTR,0.55,3.0,-0.007132361916934782,0.0006548936282707403,0.518818459842896,-0.11525355065294263,0.0
2026-05-19,workflow_software,NOW,0.8781250000000002,1.0,0.1473033776443995,0.08054461180190897,1.4236446726294736,-0.012666772208347554,1.0
2026-05-19,workflow_software,DOCU,0.728125,2.0,0.08897743316976348,0.022218667327272956,0.8076411941416549,0.0,1.0
2026-05-19,workflow_software,HUBS,0.609375,3.0,0.15725584811905557,0.09049708227656506,0.8383487451795273,-0.16008562633498225,0.0
