date,timestamp,p_long_oof_train,p_long_test,p_long_full
2026-01-08 13:15:00-05:00,2026-01-08 13:15:00-05:00,,0.38550717,0.38550717
2026-01-08 13:30:00-05:00,2026-01-08 13:30:00-05:00,,0.017142475,0.017142475
2026-01-08 13:45:00-05:00,2026-01-08 13:45:00-05:00,,0.38454136,0.38454136
2026-01-08 14:00:00-05:00,2026-01-08 14:00:00-05:00,,0.6515111,0.6515111
2026-01-08 14:15:00-05:00,2026-01-08 14:15:00-05:00,,0.87796944,0.87796944
2026-01-08 14:30:00-05:00,2026-01-08 14:30:00-05:00,,0.094020806,0.094020806
2026-01-08 14:45:00-05:00,2026-01-08 14:45:00-05:00,,0.018228902,0.018228902
2026-01-08 15:00:00-05:00,2026-01-08 15:00:00-05:00,,0.021356147,0.021356147
2026-01-08 15:15:00-05:00,2026-01-08 15:15:00-05:00,,0.041262783,0.041262783
2026-01-08 15:30:00-05:00,2026-01-08 15:30:00-05:00,,0.08278539,0.08278539
2026-01-08 15:45:00-05:00,2026-01-08 15:45:00-05:00,,0.1163812,0.1163812
2026-01-08 16:00:00-05:00,2026-01-08 16:00:00-05:00,,0.044862427,0.044862427
2026-01-09 09:30:00-05:00,2026-01-09 09:30:00-05:00,,0.06052121,0.06052121
2026-01-09 09:45:00-05:00,2026-01-09 09:45:00-05:00,,0.08496202,0.08496202
2026-01-09 10:00:00-05:00,2026-01-09 10:00:00-05:00,,0.4884498,0.4884498
2026-01-09 10:15:00-05:00,2026-01-09 10:15:00-05:00,,0.017832136,0.017832136
2026-01-09 10:30:00-05:00,2026-01-09 10:30:00-05:00,,0.0253014,0.0253014
2026-01-09 10:45:00-05:00,2026-01-09 10:45:00-05:00,,0.08106651,0.08106651
2026-01-09 11:00:00-05:00,2026-01-09 11:00:00-05:00,,0.05993559,0.05993559
2026-01-09 11:15:00-05:00,2026-01-09 11:15:00-05:00,,0.022002967,0.022002967
2026-01-09 11:30:00-05:00,2026-01-09 11:30:00-05:00,,0.01083411,0.01083411
2026-01-09 11:45:00-05:00,2026-01-09 11:45:00-05:00,,0.008999945,0.008999945
2026-01-09 12:00:00-05:00,2026-01-09 12:00:00-05:00,,0.0023901898,0.0023901898
2026-01-09 12:15:00-05:00,2026-01-09 12:15:00-05:00,,0.005123977,0.005123977
2026-01-09 12:30:00-05:00,2026-01-09 12:30:00-05:00,,0.04089292,0.04089292
2026-01-09 12:45:00-05:00,2026-01-09 12:45:00-05:00,,0.082320124,0.082320124
2026-01-09 13:00:00-05:00,2026-01-09 13:00:00-05:00,,0.52198386,0.52198386
2026-01-09 13:15:00-05:00,2026-01-09 13:15:00-05:00,,0.4682958,0.4682958
2026-01-09 13:30:00-05:00,2026-01-09 13:30:00-05:00,,0.06682558,0.06682558
2026-01-09 13:45:00-05:00,2026-01-09 13:45:00-05:00,,0.0049315533,0.0049315533
2026-01-09 14:00:00-05:00,2026-01-09 14:00:00-05:00,,0.0101329945,0.0101329945
2026-01-09 14:15:00-05:00,2026-01-09 14:15:00-05:00,,0.012875681,0.012875681
2026-01-09 14:30:00-05:00,2026-01-09 14:30:00-05:00,,0.008336677,0.008336677
2026-01-09 14:45:00-05:00,2026-01-09 14:45:00-05:00,,0.035340022,0.035340022
2026-01-09 15:00:00-05:00,2026-01-09 15:00:00-05:00,,0.051691793,0.051691793
2026-01-09 15:15:00-05:00,2026-01-09 15:15:00-05:00,,0.041345645,0.041345645
2026-01-09 15:30:00-05:00,2026-01-09 15:30:00-05:00,,0.060325492,0.060325492
2026-01-09 15:45:00-05:00,2026-01-09 15:45:00-05:00,,0.70260787,0.70260787
2026-01-09 16:00:00-05:00,2026-01-09 16:00:00-05:00,,0.17013688,0.17013688
2026-01-12 09:30:00-05:00,2026-01-12 09:30:00-05:00,,0.93243545,0.93243545
2026-01-12 09:45:00-05:00,2026-01-12 09:45:00-05:00,,0.16800563,0.16800563
2026-01-12 10:00:00-05:00,2026-01-12 10:00:00-05:00,,0.002160656,0.002160656
2026-01-12 10:15:00-05:00,2026-01-12 10:15:00-05:00,,0.0056518717,0.0056518717
2026-01-12 10:30:00-05:00,2026-01-12 10:30:00-05:00,,0.23729055,0.23729055
2026-01-12 10:45:00-05:00,2026-01-12 10:45:00-05:00,,0.29498836,0.29498836
2026-01-12 11:00:00-05:00,2026-01-12 11:00:00-05:00,,0.0058471933,0.0058471933
2026-01-12 11:15:00-05:00,2026-01-12 11:15:00-05:00,,0.011674068,0.011674068
2026-01-12 11:30:00-05:00,2026-01-12 11:30:00-05:00,,0.02957921,0.02957921
2026-01-12 11:45:00-05:00,2026-01-12 11:45:00-05:00,,0.04160091,0.04160091
2026-01-12 12:00:00-05:00,2026-01-12 12:00:00-05:00,,0.043523774,0.043523774
2026-01-12 12:15:00-05:00,2026-01-12 12:15:00-05:00,,0.19192329,0.19192329
2026-01-12 12:30:00-05:00,2026-01-12 12:30:00-05:00,,0.45087972,0.45087972
2026-01-12 12:45:00-05:00,2026-01-12 12:45:00-05:00,,0.036778215,0.036778215
2026-01-12 13:00:00-05:00,2026-01-12 13:00:00-05:00,,0.009484208,0.009484208
2026-01-12 13:15:00-05:00,2026-01-12 13:15:00-05:00,,0.009168947,0.009168947
2026-01-12 13:30:00-05:00,2026-01-12 13:30:00-05:00,,0.009743941,0.009743941
2026-01-12 13:45:00-05:00,2026-01-12 13:45:00-05:00,,0.010768646,0.010768646
2026-01-12 14:00:00-05:00,2026-01-12 14:00:00-05:00,,0.025106987,0.025106987
2026-01-12 14:15:00-05:00,2026-01-12 14:15:00-05:00,,0.022249285,0.022249285
2026-01-12 14:30:00-05:00,2026-01-12 14:30:00-05:00,,0.012555775,0.012555775
2026-01-12 14:45:00-05:00,2026-01-12 14:45:00-05:00,,0.0025506127,0.0025506127
2026-01-12 15:00:00-05:00,2026-01-12 15:00:00-05:00,,0.011901618,0.011901618
2026-01-12 15:15:00-05:00,2026-01-12 15:15:00-05:00,,0.04825993,0.04825993
2026-01-12 15:30:00-05:00,2026-01-12 15:30:00-05:00,,0.10057459,0.10057459
2026-01-12 15:45:00-05:00,2026-01-12 15:45:00-05:00,,0.2503077,0.2503077
2026-01-12 16:00:00-05:00,2026-01-12 16:00:00-05:00,,0.090508,0.090508
2026-01-13 09:30:00-05:00,2026-01-13 09:30:00-05:00,,0.12418395,0.12418395
2026-01-13 09:45:00-05:00,2026-01-13 09:45:00-05:00,,0.16254777,0.16254777
2026-01-13 10:00:00-05:00,2026-01-13 10:00:00-05:00,,0.7044811,0.7044811
2026-01-13 10:15:00-05:00,2026-01-13 10:15:00-05:00,,0.7628649,0.7628649
2026-01-13 10:30:00-05:00,2026-01-13 10:30:00-05:00,,0.24428722,0.24428722
2026-01-13 10:45:00-05:00,2026-01-13 10:45:00-05:00,,0.013653638,0.013653638
2026-01-13 11:00:00-05:00,2026-01-13 11:00:00-05:00,,0.0018806091,0.0018806091
2026-01-13 11:15:00-05:00,2026-01-13 11:15:00-05:00,,0.0724764,0.0724764
2026-01-13 11:30:00-05:00,2026-01-13 11:30:00-05:00,,0.088593826,0.088593826
2026-01-13 11:45:00-05:00,2026-01-13 11:45:00-05:00,,0.007827168,0.007827168
2026-01-13 12:00:00-05:00,2026-01-13 12:00:00-05:00,,0.0021249794,0.0021249794
2026-01-13 12:15:00-05:00,2026-01-13 12:15:00-05:00,,0.04340734,0.04340734
2026-01-13 12:30:00-05:00,2026-01-13 12:30:00-05:00,,0.40568933,0.40568933
2026-01-13 12:45:00-05:00,2026-01-13 12:45:00-05:00,,0.8080181,0.8080181
2026-01-13 13:00:00-05:00,2026-01-13 13:00:00-05:00,,0.453938,0.453938
2026-01-13 13:15:00-05:00,2026-01-13 13:15:00-05:00,,0.19649436,0.19649436
2026-01-13 13:30:00-05:00,2026-01-13 13:30:00-05:00,,0.10257337,0.10257337
2026-01-13 13:45:00-05:00,2026-01-13 13:45:00-05:00,,0.2907388,0.2907388
2026-01-13 14:00:00-05:00,2026-01-13 14:00:00-05:00,,0.38635075,0.38635075
2026-01-13 14:15:00-05:00,2026-01-13 14:15:00-05:00,,0.021201326,0.021201326
2026-01-13 14:30:00-05:00,2026-01-13 14:30:00-05:00,,0.0042459574,0.0042459574
2026-01-13 14:45:00-05:00,2026-01-13 14:45:00-05:00,,0.017195767,0.017195767
2026-01-13 15:00:00-05:00,2026-01-13 15:00:00-05:00,,0.009747028,0.009747028
2026-01-13 15:15:00-05:00,2026-01-13 15:15:00-05:00,,0.1336632,0.1336632
2026-01-13 15:30:00-05:00,2026-01-13 15:30:00-05:00,,0.38528603,0.38528603
2026-01-13 15:45:00-05:00,2026-01-13 15:45:00-05:00,,0.0115307085,0.0115307085
2026-01-13 16:00:00-05:00,2026-01-13 16:00:00-05:00,,0.00047476127,0.00047476127
2026-01-14 09:30:00-05:00,2026-01-14 09:30:00-05:00,,0.30891022,0.30891022
2026-01-14 09:45:00-05:00,2026-01-14 09:45:00-05:00,,0.43280676,0.43280676
2026-01-14 10:00:00-05:00,2026-01-14 10:00:00-05:00,,0.69209164,0.69209164
2026-01-14 10:15:00-05:00,2026-01-14 10:15:00-05:00,,0.016885197,0.016885197
2026-01-14 10:30:00-05:00,2026-01-14 10:30:00-05:00,,0.12589762,0.12589762
2026-01-14 10:45:00-05:00,2026-01-14 10:45:00-05:00,,0.81493723,0.81493723
2026-01-14 11:00:00-05:00,2026-01-14 11:00:00-05:00,,0.14178486,0.14178486
2026-01-14 11:15:00-05:00,2026-01-14 11:15:00-05:00,,0.008345212,0.008345212
2026-01-14 11:30:00-05:00,2026-01-14 11:30:00-05:00,,0.004996646,0.004996646
2026-01-14 11:45:00-05:00,2026-01-14 11:45:00-05:00,,0.7062278,0.7062278
2026-01-14 12:00:00-05:00,2026-01-14 12:00:00-05:00,,0.3248731,0.3248731
2026-01-14 12:15:00-05:00,2026-01-14 12:15:00-05:00,,0.17966272,0.17966272
2026-01-14 12:30:00-05:00,2026-01-14 12:30:00-05:00,,0.14424208,0.14424208
2026-01-14 12:45:00-05:00,2026-01-14 12:45:00-05:00,,0.12335878,0.12335878
2026-01-14 13:00:00-05:00,2026-01-14 13:00:00-05:00,,0.2009719,0.2009719
2026-01-14 13:15:00-05:00,2026-01-14 13:15:00-05:00,,0.12642992,0.12642992
2026-01-14 13:30:00-05:00,2026-01-14 13:30:00-05:00,,0.2534956,0.2534956
2026-01-14 13:45:00-05:00,2026-01-14 13:45:00-05:00,,0.051293213,0.051293213
2026-01-14 14:00:00-05:00,2026-01-14 14:00:00-05:00,,0.02906458,0.02906458
2026-01-14 14:15:00-05:00,2026-01-14 14:15:00-05:00,,0.024114387,0.024114387
2026-01-14 14:30:00-05:00,2026-01-14 14:30:00-05:00,,0.29059592,0.29059592
2026-01-14 14:45:00-05:00,2026-01-14 14:45:00-05:00,,0.24835387,0.24835387
2026-01-14 15:00:00-05:00,2026-01-14 15:00:00-05:00,,0.22792356,0.22792356
2026-01-14 15:15:00-05:00,2026-01-14 15:15:00-05:00,,0.110738896,0.110738896
2026-01-14 15:30:00-05:00,2026-01-14 15:30:00-05:00,,0.048149403,0.048149403
2026-01-14 15:45:00-05:00,2026-01-14 15:45:00-05:00,,0.14271158,0.14271158
2026-01-14 16:00:00-05:00,2026-01-14 16:00:00-05:00,,0.005389294,0.005389294
2026-01-15 09:30:00-05:00,2026-01-15 09:30:00-05:00,,0.05012597,0.05012597
2026-01-15 09:45:00-05:00,2026-01-15 09:45:00-05:00,,0.022095038,0.022095038
2026-01-15 10:00:00-05:00,2026-01-15 10:00:00-05:00,,0.117241256,0.117241256
2026-01-15 10:15:00-05:00,2026-01-15 10:15:00-05:00,,0.056303535,0.056303535
2026-01-15 10:30:00-05:00,2026-01-15 10:30:00-05:00,,0.026987253,0.026987253
2026-01-15 10:45:00-05:00,2026-01-15 10:45:00-05:00,,0.1827105,0.1827105
2026-01-15 11:00:00-05:00,2026-01-15 11:00:00-05:00,,0.011342277,0.011342277
2026-01-15 11:15:00-05:00,2026-01-15 11:15:00-05:00,,0.014668106,0.014668106
2026-01-15 11:30:00-05:00,2026-01-15 11:30:00-05:00,,0.020617593,0.020617593
2026-01-15 11:45:00-05:00,2026-01-15 11:45:00-05:00,,0.023386106,0.023386106
2026-01-15 12:00:00-05:00,2026-01-15 12:00:00-05:00,,0.032985393,0.032985393
2026-01-15 12:15:00-05:00,2026-01-15 12:15:00-05:00,,0.05060817,0.05060817
2026-01-15 12:30:00-05:00,2026-01-15 12:30:00-05:00,,0.21926074,0.21926074
2026-01-15 12:45:00-05:00,2026-01-15 12:45:00-05:00,,0.5743353,0.5743353
2026-01-15 13:00:00-05:00,2026-01-15 13:00:00-05:00,,0.19668736,0.19668736
2026-01-15 13:15:00-05:00,2026-01-15 13:15:00-05:00,,0.015685698,0.015685698
2026-01-15 13:30:00-05:00,2026-01-15 13:30:00-05:00,,0.0018206666,0.0018206666
2026-01-15 13:45:00-05:00,2026-01-15 13:45:00-05:00,,0.002115794,0.002115794
2026-01-15 14:00:00-05:00,2026-01-15 14:00:00-05:00,,0.30827898,0.30827898
2026-01-15 14:15:00-05:00,2026-01-15 14:15:00-05:00,,0.13675563,0.13675563
2026-01-15 14:30:00-05:00,2026-01-15 14:30:00-05:00,,0.79840225,0.79840225
2026-01-15 14:45:00-05:00,2026-01-15 14:45:00-05:00,,0.32281512,0.32281512
2026-01-15 15:00:00-05:00,2026-01-15 15:00:00-05:00,,0.275665,0.275665
2026-01-15 15:15:00-05:00,2026-01-15 15:15:00-05:00,,0.6878567,0.6878567
2026-01-15 15:30:00-05:00,2026-01-15 15:30:00-05:00,,0.0688882,0.0688882
2026-01-15 15:45:00-05:00,2026-01-15 15:45:00-05:00,,0.87941575,0.87941575
2026-01-15 16:00:00-05:00,2026-01-15 16:00:00-05:00,,0.0026533874,0.0026533874
2026-01-16 09:30:00-05:00,2026-01-16 09:30:00-05:00,,0.022667564,0.022667564
2026-01-16 09:45:00-05:00,2026-01-16 09:45:00-05:00,,0.030272141,0.030272141
2026-01-16 10:00:00-05:00,2026-01-16 10:00:00-05:00,,0.52159715,0.52159715
2026-01-16 10:15:00-05:00,2026-01-16 10:15:00-05:00,,0.5608837,0.5608837
2026-01-16 10:30:00-05:00,2026-01-16 10:30:00-05:00,,0.8609251,0.8609251
2026-01-16 10:45:00-05:00,2026-01-16 10:45:00-05:00,,0.19140054,0.19140054
2026-01-16 11:00:00-05:00,2026-01-16 11:00:00-05:00,,0.0065652663,0.0065652663
2026-01-16 11:15:00-05:00,2026-01-16 11:15:00-05:00,,0.001953125,0.001953125
2026-01-16 11:30:00-05:00,2026-01-16 11:30:00-05:00,,0.002830607,0.002830607
2026-01-16 11:45:00-05:00,2026-01-16 11:45:00-05:00,,0.028066428,0.028066428
2026-01-16 12:00:00-05:00,2026-01-16 12:00:00-05:00,,0.13513297,0.13513297
2026-01-16 12:15:00-05:00,2026-01-16 12:15:00-05:00,,0.049753405,0.049753405
2026-01-16 12:30:00-05:00,2026-01-16 12:30:00-05:00,,0.1691655,0.1691655
2026-01-16 12:45:00-05:00,2026-01-16 12:45:00-05:00,,0.30446285,0.30446285
2026-01-16 13:00:00-05:00,2026-01-16 13:00:00-05:00,,0.29554164,0.29554164
2026-01-16 13:15:00-05:00,2026-01-16 13:15:00-05:00,,0.0148342345,0.0148342345
2026-01-16 13:30:00-05:00,2026-01-16 13:30:00-05:00,,0.0029493833,0.0029493833
2026-01-16 13:45:00-05:00,2026-01-16 13:45:00-05:00,,0.013153598,0.013153598
2026-01-16 14:00:00-05:00,2026-01-16 14:00:00-05:00,,0.21842228,0.21842228
2026-01-16 14:15:00-05:00,2026-01-16 14:15:00-05:00,,0.0738131,0.0738131
2026-01-16 14:30:00-05:00,2026-01-16 14:30:00-05:00,,0.12454367,0.12454367
2026-01-16 14:45:00-05:00,2026-01-16 14:45:00-05:00,,0.012546462,0.012546462
2026-01-16 15:00:00-05:00,2026-01-16 15:00:00-05:00,,0.0026151896,0.0026151896
2026-01-16 15:15:00-05:00,2026-01-16 15:15:00-05:00,,0.01313234,0.01313234
2026-01-16 15:30:00-05:00,2026-01-16 15:30:00-05:00,,0.07968858,0.07968858
2026-01-16 15:45:00-05:00,2026-01-16 15:45:00-05:00,,0.03499809,0.03499809
2026-01-20 09:30:00-05:00,2026-01-20 09:30:00-05:00,,0.8789335,0.8789335
2026-01-20 09:45:00-05:00,2026-01-20 09:45:00-05:00,,0.23030229,0.23030229
2026-01-20 10:00:00-05:00,2026-01-20 10:00:00-05:00,,0.8609849,0.8609849
2026-01-20 10:15:00-05:00,2026-01-20 10:15:00-05:00,,0.061503638,0.061503638
2026-01-20 10:30:00-05:00,2026-01-20 10:30:00-05:00,,0.0011499872,0.0011499872
2026-01-20 10:45:00-05:00,2026-01-20 10:45:00-05:00,,0.0015187316,0.0015187316
2026-01-20 11:00:00-05:00,2026-01-20 11:00:00-05:00,,0.33925593,0.33925593
2026-01-20 11:15:00-05:00,2026-01-20 11:15:00-05:00,,0.20567364,0.20567364
2026-01-20 11:30:00-05:00,2026-01-20 11:30:00-05:00,,0.081902586,0.081902586
2026-01-20 11:45:00-05:00,2026-01-20 11:45:00-05:00,,0.12274215,0.12274215
2026-01-20 12:00:00-05:00,2026-01-20 12:00:00-05:00,,0.11265175,0.11265175
2026-01-20 12:15:00-05:00,2026-01-20 12:15:00-05:00,,0.10890665,0.10890665
2026-01-20 12:30:00-05:00,2026-01-20 12:30:00-05:00,,0.10696462,0.10696462
2026-01-20 12:45:00-05:00,2026-01-20 12:45:00-05:00,,0.5004175,0.5004175
2026-01-20 13:00:00-05:00,2026-01-20 13:00:00-05:00,,0.083964676,0.083964676
2026-01-20 13:15:00-05:00,2026-01-20 13:15:00-05:00,,0.06542736,0.06542736
2026-01-20 13:30:00-05:00,2026-01-20 13:30:00-05:00,,0.046733774,0.046733774
2026-01-20 13:45:00-05:00,2026-01-20 13:45:00-05:00,,0.3836357,0.3836357
2026-01-20 14:00:00-05:00,2026-01-20 14:00:00-05:00,,0.05865296,0.05865296
2026-01-20 14:15:00-05:00,2026-01-20 14:15:00-05:00,,0.2167241,0.2167241
2026-01-20 14:30:00-05:00,2026-01-20 14:30:00-05:00,,0.564268,0.564268
2026-01-20 14:45:00-05:00,2026-01-20 14:45:00-05:00,,0.034548756,0.034548756
2026-01-20 15:00:00-05:00,2026-01-20 15:00:00-05:00,,0.018733917,0.018733917
2026-01-20 15:15:00-05:00,2026-01-20 15:15:00-05:00,,0.5679362,0.5679362
2026-01-20 15:30:00-05:00,2026-01-20 15:30:00-05:00,,0.30596045,0.30596045
2026-01-20 15:45:00-05:00,2026-01-20 15:45:00-05:00,,0.76525444,0.76525444
2026-01-20 16:00:00-05:00,2026-01-20 16:00:00-05:00,,0.00051920465,0.00051920465
