timestamp,bar_idx,side,prob,entry_close,exit_close,mfe_atr,mae_atr,ret_net,hit_within_1_bars
2025-09-19 09:30:00-04:00,47281,long,0.8382805585861206,661.62,662.535,1.7465984491101139,1.9151298784102355,0.0012829690759046275,True
2025-09-19 09:50:00-04:00,47283,short,0.8279796838760376,662.13,662.405,2.589093245839029,0.9267776959537414,-0.0005151538711211212,False
2025-09-19 11:30:00-04:00,47293,long,0.9300363659858704,660.74,663.09,3.8332294758802417,-0.08104079230183385,0.0034566183370161488,True
2025-09-19 12:20:00-04:00,47298,short,0.7948091626167297,662.48,663.78,0.5828730110512049,2.7289054608302306,-0.002058480219349745,False
2025-09-19 15:00:00-04:00,47314,short,0.8373355865478516,663.27,664.63,2.5530930724407876,4.890431800731833,-0.0021462512977145185,False
2025-09-22 10:40:00-04:00,47328,short,0.7697606086730957,664.655,666.17,0.3106730449120722,3.8651381764070214,-0.002374194274734631,False
2025-09-22 12:10:00-04:00,47337,short,0.8285331130027771,665.365,667.01,-0.010382539059765935,3.8934521474157666,-0.002566229891605831,False
2025-09-22 13:40:00-04:00,47346,short,0.8539464473724365,666.67,666.635,1.540066100369716,1.6378480749965545,-4.749750613154405e-05,True
2025-09-22 14:00:00-04:00,47348,long,0.8124388456344604,666.17,666.4,2.8851308670666,-0.02465923818003245,0.00024525721662648224,True
2025-09-22 15:10:00-04:00,47355,short,0.8847863674163818,667.04,665.53,4.470756044111022,0.8766188321788466,0.0021688684206571,False
2025-09-23 10:00:00-04:00,47364,long,0.8501815795898438,667.05,663.71,0.41506822677042354,7.969309953988788,-0.005107120905479279,False
2025-09-23 11:40:00-04:00,47374,long,0.8506928086280823,665.82,662.26,0.10121082326289085,9.665633621614994,-0.005446790423838344,False
2025-09-23 13:40:00-04:00,47386,long,0.9547645449638367,663.38,663.28,1.9338226774429104,2.2332010835741385,-0.00025074316379759533,False
2025-09-23 14:30:00-04:00,47391,short,0.9260326027870178,662.64,662.68,1.0186116810688874,3.079708754481874,-0.00016036095853201306,False
2025-09-24 09:30:00-04:00,47400,short,0.9461885690689087,663.62,660.48,6.168687027299189,0.34488212096720955,0.0046541182170542926,True
2025-09-24 09:50:00-04:00,47402,long,0.8658071160316467,663.04,661.18,0.9380913372422887,5.117555181216015,-0.002905260617760652,False
2025-09-24 12:10:00-04:00,47416,long,0.9369910359382629,660.28,660.785,2.252187669960786,0.42322989771070796,0.00066482704307268,True
2025-09-24 13:10:00-04:00,47422,short,0.9112052917480469,661.18,655.6,9.796528419641385,0.9522161066867857,0.008411287370347676,False
2025-09-24 14:10:00-04:00,47428,long,0.9340546131134033,660.67,658.83,1.145328604426442,9.504517971060093,-0.0028850515385895445,False
2025-09-24 15:00:00-04:00,47433,short,0.7765131592750549,660.7,659.235,9.947450201845575,1.1388851751665467,0.002122272785880719,True
2025-09-25 09:40:00-04:00,47441,long,0.7714052796363831,656.15,658.105,3.7440812428935693,1.0978015989964893,0.002879501638344928,False
2025-09-25 13:00:00-04:00,47461,long,0.8625665307044983,658.105,661.53,4.4019252799076645,4.4019252799078,0.00510433669399245,False
2025-09-25 15:50:00-04:00,47478,short,0.8153514266014099,657.79,660.485,-0.17630210967849383,5.742411572385861,-0.004180334905410488,False
2025-09-26 10:20:00-04:00,47485,long,0.8894813656806946,658.77,661.315,2.673551075555245,0.6525277201355322,0.003763260318472506,True
2025-09-26 11:30:00-04:00,47492,short,0.9248614311218262,659.19,661.94,0.6320683747437785,2.679420284239677,-0.004254455086563758,False
2025-09-26 12:00:00-04:00,47495,long,0.8153839111328125,658.835,661.62,3.2218402142503346,0.13260622833041752,0.004127158545007325,True
2025-09-26 13:30:00-04:00,47504,short,0.7823274731636047,661.46,664.22,0.8662672296188545,4.637077523253417,-0.00425524976664361,False
2025-09-26 13:50:00-04:00,47506,long,0.9441803693771362,661.36,664.785,5.012542911893454,0.6835285788945481,0.0050787226321518,True
2025-09-29 09:30:00-04:00,47520,short,0.9654175639152527,663.93,663.04,1.4880630964902273,1.7085168885629811,0.0012423021235521304,False
2025-09-29 10:20:00-04:00,47525,long,0.7841228246688843,664.775,662.61,0.5082681575822688,3.2361883957454634,-0.003356741002594765,False
2025-09-29 11:50:00-04:00,47534,long,0.9394670128822327,663.23,662.31,0.8595020672678502,2.038465079892154,-0.0014871507621791013,False
2025-09-29 13:30:00-04:00,47544,long,0.8934199810028076,662.515,662.895,2.273737514041533,1.1648245461278086,0.0004735719191264366,True
2025-09-29 14:30:00-04:00,47550,short,0.8094143867492676,663.24,662.51,3.244134789652421,1.049573020181694,0.00100187016045038,True
2025-09-29 15:10:00-04:00,47554,long,0.8848490715026855,662.31,662.95,2.823555050717937,1.3572878664852914,0.0008663148676604116,True
2025-09-30 10:00:00-04:00,47563,short,0.8840147852897644,662.455,662.18,1.2708182634399448,2.4421146146825325,0.0003152949349121027,False
2025-09-30 10:40:00-04:00,47567,long,0.8959600925445557,663.095,663.165,1.1964376832165555,1.8416370621240874,5.565567527943211e-06,False
2025-09-30 12:20:00-04:00,47577,short,0.9675613641738892,663.385,665.97,2.142075648974301,3.471639844889374,-0.003981556226256522,True
2025-09-30 13:20:00-04:00,47583,long,0.8508854508399963,662.18,665.17,6.639226524388542,0.542129235212776,0.004415388565042855,True
2025-09-30 13:50:00-04:00,47586,short,0.9038797616958618,662.485,665.39,0.08357413674304917,6.328841446079887,-0.004465860623093188,False
2025-09-30 15:50:00-04:00,47598,short,0.8304600119590759,666.06,666.69,4.540885797044751,1.6818095544611027,-0.0010449669261577532,True
2025-10-01 09:30:00-04:00,47599,long,0.8971670866012573,665.11,666.91,2.5169375161720677,2.480104284228119,0.002606319255461498,False
2025-10-01 11:40:00-04:00,47612,short,0.8157843947410583,666.97,669.18,0.7082723336239543,3.2689492321106415,-0.0034025493888041433,False
2025-10-01 12:50:00-04:00,47619,long,0.8895350098609924,666.91,669.785,6.409435959089667,0.15847506492240315,0.004210926511823076,True
2025-10-01 14:20:00-04:00,47628,short,0.8094972372055054,668.72,667.83,3.3632674956392536,3.6635592363210456,0.0012326744830270964,False
2025-10-02 09:30:00-04:00,47639,short,0.9656882882118225,669.785,668.42,5.326144147378824,0.008966572638676994,0.001942129200203524,True
2025-10-02 10:30:00-04:00,47645,long,0.9077392220497131,668.9,668.9,0.28759944561885126,3.4265419663717083,-0.0001,False
2025-10-02 12:00:00-04:00,47654,short,0.7906195521354675,667.925,669.485,0.5270834591367297,2.577654724819403,-0.0024301492938603284,True
2025-10-02 12:40:00-04:00,47658,long,0.7572268843650818,668.075,669.25,2.5879277681551405,0.1899396527086424,0.0016587845676008129,True
2025-10-02 13:40:00-04:00,47664,short,0.9305607676506042,668.735,671.37,-0.027303754332929454,5.160409568928427,-0.004024810462189288,False
2025-10-02 15:50:00-04:00,47677,long,0.876246988773346,669.15,672.29,8.380174800113444,-0.23875141880670575,0.004592520361652796,True
2025-10-03 09:50:00-04:00,47681,short,0.953620195388794,670.78,670.79,1.4180625817318895,3.3746299413367957,-0.00011490779528612319,True
2025-10-03 11:40:00-04:00,47692,long,0.8837470412254333,671.99,669.81,1.2847334591236097,7.324898229630677,-0.0033440958942842045,True
2025-10-03 12:00:00-04:00,47694,short,0.824944257736206,672.435,669.65,8.367766686784243,0.44144138441422065,0.0040588889718509045,True
2025-10-03 13:30:00-04:00,47703,long,0.882559061050415,670.68,670.24,1.615980359506682,4.2695902130121715,-0.0007560505755351942,False
2025-10-03 14:30:00-04:00,47709,short,0.8803551197052002,669.93,671.08,1.4538775723703041,2.149210324373593,-0.001813655599928643,True
2025-10-03 15:50:00-04:00,47717,long,0.9031211137771606,669.21,671.55,3.730431955875945,0.01389360132541016,0.0033966602411796723,True
2025-10-06 09:30:00-04:00,47719,short,0.9271209239959717,670.73,671.725,1.5726426571648677,1.465702956477611,-0.0015812609326733118,True
2025-10-06 13:10:00-04:00,47741,long,0.8016272783279419,671.64,672.015,2.83476417937996,0.1469877722640099,0.0004583348222262252,True
2025-10-06 14:00:00-04:00,47746,short,0.9202359914779663,672.19,670.85,3.5156903579072596,1.7800963837503638,0.0018974659014683204,False
2025-10-06 15:50:00-04:00,47757,long,0.7484192848205566,671.585,668.49,3.790274470583693,10.494069530655374,-0.004708500785455383,True
2025-10-07 09:30:00-04:00,47758,short,0.8991953730583191,672.725,668.33,11.314426907340636,0.41613697372910763,0.006476092648841181,True
2025-10-07 10:50:00-04:00,47766,long,0.7759689688682556,670.85,668.53,0.4734151691636653,6.22343691129706,-0.00355829917269147,False
2025-10-07 12:40:00-04:00,47777,short,0.9439540505409241,668.49,669.34,0.7885228729208064,1.0573374886893032,-0.0013699076702423762,True
2025-10-07 13:00:00-04:00,47779,long,0.7960371971130371,669.03,670.38,1.9005987823738268,1.47143131538604,0.0019178467333302752,False
2025-10-08 09:30:00-04:00,47798,short,0.9015958309173584,669.97,672.71,0.7896708998442916,5.208467637270595,-0.004173077551991267,False
2025-10-08 10:50:00-04:00,47806,long,0.7438161373138428,671.78,673.09,2.1617553385156842,0.12906002020977117,0.0018500431688945774,False
2025-10-08 11:10:00-04:00,47808,short,0.8186379671096802,672.03,672.74,-0.06090336159090636,1.8967046895409891,-0.0011553854386539108,False
2025-10-08 12:50:00-04:00,47818,long,0.9266499280929565,672.71,673.44,2.66956150000158,1.2253724918042201,0.000985162997428446,False
2025-10-08 13:30:00-04:00,47822,short,0.813066840171814,672.805,671.74,3.2410353625567594,2.751822477642673,0.001485434840861044,False
2025-10-09 09:30:00-04:00,47838,short,0.946498692035675,673.44,669.82,9.738754479644113,0.3376101552943174,0.00530443701292892,True
2025-10-09 10:00:00-04:00,47841,long,0.885732889175415,671.89,669.445,0.509656197270405,4.885006570063687,-0.003738988524907294,False
2025-10-09 11:40:00-04:00,47851,long,0.9281236529350281,671.145,670.19,0.6747438205907149,3.0403162739552636,-0.0015229413912044687,True
2025-10-09 12:00:00-04:00,47853,short,0.8112050294876099,671.23,670.53,3.319563720446312,0.24896727903343566,0.0009439503079653356,True
2025-10-09 13:30:00-04:00,47862,long,0.9446579813957214,670.125,672.285,5.468501216065319,1.0675560142916598,0.0031232792389479405,False
2025-10-10 09:40:00-04:00,47879,short,0.9487714171409607,673.08,657.97,23.03886247151689,0.2278068141547128,0.022864572852865573,True
2025-10-10 10:10:00-04:00,47882,long,0.8525713682174683,672.285,660.18,1.0982779298805765,19.858237819651368,-0.01810575648720415,True
2025-10-10 11:40:00-04:00,47891,long,0.8887656927108765,662.69,657.16,0.7122907530243423,3.1426161313211165,-0.008444776592373648,False
2025-10-10 13:10:00-04:00,47900,long,0.7569855451583862,658.74,662.65,2.461782731005023,3.254654196171101,0.005835573974557462,True
2025-10-10 13:30:00-04:00,47902,short,0.816727340221405,660.18,660.84,4.11554759226639,1.6890072198083805,-0.00109872889050312,True
2025-10-10 15:10:00-04:00,47912,long,0.7567608952522278,657.01,663.15,4.430525624011952,2.9114882672078655,0.00924536765041627,False
2025-10-13 10:30:00-04:00,47923,long,0.9634389281272888,662.29,663.25,1.1807484103089578,1.2727547799433943,0.0013495160730194633,False
2025-10-13 12:20:00-04:00,47934,short,0.7740882039070129,663.45,663.0,1.275485870179135,0.8429935348884876,0.0005787330316742057,False
2025-10-13 13:50:00-04:00,47943,long,0.9174683094024658,663.25,660.02,0.9630304844783726,9.544490247157018,-0.004969958537504715,False
2025-10-13 14:30:00-04:00,47947,short,0.8637658357620239,663.37,659.65,10.892837564475062,0.30108534235466156,0.005539354202986446,True
2025-10-14 09:40:00-04:00,47958,long,0.7461270093917847,654.58,664.81,7.795496244155903,0.31803928466641157,0.015528341837514049,True
2025-10-14 11:00:00-04:00,47966,short,0.8493778705596924,660.18,665.11,0.4935344745718581,4.071659415218139,-0.0075123077385696015,False
2025-10-14 12:50:00-04:00,47977,short,0.9561637043952942,664.37,666.64,3.1600763181827816,2.3816751662774753,-0.0035051362054482446,False
2025-10-14 15:30:00-04:00,47993,long,0.8801560401916504,663.0,665.15,6.877438480750749,2.588591428171481,0.003142835595776761,True
2025-10-15 09:40:00-04:00,47998,short,0.9763969779014587,666.35,661.77,3.405109191183562,2.6891631561142133,0.006820833522220837,False
2025-10-15 11:30:00-04:00,48009,long,0.8642789721488953,666.35,665.755,0.06648027410644675,6.116185217798675,-0.0009929241389660226,False
2025-10-15 13:10:00-04:00,48019,long,0.8544095754623413,660.63,666.195,5.443956928652923,0.3507515873494612,0.008323777303483205,True
2025-10-15 14:40:00-04:00,48028,short,0.7732225656509399,664.95,666.36,1.4240710558059966,3.092509334205787,-0.002215973347739941,True
2025-10-15 15:50:00-04:00,48035,long,0.9227052927017212,665.08,660.94,3.0272118065114206,4.899978432573637,-0.006324815059842404,True
2025-10-16 09:40:00-04:00,48037,short,0.9633034467697144,666.6,662.74,5.61022773872735,1.5631255216867785,0.005724305157376974,False
2025-10-16 11:00:00-04:00,48045,long,0.9386698603630066,667.73,658.47,0.2132170683828049,8.307265010453417,-0.01396788073023526,False
2025-10-16 12:40:00-04:00,48055,long,0.9501835703849792,660.94,659.83,2.1330065125214817,2.4229922921695244,-0.001779426271673723,True
2025-10-16 13:00:00-04:00,48057,short,0.7766425013542175,662.74,660.69,3.325843561367978,0.9032416866304971,0.0030028167521831575,True
2025-10-16 14:30:00-04:00,48066,long,0.7912771105766296,658.78,659.36,2.867749294881158,0.46120504123860095,0.0007804153131547476,True
2025-10-17 09:40:00-04:00,48076,long,0.8482276201248169,660.08,661.49,2.0880776347800567,1.1175626777696757,0.002036104714580034,True
2025-10-17 09:50:00-04:00,48077,short,0.8502160906791687,660.69,660.795,1.433018303164266,1.6785154626703913,-0.0002588995074114363,False
2025-10-17 11:30:00-04:00,48087,long,0.9045156836509705,659.8,664.34,2.914068428541944,0.010996484635997193,0.006780872991815723,True
2025-10-17 12:10:00-04:00,48091,short,0.818389356136322,662.38,664.965,1.0657043741795855,1.9783241421234974,-0.003987422646304706,False
2025-10-17 14:30:00-04:00,48105,short,0.8708181977272034,664.5,670.85,0.34654576115687463,5.179554924817483,-0.009565603339047556,False
2025-10-20 10:10:00-04:00,48118,short,0.8578940629959106,669.275,671.835,0.0708611630672085,2.2717255218625927,-0.003910459413397749,False
2025-10-20 11:10:00-04:00,48124,long,0.861845076084137,670.81,671.75,1.3833430778141527,0.5573180745149598,0.0013012909765805936,True
2025-10-20 14:10:00-04:00,48142,short,0.8363668918609619,671.95,672.59,3.401701365282882,1.1687896998663274,-0.0010515455180718613,True
2025-10-20 14:50:00-04:00,48146,long,0.882460355758667,671.67,671.74,1.947016600774907,3.1568133235861575,4.217845072751553e-06,True
2025-10-21 10:00:00-04:00,48157,long,0.9491975903511047,670.7,671.59,3.7270760124990625,0.6998439674126025,0.0012269718204860225,True
2025-10-21 10:20:00-04:00,48159,short,0.9444743990898132,670.6,672.01,0.4672990663989527,3.384378086949552,-0.0021981830627520013,False
2025-10-21 11:30:00-04:00,48166,long,0.7823773622512817,671.74,671.96,1.7239497543749769,1.3239934113600325,0.00022750766665667897,True
2025-10-21 12:50:00-04:00,48174,short,0.8810938596725464,671.5,671.29,1.3865790734838552,1.4898349619346807,0.0002128305203414783,True
2025-10-21 13:00:00-04:00,48175,long,0.9497374296188354,671.6,671.27,1.2943133807273883,1.4792152922600341,-0.0005913639070875942,True
2025-10-22 10:40:00-04:00,48200,long,0.8955844044685364,668.855,664.94,2.0278631491964476,7.267063678923813,-0.005953286586778861,True
2025-10-22 11:50:00-04:00,48207,short,0.8807790875434875,668.99,667.2,6.485189444751147,0.2316139087411641,0.002582853717026257,True
2025-10-22 12:30:00-04:00,48211,long,0.9653598070144653,667.19,667.82,1.0610044190495656,3.4459972584517633,0.0008442587568757598,False
2025-10-23 09:50:00-04:00,48234,short,0.9342677593231201,669.865,671.16,1.4909601432507213,1.5483047641449257,-0.0020294952023362065,True
2025-10-23 10:20:00-04:00,48237,long,0.8176860213279724,669.375,672.12,2.562745519352424,0.49266945903237575,0.004000840336134448,True
2025-10-23 11:30:00-04:00,48244,short,0.8225887417793274,669.77,672.55,0.9166318336103974,2.7926399904813777,-0.004233521671251139,False
2025-10-23 13:00:00-04:00,48253,short,0.9448573589324951,670.73,676.98,-0.045478914331861284,7.958810008082963,-0.00933217820319655,False
2025-10-23 14:30:00-04:00,48262,short,0.7851002812385559,672.42,677.69,1.602753046225394,7.883812281432975,-0.007876416945801334,False
2025-10-23 15:50:00-04:00,48270,long,0.9003726243972778,671.525,677.57,12.591400464467707,-0.17323432934464597,0.008901898663489883,True
2025-10-24 09:40:00-04:00,48273,short,0.8961039185523987,676.98,677.89,1.0736689440878733,1.5885918050278716,-0.0014424006844767745,False
2025-10-24 10:50:00-04:00,48280,long,0.8719276189804077,676.665,678.255,1.9926169470822481,0.1806338308969398,0.002249759482166203,True
2025-10-24 12:20:00-04:00,48289,short,0.932280421257019,677.91,677.72,0.9323688114226243,0.7678331388187694,0.00018035176769147797,False
2025-10-24 12:40:00-04:00,48291,long,0.9522285461425781,677.93,677.12,0.7583511804273158,1.6150071435023536,-0.0012948136238253416,False
2025-10-24 15:10:00-04:00,48306,short,0.894387423992157,678.15,683.385,3.0517227916273786,12.162340468821565,-0.0077603964090520285,True
2025-10-24 15:50:00-04:00,48310,long,0.9465027451515198,677.1,683.565,13.821870558778832,0.5379769977967661,0.009448072662826757,True
2025-10-27 13:20:00-04:00,48335,long,0.855491578578949,683.39,685.79,8.922024385738457,0.10551671415449636,0.0034119038908968394,True
2025-10-27 15:10:00-04:00,48346,short,0.8955202102661133,684.005,685.585,-0.016318342698492225,10.411102641647688,-0.0024046011800141873,False
2025-10-28 11:30:00-04:00,48364,long,0.9589959383010864,685.465,688.17,5.857768576915713,0.8826774567956401,0.003846226284347043,False
2025-10-28 12:30:00-04:00,48370,short,0.963566243648529,686.4,686.97,0.35897749455006217,4.732834862358862,-0.0009297305559195057,False
2025-10-28 14:00:00-04:00,48379,short,0.8144989609718323,687.6,688.13,1.6083663995296125,4.604775034269668,-0.0008702033046080859,False
2025-10-29 09:40:00-04:00,48393,short,0.8449633121490479,688.93,688.42,2.2803063821268923,1.3030322183584748,0.0006408268208362045,False
2025-10-29 10:50:00-04:00,48400,long,0.9377437233924866,688.38,688.03,0.7771232751274953,1.6351968914140282,-0.0006084401057555699,False
2025-10-29 11:20:00-04:00,48403,short,0.8714505434036255,688.33,684.56,9.187037757732455,0.8983634707745175,0.005407187098282351,True
2025-10-29 13:30:00-04:00,48416,long,0.8914288282394409,688.0,683.43,1.7853557309342059,13.49396773380483,-0.006742441860465143,False
2025-10-29 13:50:00-04:00,48418,short,0.8885250687599182,688.045,684.75,13.367338763388226,1.6645349262279912,0.004711975173420801,True
2025-10-29 15:30:00-04:00,48428,long,0.8720660209655762,685.44,684.93,1.5413239531432,3.1629251955127193,-0.000844047619047783,False
2025-10-30 10:00:00-04:00,48434,short,0.8947409391403198,684.5,684.415,0.8783901448706573,0.7211108283904483,2.419365443494534e-05,False
2025-10-30 11:40:00-04:00,48444,long,0.7489339113235474,683.33,682.045,1.3807470700413302,1.2932617184960884,-0.0019804969780341628,True
2025-10-30 15:20:00-04:00,48466,long,0.9422348141670227,681.38,680.645,3.718440635729513,1.5085668250788467,-0.0011786932401890548,False
2025-10-31 09:30:00-04:00,48470,short,0.9548084139823914,684.245,680.425,3.1672735335405675,0.3587776353462749,0.005514138222434617,True
2025-10-31 10:20:00-04:00,48475,long,0.8353471755981445,683.3,681.05,1.1601850104104379,3.2995332565571456,-0.003392843553344027,True
2025-10-31 12:20:00-04:00,48487,long,0.9476290941238403,681.795,683.61,2.7042741222938362,2.269415971975215,0.002562090511077464,False
2025-10-31 13:50:00-04:00,48496,short,0.9116062521934509,680.84,681.57,0.82084638241383,4.651462833678298,-0.0011710565312440635,False
2025-10-31 15:50:00-04:00,48508,long,0.7545427680015564,682.03,683.76,3.71744323549872,2.047575685862872,0.002436545313255978,True
2025-11-03 09:30:00-05:00,48509,short,0.9123860001564026,683.8,683.855,3.188083560890154,0.14150762541816408,-0.00018042640618266538,True
2025-11-03 12:20:00-05:00,48526,short,0.9297603964805603,682.79,682.66,0.26117784774086933,1.3058892387045586,9.043154718301202e-05,False
2025-11-03 14:00:00-05:00,48536,long,0.8222870826721191,683.41,678.73,0.3218099198375661,11.14749562317325,-0.006948012174243801,False
2025-11-04 10:50:00-05:00,48557,long,0.7705338001251221,678.14,675.93,0.5628964995260376,2.921091683146585,-0.003358914088536291,False
2025-11-04 12:20:00-05:00,48566,long,0.9332953691482544,676.95,675.41,0.270265984633687,2.1260924124520058,-0.0023749095206441304,False
2025-11-04 14:00:00-05:00,48576,short,0.9396083354949951,675.78,677.88,1.5000611355530327,2.365481021449131,-0.0031978934324659145,True
2025-11-04 15:50:00-05:00,48587,long,0.9187237024307251,675.31,680.32,5.804064688655115,1.146092483810415,0.007318815062712136,True
2025-11-05 10:40:00-05:00,48595,short,0.907635509967804,677.675,679.83,0.8406569835815584,2.9492662131177743,-0.003269910124590114,False
2025-11-05 11:20:00-05:00,48599,long,0.7775242924690247,678.3,680.14,2.370766658011006,0.18594248298118696,0.0026126640129737646,True
2025-11-06 09:30:00-05:00,48627,long,0.8189632892608643,676.97,671.135,0.04334472164510211,11.847557249672086,-0.008719288890202025,False
2025-11-06 10:20:00-05:00,48632,short,0.7766428589820862,674.52,671.82,5.8484645503184005,0.11188366965827894,0.003918933642939926,False
2025-11-06 11:20:00-05:00,48638,long,0.9510751962661743,671.44,672.35,1.975291833033191,2.3650355130937175,0.0012552960800666813,False
2025-11-06 12:40:00-05:00,48646,short,0.7850627899169922,671.09,664.5,5.514912577193713,2.1252389020402203,0.00981723100075248,True
2025-11-06 14:30:00-05:00,48657,short,0.7917983531951904,673.22,662.81,9.591109572467078,0.1576620751637979,0.01560585839079075,True
2025-11-06 15:50:00-05:00,48665,long,0.8793609738349915,670.24,662.335,-2.0279868503565166,7.750268217922934,-0.01189428264502269,False
2025-11-07 11:10:00-05:00,48676,long,0.8964531421661377,663.24,668.39,3.530979575632738,1.3400301994811195,0.007664911645859795,False
2025-11-07 12:30:00-05:00,48684,short,0.904164731502533,663.24,670.92,0.8651403106005549,5.545407564668961,-0.011546968341978114,True
2025-11-07 12:50:00-05:00,48686,long,0.8611899018287659,663.93,678.56,10.647182280892277,0.2091784338092455,0.021935455545012184,True
2025-11-07 14:10:00-05:00,48694,short,0.8439661264419556,665.97,676.1,-0.019653976222177596,10.400884216785858,-0.015082990681851826,False
2025-11-07 15:20:00-05:00,48701,long,0.7512536644935608,668.72,677.025,8.216718291970013,0.023521140148747687,0.01231924871396094,True
2025-11-07 15:40:00-05:00,48703,short,0.8858379125595093,668.77,678.25,0.007988562481230843,8.332070667931399,-0.014077147069664574,False
2025-11-10 11:00:00-05:00,48714,long,0.9223250150680542,676.1,680.77,3.524700925777804,0.6976727605663514,0.006807262239313594,True
2025-11-10 12:00:00-05:00,48720,short,0.8552284836769104,677.24,681.325,0.5173921175350787,3.912777888859142,-0.006095670201445758,False
2025-11-10 13:50:00-05:00,48731,short,0.7873289585113525,679.85,679.295,1.165158286274964,2.5744449753882543,0.0007170235317499496,False
2025-11-10 15:50:00-05:00,48743,long,0.8000370860099792,681.31,681.13,0.17439052514179607,3.4341518797124126,-0.0003641969147670897,False
2025-11-10 15:50:00-05:00,48743,short,0.872406005859375,681.31,681.13,3.4341518797124126,0.17439052514179607,0.00016426673322266226,True
2025-11-11 10:50:00-05:00,48753,long,0.7757161259651184,679.13,682.95,4.997465316270171,0.2865929930477586,0.005524843549835834,True
2025-11-11 11:20:00-05:00,48756,short,0.948908805847168,679.32,683.225,0.4908619288384528,4.588988264954137,-0.005815540268579123,False
2025-11-11 13:00:00-05:00,48766,short,0.8331252336502075,682.27,683.73,0.12785379864570726,3.426481803704257,-0.0022353458236439414,False
2025-11-11 14:50:00-05:00,48777,short,0.7679094672203064,683.095,681.31,3.1466234653510026,2.759804505071462,0.002519952738107667,False
2025-11-11 15:30:00-05:00,48781,long,0.7785173058509827,682.8,682.44,3.505028532674323,2.967047409054314,-0.0006272407732863638,False
2025-11-12 11:10:00-05:00,48794,long,0.9706401228904724,682.0,683.0,2.5614772947705142,1.2324088871065435,0.0013662756598240456,False
2025-11-12 12:10:00-05:00,48800,short,0.8701232671737671,681.93,683.35,-0.1000115266738898,2.433613815730518,-0.0021779980976074473,False
2025-11-12 13:40:00-05:00,48809,short,0.9505180716514587,683.405,677.855,7.1782312864560875,0.7439786272602157,0.008087591741596557,True
2025-11-12 14:30:00-05:00,48814,long,0.9354475140571594,683.0,675.89,1.286563639952999,9.880070058012624,-0.010509956076134707,False
2025-11-12 15:30:00-05:00,48820,short,0.8166319131851196,683.35,675.92,12.036723686142887,0.9192882375679691,0.01089242513906984,False
2025-11-13 10:30:00-05:00,48829,long,0.8131963014602661,677.855,672.61,0.1105346594773666,5.154190232667242,-0.007837643006247685,False
2025-11-13 12:00:00-05:00,48838,short,0.9257152676582336,674.745,671.62,3.360554077212465,1.3945700035043305,0.004552928739465878,False
2025-11-13 12:40:00-05:00,48842,long,0.7763175964355469,674.83,672.53,0.1501768054985065,3.3908341873095,-0.003508265785457165,False
2025-11-13 14:30:00-05:00,48853,short,0.9257897734642029,672.815,672.97,8.049296494505093,0.24903434356357135,-0.0003303223026286494,True
2025-11-13 14:50:00-05:00,48855,long,0.9208784699440002,671.78,674.66,2.46883731282655,6.880366281647609,0.004187117806424767,False
2025-11-14 11:40:00-05:00,48876,short,0.8227377533912659,674.15,673.97,1.477828676373929,0.8456776265942054,0.00016707420211580236,False
2025-11-14 12:50:00-05:00,48883,long,0.9217911958694458,674.055,672.8,0.6987668471842332,3.3779250432600105,-0.0019618658714792955,False
2025-11-14 14:00:00-05:00,48890,short,0.7984373569488525,672.65,670.705,2.5330167436934174,1.68639274410988,0.0027999336519035525,False
2025-11-14 15:50:00-05:00,48901,long,0.901343822479248,671.935,670.77,1.4103197214070686,3.333850344300368,-0.0018337986561200003,False
2025-11-17 09:50:00-05:00,48904,short,0.8343572616577148,672.76,669.12,3.579205062849795,0.26753654005139965,0.005339980870396876,True
2025-11-17 12:40:00-05:00,48921,long,0.8010168671607971,670.77,663.17,0.029705515055173534,7.2629984309965145,-0.011430262235937804,False
2025-11-17 14:20:00-05:00,48931,long,0.8887031078338623,665.83,659.42,0.20866675616521335,7.392765075568333,-0.00972708198789497,False
2025-11-18 09:30:00-05:00,48941,long,0.8983031511306763,663.17,663.66,0.7184707263191922,4.496635752652552,0.0006388754014807652,False
2025-11-18 11:00:00-05:00,48950,long,0.9825071692466736,658.32,662.93,3.5365582210689253,0.1888962848048785,0.00690267347186756,True
2025-11-18 11:30:00-05:00,48953,short,0.9083784818649292,661.24,664.37,1.7495307002125535,2.037563193540213,-0.004811230187997684,True
2025-11-18 15:20:00-05:00,48976,long,0.7968214750289917,662.41,660.965,2.9548665968125065,1.3785381688982845,-0.002281428420464537,False
2025-11-19 10:10:00-05:00,48984,short,0.8329422473907471,666.59,662.61,4.483952803972803,0.23509215468397632,0.005906549855873011,True
2025-11-19 11:10:00-05:00,48990,long,0.7431876063346863,662.4,659.48,0.5705300844933708,2.326993490686478,-0.004508212560386371,False
2025-11-19 12:00:00-05:00,48995,short,0.7976869344711304,661.09,663.5,1.4556824905051566,2.0517593723929886,-0.003732253202712876,True
2025-11-20 10:00:00-05:00,49023,short,0.9116367697715759,673.27,659.55,8.416190631723312,1.0745080277846903,0.020702062011977985,False
2025-11-20 12:20:00-05:00,49037,long,0.9265760779380798,658.61,651.995,1.3447931426742816,2.671413405042125,-0.01014388029334513,False
2025-11-20 13:10:00-05:00,49042,short,0.9105871915817261,660.16,654.52,3.1463564796944796,0.2434907070138366,0.008517001772291078,True
2025-11-20 14:00:00-05:00,49047,long,0.8556133508682251,655.32,654.02,1.191966030450919,1.8395046698308535,-0.0020837636574498994,True
2025-11-20 15:00:00-05:00,49053,short,0.8235103487968445,656.35,657.66,2.4189768169682107,0.7842948514031588,-0.002091910713742606,True
2025-11-21 10:10:00-05:00,49064,long,0.8662720918655396,654.21,660.6,3.241965723326744,1.5021556256078337,0.00966750584674635,False
2025-11-21 12:10:00-05:00,49076,short,0.78754723072052,659.96,660.54,1.3391407431077942,1.9955822838468467,-0.0009780694583219173,False
2025-11-21 13:50:00-05:00,49086,short,0.9239017963409424,662.23,667.1,1.8734547312792194,2.3090329563016145,-0.0074002548343577,False
2025-11-21 15:30:00-05:00,49096,long,0.7456793189048767,660.54,668.19,4.359439170672446,1.2747220866143034,0.011481433372695127,False
2025-11-24 09:30:00-05:00,49099,short,0.868820309638977,663.88,669.05,1.035182232293582,2.527878040466919,-0.007827374635677408,False
2025-11-24 13:10:00-05:00,49121,short,0.8337761163711548,669.47,668.4,4.48042424326708,0.5204533211875236,0.0015008378216636476,True
2025-11-24 14:30:00-05:00,49129,long,0.9253872036933899,668.83,670.4,2.5647519488256676,5.001846560832202,0.0022473827429989493,False
2025-11-24 15:50:00-05:00,49137,short,0.8906202912330627,668.82,673.855,4.932137301674356,6.36589814518419,-0.007571933873014147,False
2025-11-25 09:30:00-05:00,49138,long,0.8490839600563049,669.485,673.32,5.227063180697374,5.312665034219585,0.005628283680739743,False
2025-11-25 11:40:00-05:00,49151,short,0.7698879837989807,670.93,674.52,0.02959738475651333,2.833949590438759,-0.005422303267508821,False
2025-11-25 14:10:00-05:00,49166,long,0.823790967464447,673.08,680.02,7.894135982294516,0.6878937890404259,0.010210810007725602,False
2025-11-25 15:50:00-05:00,49176,short,0.9647868275642395,675.0,681.2,-2.2221020115245755,8.21318367795579,-0.00920158543746331,False
2025-11-26 10:00:00-05:00,49180,long,0.9028658866882324,678.43,681.13,2.8011505932990484,1.0053209184538856,0.00387977683769879,False
2025-11-26 11:20:00-05:00,49188,short,0.7815760970115662,680.55,680.58,0.9047520106593238,1.1396876156372935,-0.0001440800493697324,False
2025-11-26 13:00:00-05:00,49198,long,0.880416750907898,680.34,681.51,1.71385066207808,0.8058503113082824,0.0016197283711085642,True
2025-11-26 15:50:00-05:00,49215,long,0.8742422461509705,679.64,682.03,4.350637133833841,-0.026012778079700143,0.003416567594608944,True
2025-11-28 09:30:00-05:00,49217,short,0.8895304799079895,681.1,683.36,0.6548708138533977,3.0580664610213724,-0.0034071880121751105,False
2025-11-28 11:20:00-05:00,49228,long,0.8791950941085815,682.19,680.84,1.9686547110304875,4.6679441601756775,-0.002078920828508257,True
2025-11-28 12:10:00-05:00,49233,short,0.829313337802887,682.44,681.925,5.290019072767877,1.7228305358607645,0.000655215016314148,False
2025-12-01 09:40:00-05:00,49240,long,0.9476690292358398,680.18,682.47,2.5672106482774173,1.278649319026152,0.0032667558587433534,True
2025-12-01 10:00:00-05:00,49242,short,0.8440511226654053,680.99,682.48,1.9838034911979754,1.690956309163936,-0.0022832141601219044,False
2025-12-01 13:40:00-05:00,49264,short,0.824481189250946,682.72,681.585,4.501346002558083,0.7334031603569361,0.0015652361774394108,True
2025-12-01 14:10:00-05:00,49267,long,0.7909433841705322,681.52,683.51,2.9442868242187794,2.937439645557812,0.002819943655358637,False
2025-12-01 15:10:00-05:00,49273,short,0.7745091319084167,680.505,680.56,1.4949273950697637,4.385561340403865,-0.0001808157987538527,False
2025-12-01 15:50:00-05:00,49277,long,0.9577857851982117,680.255,682.115,4.632392781053685,1.1239887112514497,0.002634268766859449,True
2025-12-02 11:00:00-05:00,49288,short,0.9575371742248535,682.695,681.38,3.3128271468298593,0.16037892390095668,0.001829906953535454,True
2025-12-02 11:30:00-05:00,49291,long,0.94744873046875,680.87,682.34,1.7028669672780388,0.8123370481658354,0.002059002452744252,True
2025-12-02 12:30:00-05:00,49297,short,0.8964423537254333,682.115,681.44,2.0242416360548305,0.6917706508535844,0.0008905494247475221,True
2025-12-02 13:00:00-05:00,49300,long,0.8395207524299622,681.18,680.91,1.4736481626011486,1.2631269965151706,-0.0004963710032590662,True
2025-12-02 14:00:00-05:00,49306,short,0.8119401335716248,681.6,682.295,1.8206039079160772,1.282253289983841,-0.0011186209777295341,False
2025-12-02 15:50:00-05:00,49317,long,0.8446546196937561,681.44,683.835,3.0522072691195157,2.1309044589336477,0.003414616107067381,False
2025-12-03 10:00:00-05:00,49321,short,0.8973472714424133,681.2,683.85,0.3367839599360757,3.226607616161048,-0.00397511881260505,False
2025-12-03 11:10:00-05:00,49328,long,0.8763590455055237,682.72,684.33,1.9572686060100808,1.1160829410675481,0.0022582142020155407,False
2025-12-03 13:00:00-05:00,49339,short,0.9479525089263916,683.79,683.595,0.5104776740301887,2.0026431827340003,0.0001852566212450114,False
2025-12-03 13:20:00-05:00,49341,long,0.7799274325370789,683.85,683.41,2.070060117431732,1.3659580366726525,-0.0007434159537911377,False
2025-12-03 15:10:00-05:00,49352,short,0.9157980680465698,684.58,684.44,4.8536406742660745,1.5028008782246693,0.00010454678277137539,True
2025-12-03 15:20:00-05:00,49353,long,0.8378481864929199,684.545,683.73,1.57671854490841,4.791189900978992,-0.0012905718396890697,False
2025-12-04 10:20:00-05:00,49363,long,0.952173113822937,683.585,684.11,1.6309679252116485,1.7823657916871736,0.0006680098305258287,True
2025-12-04 10:40:00-05:00,49365,short,0.8644686937332153,683.75,683.95,1.867226363178797,1.3045006098919805,-0.0003924190364793633,True
2025-12-04 12:10:00-05:00,49374,long,0.8620539307594299,684.155,683.28,0.752289236019274,3.3700111304602696,-0.0013789499455532205,False
2025-12-04 14:20:00-05:00,49387,long,0.9133440256118774,682.18,686.415,8.157948995028937,0.157768554295488,0.006108038934005788,True
2025-12-05 09:30:00-05:00,49398,short,0.8467409014701843,685.99,686.26,1.613711462366998,2.7605992516921383,-0.0004934368898085295,False
2025-12-05 10:50:00-05:00,49406,long,0.8432887196540833,686.74,686.04,0.3969342535656592,2.403968014552435,-0.0011193086175263045,False
2025-12-05 11:50:00-05:00,49412,short,0.8199858069419861,686.015,686.24,1.6220515723858688,1.0870591239499092,-0.00042787363021691273,False
2025-12-05 12:30:00-05:00,49416,long,0.9443869590759277,685.235,685.62,2.1692598934915295,0.78143367921164,0.0004618510438025748,True
2025-12-05 13:30:00-05:00,49422,short,0.8997054696083069,686.66,684.54,3.5747907239519257,-0.01939307806843775,0.0029969702281824498,True
2025-12-05 14:00:00-05:00,49425,long,0.8075416684150696,686.2,683.705,0.5534696782395355,3.67560632471914,-0.003735966190615014,False
2025-12-05 15:50:00-05:00,49436,long,0.9462628364562988,685.62,683.205,1.4054796648365115,4.752549794498546,-0.0036223593244070315,True
2025-12-08 09:30:00-05:00,49437,short,0.9224134683609009,685.77,684.15,4.830001483378887,0.4435715648001852,0.0022679017759263845,True
2025-12-08 11:00:00-05:00,49446,long,0.9556410908699036,683.66,682.26,0.9861851765254708,2.7586531289292386,-0.0021478015387765945,False
2025-12-08 13:00:00-05:00,49458,short,0.8088945746421814,684.03,684.06,3.5132148591622165,0.12238658320857518,-0.00014385580212262762,True
2025-12-08 13:30:00-05:00,49461,long,0.9608754515647888,683.06,684.13,2.62217962824556,2.0835697586598374,0.0014664802506369923,False
2025-12-08 15:50:00-05:00,49475,short,0.781564474105835,683.68,684.25,1.3416315408500838,2.636461981438347,-0.0009330288637194983,False
2025-12-09 10:20:00-05:00,49482,long,0.7762120962142944,684.225,683.95,1.8169021002870551,1.324989741257451,-0.0005019145748839215,False
2025-12-09 11:20:00-05:00,49488,short,0.9296303987503052,684.83,683.49,2.6014943577217884,0.867164785907202,0.001860526123279127,True
2025-12-09 12:20:00-05:00,49494,long,0.8783829212188721,684.635,683.38,0.33818000283557026,2.7314538690559074,-0.0019330935461960963,False
2025-12-09 14:40:00-05:00,49508,long,0.8752174377441406,683.49,683.81,0.7520081093502045,4.351620259439768,0.000368185342872518,False
2025-12-10 09:30:00-05:00,49517,long,0.9075203537940979,682.3,683.86,3.4794980328371685,1.5176533973012039,0.002186384288436194,True
2025-12-10 12:50:00-05:00,49537,short,0.8088675141334534,683.86,683.675,2.16676642892276,7.837240274827216,0.00017059640911253347,True
2025-12-10 13:50:00-05:00,49543,long,0.8857960104942322,682.88,684.93,9.573436098114952,0.8975096341983494,0.002901991565135809,True
2025-12-11 09:30:00-05:00,49556,long,0.8134140968322754,685.36,687.295,1.9869421749172107,2.313043371563976,0.0027233337224232715,False
2025-12-11 10:20:00-05:00,49561,short,0.7689817547798157,686.24,688.33,1.488741131474627,1.6247151458248041,-0.0031363343163889443,True
2025-12-11 12:20:00-05:00,49573,short,0.8507137894630432,687.29,688.315,0.21943022740519974,1.5203380041647891,-0.00158914377864795,False
2025-12-11 13:30:00-05:00,49580,long,0.8012638688087463,688.245,683.75,0.9618923652317896,4.496968875017611,-0.0066311044758770145,False
2025-12-11 14:30:00-05:00,49586,short,0.823552131652832,688.74,681.285,10.9903001613364,0.5957131724618315,0.010842557079636429,False
2025-12-11 15:30:00-05:00,49592,long,0.7731183767318726,688.22,681.39,1.3985444039228994,13.308254117330554,-0.010024152160646348,False
2025-12-12 10:30:00-05:00,49601,long,0.9499716758728027,684.93,682.545,0.6325217275557358,5.510605959765196,-0.003582107660636835,False
2025-12-12 12:00:00-05:00,49610,short,0.8617113828659058,681.59,681.34,0.3961274794709126,1.9626316028329307,0.00026692400270066373,False
2025-12-12 12:30:00-05:00,49613,long,0.7924606204032898,682.6,681.8,1.2143858490055677,1.784403696497931,-0.001271989452095068,False
2025-12-12 15:10:00-05:00,49629,short,0.7941600680351257,681.81,680.86,2.5858593016455247,4.021879981017946,0.0012952941867636514,True
2025-12-15 10:00:00-05:00,49638,long,0.8132992386817932,681.785,680.06,1.04146867717574,2.078788076753174,-0.002630123132659101,False
2025-12-15 10:50:00-05:00,49643,short,0.8205918073654175,681.145,680.97,1.269495949464369,1.4027375068425139,0.00015698635769555445,False
2025-12-15 12:50:00-05:00,49655,long,0.9502791166305542,680.54,679.835,1.0099575428444396,2.34409898833019,-0.001135942046022198,False
2025-12-15 13:10:00-05:00,49657,short,0.8228998184204102,680.47,679.65,2.3588050921049017,1.1022052884926268,0.0011065033473112052,False
2025-12-15 15:30:00-05:00,49671,long,0.867691159248352,681.22,677.38,0.4206235168338794,5.439295888920199,-0.005736945480168021,False
2025-12-16 11:10:00-05:00,49684,long,0.7842325568199158,677.51,677.56,0.9599301631068076,1.8748635998180234,-2.6200351286320616e-05,False
2025-12-16 12:00:00-05:00,49689,short,0.9397473931312561,678.035,679.2,2.4370028699446085,0.9828573558124004,-0.0018152532391049303,True
2025-12-16 13:00:00-05:00,49695,long,0.9187798500061035,675.785,679.26,3.890126825662452,0.4304144538403998,0.005042167997218116,True
2025-12-16 13:50:00-05:00,49700,short,0.8188048601150513,677.87,676.0,2.167464110171569,2.252130676975067,0.002666272189349106,True
2025-12-17 09:40:00-05:00,49714,long,0.8832080960273743,678.49,674.2,0.9978459720265996,4.64233920032987,-0.00642286400683868,False
2025-12-17 11:10:00-05:00,49723,long,0.8418502807617188,674.57,672.7,0.5490306970581696,1.7746088982332295,-0.002872136323880403,False
2025-12-17 12:30:00-05:00,49731,short,0.8796499967575073,673.87,671.43,2.061931382201281,0.7606750604750266,0.0035340348212025033,True
2025-12-17 15:50:00-05:00,49751,long,0.8245123028755188,671.43,677.97,9.961563221831229,-3.7396159667715754,0.009640404807649484,True
2025-12-18 09:30:00-05:00,49752,short,0.8998687267303467,676.985,678.34,1.5085032676765444,2.7007660912859217,-0.0020975233658637846,False
2025-12-18 11:10:00-05:00,49762,short,0.8590127229690552,680.075,676.67,3.8737698744861944,0.46875240494749953,0.004931994916281368,False
2025-12-18 11:50:00-05:00,49766,long,0.842674970626831,679.64,677.54,0.02495013244901949,3.9338042161323328,-0.003189871108233777,False
2025-12-18 14:00:00-05:00,49779,long,0.9214165210723877,677.82,679.12,2.181970557001448,2.033761236148559,0.0018179133103182088,False
2025-12-18 15:50:00-05:00,49790,long,0.784505307674408,676.515,680.6,3.6012995939087067,0.03346155255661211,0.005938299224703225,True
2025-12-19 10:00:00-05:00,49794,short,0.8610278964042664,679.755,680.73,1.0173364844776727,1.0694048872265745,-0.001532285928341659,True
2025-12-19 12:50:00-05:00,49811,short,0.8700000047683716,680.66,683.29,1.2077125625024145,4.508402721186349,-0.003949024572289972,False
2025-12-19 15:40:00-05:00,49828,long,0.8596248030662537,679.93,684.64,9.624866440751454,0.2249238506115277,0.006827183680673021,True
2025-12-22 09:30:00-05:00,49831,short,0.9319945573806763,683.29,685.195,0.7414578104867042,2.5918786070929487,-0.0028802304453478087,False
2025-12-22 11:20:00-05:00,49842,short,0.7836373448371887,684.665,684.755,0.6285538908149864,0.877212572895768,-0.00023143387050851273,False
2025-12-22 13:20:00-05:00,49854,long,0.9182330369949341,684.71,684.88,3.0306216930405023,1.6440627485122783,0.00014828029384704743,False
2025-12-23 09:30:00-05:00,49871,long,0.8715636134147644,685.375,686.985,4.1547623779439515,2.1956061346858466,0.0022490789713660478,True
2025-12-23 11:00:00-05:00,49880,short,0.8051315546035767,686.38,687.88,0.20022376201536965,2.7758294279399665,-0.0022806128975984105,False
2025-12-23 13:20:00-05:00,49894,short,0.8093976974487305,687.52,688.9,0.05359328071411251,3.6979363692771146,-0.002103193496879052,False
2025-12-23 15:50:00-05:00,49909,short,0.8582668900489807,687.91,690.595,0.784716344418279,10.873926486943317,-0.003987951693829273,False
2025-12-24 11:30:00-05:00,49923,short,0.7928750514984131,690.345,689.99,2.2028977250149095,4.084204541268107,0.00041450021014809445,False
2025-12-26 09:40:00-05:00,49934,short,0.8614708185195923,691.24,689.905,4.911088381796548,-0.08117501457507328,0.0018350490284895105,True
2025-12-26 10:10:00-05:00,49937,long,0.9576727747917175,690.215,689.985,1.6704060410076562,1.9359010409029245,-0.00043322950095260317,True
2025-12-26 13:20:00-05:00,49956,long,0.945390522480011,689.68,687.12,2.0500792609994005,6.577861677929889,-0.0038118663728105126,True
2025-12-26 14:10:00-05:00,49961,short,0.8885436058044434,690.25,687.36,9.344398223016238,0.6733463425408931,0.004104492551210359,True
2025-12-26 15:50:00-05:00,49971,long,0.7681534886360168,690.26,686.285,-0.10465198354457271,14.511741718193838,-0.005858699620432961,False
2025-12-29 10:50:00-05:00,49981,long,0.76094651222229,687.36,687.03,0.8130951637365855,2.048999812616181,-0.0005800977653631744,False
2025-12-29 12:20:00-05:00,49990,long,0.7536733150482178,686.27,688.0,4.3015313043635865,0.14706089929434585,0.002420873708598659,True
2025-12-29 13:20:00-05:00,49996,short,0.8747128248214722,687.3,687.49,0.8695280968749513,2.712099540253211,-0.00037636765625693726,True
2025-12-29 14:50:00-05:00,50005,short,0.8358643651008606,688.29,687.62,3.9121766672888163,0.7321032359840196,0.000874375381751491,False
2025-12-29 15:50:00-05:00,50011,long,0.9441615343093872,687.975,687.6,1.3612929222798495,3.302615002748853,-0.0006450779461463329,False
2025-12-30 09:50:00-05:00,50015,short,0.8465068936347961,688.1,687.725,3.048621647909232,0.9025524615519492,0.0004452760914610444,True
2025-12-30 10:40:00-05:00,50020,long,0.9328347444534302,687.04,687.63,2.9820330848896397,0.2962284521413118,0.0007587564042850104,True
2025-12-30 11:20:00-05:00,50024,short,0.9086800217628479,688.22,687.625,2.629283358146139,0.08896071512516165,0.0007652972186875551,True
2025-12-30 12:10:00-05:00,50029,long,0.8837016820907593,687.24,687.715,1.473444964431198,0.3843769472430901,0.0005911704790175665,True
2025-12-30 13:30:00-05:00,50037,short,0.8733625411987305,687.585,685.11,6.625909797612671,0.8609939285030977,0.003512558567237301,False
2025-12-30 14:50:00-05:00,50045,long,0.7491586208343506,687.56,685.12,0.7080518668051079,9.768225754290683,-0.0036487811972771953,False
2025-12-31 12:00:00-05:00,50068,short,0.8238757252693176,684.64,682.72,4.120709733264811,3.14996561340916,0.0027122802906023205,True
2025-12-31 13:00:00-05:00,50074,long,0.7634201049804688,685.08,686.11,3.7832261206391204,7.433707465115831,0.0014034740468267138,True
2025-12-31 14:00:00-05:00,50080,short,0.8705482482910156,686.005,681.41,11.268470575426877,2.032789790979027,0.006643370364391543,True
2025-12-31 14:30:00-05:00,50083,long,0.8733040690422058,684.52,681.835,4.895906498037973,8.31262422432824,-0.004022456611932357,False
2026-01-02 09:30:00-05:00,50092,short,0.958549976348877,684.5,681.13,4.604083955810508,2.6293202350050566,0.0048476605053366815,False
2026-01-02 10:20:00-05:00,50097,long,0.8708688616752625,682.53,680.2,1.680335781802001,2.015554283727129,-0.0035137693581233195,False
2026-01-02 11:50:00-05:00,50106,long,0.9266554713249207,681.17,683.6,2.270755046211118,1.057499642459263,0.0034673914000911024,True
2026-01-02 15:50:00-05:00,50130,long,0.8713182806968689,683.33,688.605,6.807740840294221,-3.4094505355899694,0.007619549851462615,True
2026-01-05 09:40:00-05:00,50132,short,0.8353977203369141,687.025,688.39,0.4254280124708197,2.109596639159342,-0.0020828876073156863,False
2026-01-05 11:50:00-05:00,50145,short,0.9208314418792725,688.9,687.985,1.956372806174705,0.2734061375089127,0.0012299708569227686,True
2026-01-05 12:30:00-05:00,50149,long,0.8405469655990601,688.51,687.73,0.3637034473615749,1.8814659103897895,-0.0012328811491481128,False
2026-01-05 14:40:00-05:00,50162,long,0.9537508487701416,687.82,689.095,5.624249507905266,1.211803759104763,0.0017536826495303415,False
2026-01-06 09:30:00-05:00,50171,short,0.8891627192497253,688.155,690.945,0.6979531612652761,5.790062140637092,-0.004137948027701299,False
2026-01-06 11:00:00-05:00,50180,long,0.9055116176605225,688.82,691.94,4.952815853916975,0.28344428079654016,0.004429485206585137,True
2026-01-06 12:30:00-05:00,50189,short,0.8027193546295166,690.84,691.81,0.4430529210922697,2.3522082356172107,-0.0015021190789377247,False
2026-01-06 14:20:00-05:00,50200,short,0.8979783058166504,691.94,692.63,2.062511328550107,2.4794019162356125,-0.0010962028788818023,False
2026-01-07 09:40:00-05:00,50212,short,0.8478774428367615,692.67,692.87,4.08222033059667,3.12888743902049,-0.0003886544373403854,True
2026-01-07 10:00:00-05:00,50214,long,0.8418523073196411,691.98,692.13,4.271645515878038,2.124981018051014,0.0001167692707881752,False
2026-01-07 11:40:00-05:00,50224,short,0.7893069386482239,693.18,691.44,3.2370605561866137,1.3620418733683612,0.002416487330787687,False
2026-01-07 13:50:00-05:00,50237,short,0.7990966439247131,692.81,689.145,11.059687196856213,0.16646754012209963,0.005218184126707592,True
2026-01-07 14:10:00-05:00,50239,long,0.928047776222229,691.96,689.08,0.3486268156765299,8.647881844423054,-0.0042620902942366425,False
2026-01-08 09:40:00-05:00,50251,long,0.9516668319702148,688.665,689.635,2.7825845832897516,1.1636262802846915,0.0013085222858719603,False
2026-01-08 11:40:00-05:00,50263,short,0.8338375091552734,689.72,688.89,1.7075437173449977,1.0316409958959023,0.0011048367663923809,False
2026-01-08 13:10:00-05:00,50272,long,0.9318631887435913,689.63,691.51,3.472973079375989,1.7861004408219674,0.002626099502631918,False
2026-01-08 15:30:00-05:00,50286,short,0.8857029676437378,689.535,693.81,0.526445002246183,7.669898725034481,-0.006261629264496038,False
2026-01-09 10:30:00-05:00,50296,short,0.8956552147865295,692.76,694.57,1.351041906634229,1.9890339181004784,-0.0027059288480643204,True
2026-01-09 10:50:00-05:00,50298,long,0.7649753093719482,691.94,694.74,2.73530372355658,-0.018607508323497602,0.003946593635286255,False
2026-01-09 13:20:00-05:00,50313,long,0.7689186334609985,693.87,693.24,2.015906740277591,4.5128017554286535,-0.0010079510571143868,True
2026-01-09 13:40:00-05:00,50315,short,0.8205640912055969,694.61,693.56,5.635959860155791,0.9823492377115386,0.0014139281388778513,False
2026-01-09 15:50:00-05:00,50328,long,0.8422844409942627,694.005,694.195,1.7601470463864672,6.926022401461414,0.00017377324370880808,False
2026-01-12 10:00:00-05:00,50333,short,0.7927767038345337,693.24,695.1,0.3962480229747945,2.861791277040442,-0.0027758739749676018,False
2026-01-12 11:50:00-05:00,50344,short,0.9271849989891052,694.56,695.49,0.7469487139043647,2.623005948827442,-0.0014371867316569475,False
2026-01-12 13:50:00-05:00,50356,short,0.8086164593696594,695.22,693.13,7.258956567463836,2.0202921190999787,0.0029153073737970716,False
2026-01-13 09:40:00-05:00,50371,short,0.9499184489250183,694.81,692.705,5.679322353102542,0.762894047431728,0.0029388116153339252,True
2026-01-13 10:20:00-05:00,50375,long,0.8537100553512573,692.71,692.96,4.077344656294535,0.4806625814332388,0.00026090138730493494,True
2026-01-13 11:10:00-05:00,50380,short,0.8110103607177734,693.97,692.86,2.5796726711187628,1.7945549016477094,0.0015020552492568285,False
2026-01-13 12:10:00-05:00,50386,long,0.7650864124298096,694.27,691.985,0.7480415960778969,3.939228221547304,-0.003391226756161114,False
2026-01-13 14:10:00-05:00,50398,long,0.8160021305084229,692.775,687.165,1.6833417215496398,8.336866312655006,-0.008197867272924163,False
2026-01-13 15:50:00-05:00,50408,short,0.8681153059005737,693.71,686.55,10.718922455158706,0.4691305583821694,0.010328956376083543,True
2026-01-14 09:30:00-05:00,50410,long,0.8538892269134521,690.62,686.71,0.31649959598467853,4.856631731489691,-0.005761579450348953,False
2026-01-14 11:30:00-05:00,50422,short,0.9454854726791382,688.4,688.055,1.8996873701054726,0.1448192165551865,0.00040141340445164496,True
2026-01-14 11:50:00-05:00,50424,long,0.7952452301979065,686.59,688.605,2.603054984646542,0.32110053264554766,0.0028347936905577134,True
2026-01-14 14:50:00-05:00,50442,short,0.9038383960723877,688.055,695.105,0.8348666954638203,8.425640479752769,-0.010242352594212478,False
2026-01-14 15:00:00-05:00,50443,long,0.7815739512443542,689.17,695.04,6.515409566610169,1.0031829964796017,0.008417492055661214,False
2026-01-15 10:20:00-05:00,50454,short,0.9321637749671936,693.94,694.87,0.8045691310216773,1.2703723121394295,-0.0014383798408335146,True
2026-01-15 10:50:00-05:00,50457,long,0.923428475856781,694.455,694.29,0.8065166345216749,0.5322190989229998,-0.00033759638853504405,False
2026-01-15 11:50:00-05:00,50463,short,0.832792341709137,695.04,691.68,3.5175720045206798,0.4162807105942585,0.0047577376821652416,True
2026-01-15 12:30:00-05:00,50467,long,0.889801561832428,694.475,692.18,0.9035325033337307,3.7248856105179344,-0.0034046545951979088,False
2026-01-15 13:30:00-05:00,50473,short,0.8205645680427551,694.9,691.67,4.8044440788660685,0.21235111950785002,0.004569857012737255,True
2026-01-15 14:00:00-05:00,50476,long,0.9672465324401855,694.48,691.855,0.18589317776899944,6.220271717655232,-0.00387980647390852,False
2026-01-15 15:50:00-05:00,50487,long,0.9341939687728882,692.18,692.29,2.6978233146138564,2.6978233146137067,5.891820046820548e-05,True
2026-01-16 09:30:00-05:00,50488,short,0.9139350652694702,693.79,691.92,4.295654333734135,0.07042056284817057,0.002602624580876334,True
2026-01-16 11:40:00-05:00,50501,short,0.8197814226150513,693.1,692.68,1.4853520531568827,0.7129689855153307,0.0005063405901715057,True
2026-01-16 13:00:00-05:00,50509,long,0.7953100204467773,692.68,682.2,1.3641754031659172,14.992555166165094,-0.015229641392850778,True
2026-01-16 14:00:00-05:00,50515,short,0.8810056447982788,693.32,683.81,19.026837379788674,0.0,0.013807371930799606,True
2026-01-16 15:30:00-05:00,50524,long,0.8946129679679871,692.275,682.36,0.34969635381181424,19.361237150064913,-0.014422342999530501,False
2026-01-20 10:40:00-05:00,50534,short,0.8864498734474182,683.695,678.63,4.203540639222985,0.5978533948011032,0.007363566302698066,True
2026-01-20 11:50:00-05:00,50541,long,0.9226040840148926,683.72,677.54,0.1101067354020629,5.3087175997428355,-0.009138787807874704,False
2026-01-20 13:50:00-05:00,50553,long,0.8750607371330261,678.73,684.66,6.235853401796155,2.1180228773873218,0.008636905691512087,False
2026-01-20 15:50:00-05:00,50565,long,0.9379578232765198,677.66,679.61,8.46114465412297,-0.5720050937526167,0.0027775492134700544,True
2026-01-21 10:00:00-05:00,50569,short,0.780394434928894,682.155,680.53,3.523401225975918,2.6270974053329357,0.0022878447680485417,False
2026-01-21 11:40:00-05:00,50579,long,0.8055534362792969,681.645,687.38,6.157734817406601,3.026683215335446,0.008313470354803554,False
2026-01-21 15:00:00-05:00,50599,short,0.7840918898582458,687.38,689.725,1.7082459276887623,2.0262041113096565,-0.0034999057595418545,True
2026-01-21 15:30:00-05:00,50602,long,0.8398461937904358,685.83,690.22,3.077721900206795,0.7630185544263101,0.006301003164049346,False
2026-01-22 11:50:00-05:00,50619,short,0.8662589192390442,689.725,689.205,0.9505834858146497,1.1762928066473384,0.0006544924949760556,False
2026-01-22 12:00:00-05:00,50620,long,0.8919848203659058,690.3,688.15,0.6859290907367668,1.8994959435785004,-0.0032145878603505704,False
2026-01-23 10:10:00-05:00,50649,short,0.8510955572128296,688.39,689.11,0.7308013497355768,3.0233959065673877,-0.0011448259349016276,False
2026-01-23 11:30:00-05:00,50657,long,0.9770247936248779,690.45,689.54,0.1931830709083513,3.235816437715605,-0.0014179810268666437,False
2026-01-23 14:20:00-05:00,50674,short,0.8788563013076782,689.63,692.5,1.477674687837443,5.097299840613403,-0.004244404332129925,True
2026-01-23 14:40:00-05:00,50676,long,0.7446108460426331,689.23,693.01,5.768291493002879,0.9567598870606566,0.005384381120961057,False
2026-01-26 09:50:00-05:00,50686,short,0.7850702404975891,692.27,693.42,0.6192675757459081,1.7303064616430923,-0.0017584465403363114,False
2026-01-26 11:20:00-05:00,50695,long,0.8613548874855042,693.15,693.7,1.2588178623001929,0.46719013446193186,0.0006934790449397599,True
2026-01-26 13:30:00-05:00,50708,short,0.9504103660583496,693.7,695.235,1.9457420727735237,3.249022140385764,-0.0023078865419605796,True
2026-01-26 15:00:00-05:00,50717,long,0.7581897377967834,693.695,696.36,6.599749271480143,2.469055135252528,0.0037417460122963655,False
2026-01-27 09:30:00-05:00,50724,short,0.9729042649269104,693.59,695.43,0.019745249731495957,5.77548554646773,-0.002745845016752135,False
2026-01-27 11:00:00-05:00,50733,short,0.7697544097900391,696.08,696.145,2.051203303442886,0.7826959973662757,-0.00019337135223252967,False
2026-01-27 12:20:00-05:00,50741,long,0.9017138481140137,695.975,696.12,0.8769681948580658,2.13567548630157,0.00010834081683962502,True
2026-01-27 13:30:00-05:00,50748,short,0.8951998353004456,695.87,696.45,1.1353021806924724,4.187765591045178,-0.0009327948883625203,False
2026-01-27 15:50:00-05:00,50762,long,0.8852039575576782,695.53,694.7,6.17888048793566,2.746169105749046,-0.001293334579385419,True
2026-01-28 09:30:00-05:00,50764,short,0.9399118423461914,697.1,694.82,5.183645490176883,1.4510204557445219,0.003181425405140759,False
2026-01-28 11:10:00-05:00,50774,short,0.8358996510505676,695.73,694.69,2.6656799498476773,0.6791541273496664,0.00139707063582305,False
2026-01-28 11:20:00-05:00,50775,long,0.864376962184906,696.105,695.475,-0.10941993740408015,3.2741812038578875,-0.0010050358782080048,False
2026-01-28 12:50:00-05:00,50784,short,0.9255803823471069,694.82,693.59,4.292087754517484,3.755576785202536,0.0016733819691749808,False
2026-01-28 14:00:00-05:00,50791,long,0.8970767855644226,695.09,686.03,3.334695107553479,16.673475537768166,-0.013134283330216278,False
2026-01-28 14:30:00-05:00,50794,short,0.933462381362915,694.69,687.955,13.741039099822377,3.309579539286324,0.009689884512795278,False
2026-01-29 09:30:00-05:00,50803,short,0.9478594064712524,695.38,688.725,11.771504483619816,0.21240131546898514,0.009562782678137028,True
2026-01-29 09:40:00-05:00,50804,long,0.8946119546890259,693.59,690.32,0.046857439355189656,8.190680399294608,-0.004814600844879513,False
2026-01-29 11:20:00-05:00,50814,short,0.7707262635231018,687.955,691.28,0.08660643346351155,2.9480829950979297,-0.004909917833583977,False
2026-01-29 13:00:00-05:00,50824,long,0.8432161211967468,690.32,691.695,3.463725326071349,0.07377890268539875,0.0018918298759995511,True
2026-01-29 13:40:00-05:00,50828,short,0.8129995465278625,691.3,693.01,0.893623987483702,2.961725215660413,-0.0025674968615171487,False
2026-01-29 15:50:00-05:00,50841,short,0.8914107084274292,693.965,690.36,5.127325245376889,0.20078351008632025,0.005121913204704886,True
2026-01-30 09:30:00-05:00,50842,long,0.760339081287384,693.415,689.22,0.6652818756686193,4.128272301334389,-0.006149768176344506,False
2026-01-30 11:20:00-05:00,50853,long,0.8430972695350647,691.01,690.84,1.2361558103924875,2.8254989951827447,-0.0003460167001924196,True
2026-01-30 11:40:00-05:00,50855,short,0.9183232188224792,691.27,690.49,3.1055830483972082,1.0755921777376187,0.0010296325797620632,True
2026-01-30 13:20:00-05:00,50865,long,0.975692629814148,689.49,695.46,4.191302907504634,1.0805165131005665,0.008558573728407948,False
2026-01-30 14:00:00-05:00,50869,short,0.8692893981933594,692.08,694.72,1.8528708139674304,2.4393910716260883,-0.003900092123445342,True
2026-01-30 15:00:00-05:00,50875,long,0.7769191861152649,690.49,695.75,3.7806320143409695,0.8377936866044612,0.007517778678909115,False
2026-01-30 15:50:00-05:00,50880,short,0.9084892272949219,691.8,696.395,1.6376676565852433,3.3240133326870156,-0.006698266788245266,False
2026-02-02 11:00:00-05:00,50890,long,0.9625851511955261,694.79,696.79,1.5527887624313335,0.2031686231218382,0.002778567624750028,True
2026-02-02 12:50:00-05:00,50901,short,0.9025073051452637,696.39,695.72,1.5191618375540625,0.5937569153821308,0.0008630311044672712,True
2026-02-02 13:20:00-05:00,50904,long,0.9159849882125854,696.13,692.92,0.9685434618541823,4.824891355984864,-0.00471120767672707,False
2026-02-02 15:50:00-05:00,50919,long,0.796977162361145,695.39,688.08,2.172955960658239,10.452547000464955,-0.010612086742691106,False
2026-02-03 09:30:00-05:00,50921,short,0.9661000370979309,695.72,687.71,10.529784950894483,0.7875110578473541,0.01154735135449524,True
2026-02-03 11:30:00-05:00,50933,long,0.7882443070411682,690.88,686.89,0.48781840834790835,5.909941602019687,-0.005875243168133382,False
2026-02-03 13:10:00-05:00,50943,long,0.8675957322120667,687.14,688.96,3.6618139794028757,2.6689982173816946,0.0025486596617865123,False
2026-02-03 14:20:00-05:00,50950,short,0.8813862800598145,686.16,686.805,0.8223408295930202,4.1835591719102405,-0.0010391311944437764,False
2026-02-04 10:00:00-05:00,50963,long,0.952254056930542,688.96,684.815,1.200853473607149,4.763606596961142,-0.006116314444960536,True
2026-02-04 11:50:00-05:00,50974,long,0.9655196070671082,686.59,687.41,1.057450030631349,2.734588520073556,0.0010943081023608748,False
2026-02-04 13:30:00-05:00,50984,short,0.8358009457588196,683.99,676.69,4.519717456080681,2.5876687874351854,0.0106878053466135,False
2026-02-05 09:30:00-05:00,50999,long,0.8406705260276794,682.295,680.495,0.6930511024176513,3.3415884008761245,-0.0027381550502347915,False
2026-02-05 12:00:00-05:00,51014,short,0.8556323051452637,680.01,677.835,1.2228930442839556,1.3535440105536072,0.0031087454911593484,False
2026-02-05 13:50:00-05:00,51025,long,0.7678094506263733,678.33,685.91,5.787594349973761,1.4202276457884973,0.011074502086005234,True
2026-02-05 14:20:00-05:00,51028,short,0.8911237716674805,680.24,687.08,2.6942158460493433,4.851589178220071,-0.010055172614542706,True
2026-02-05 15:50:00-05:00,51037,long,0.9442127346992493,677.44,688.85,7.7656226190430635,-2.4941669870189975,0.01674282002834192,True
2026-02-06 09:50:00-05:00,51040,short,0.9208849668502808,684.855,689.165,0.8666782967824374,2.4376963574152803,-0.006353944991402527,False
2026-02-06 11:20:00-05:00,51049,short,0.7841088771820068,687.1,689.64,0.07168292720714567,1.5800111871907652,-0.0037830810277825863,False
2026-02-06 12:50:00-05:00,51058,short,0.8914086222648621,688.94,691.265,0.42745110722285906,2.6035658349024753,-0.0034633989859169764,False
2026-02-06 15:50:00-05:00,51076,short,0.9704041481018066,690.72,694.965,2.726315060575173,5.774405503836092,-0.0062082212773305724,True
2026-02-09 09:30:00-05:00,51077,long,0.9479605555534363,691.09,694.57,4.627727313065952,1.3077257905488529,0.0049355235931645034,False
2026-02-09 11:00:00-05:00,51086,short,0.8746801614761353,694.21,695.68,0.584157918327341,1.5753111076203998,-0.0022130404783807897,False
2026-02-09 12:40:00-05:00,51096,long,0.8617160320281982,694.965,694.335,1.2161791118171714,1.865263469247725,-0.0010065204722540355,False
2026-02-09 13:40:00-05:00,51102,short,0.8036947250366211,694.84,695.62,1.946449097837543,2.392362891160242,-0.001221301860210977,False
2026-02-09 15:30:00-05:00,51113,long,0.9070884585380554,694.575,695.23,3.2986072713266608,1.8728665325691942,0.0008430227117301903,False
2026-02-10 10:30:00-05:00,51122,short,0.9086108803749084,695.62,693.67,3.0197122760148485,0.5510423861340946,0.0027111349777273366,True
2026-02-10 10:50:00-05:00,51124,long,0.8971900939941406,695.4,693.24,0.4407015039421669,2.847609717780234,-0.003206125970664286,False
2026-02-10 12:50:00-05:00,51136,short,0.8085557818412781,695.435,695.65,5.085005231470763,2.215849961793362,-0.00040906346582337817,True
2026-02-10 13:30:00-05:00,51140,long,0.9513648152351379,693.74,689.8,4.290885885005212,5.806827604857273,-0.005779361143944517,False
2026-02-10 15:50:00-05:00,51154,long,0.9261250495910645,692.11,693.75,6.643940169363068,3.863377683995789,0.002269565531490592,True
2026-02-11 09:30:00-05:00,51155,short,0.9709369540214539,695.35,692.775,5.840220328000606,0.9289094322676553,0.003616935512973363,False
2026-02-11 11:00:00-05:00,51164,short,0.9223920702934265,691.47,693.745,0.051610429118545756,1.8506025298208115,-0.003379302913894888,False
2026-02-11 12:00:00-05:00,51170,long,0.8736302256584167,692.35,692.26,1.2976284678486731,0.7244428869584384,-0.00022999205604102836,True
2026-02-11 12:50:00-05:00,51175,short,0.92632657289505,692.775,693.26,1.1251646701165683,2.16183324258369,-0.0007995932262066074,True
2026-02-11 14:40:00-05:00,51186,long,0.7865347862243652,693.17,685.58,2.200516172617148,9.750213363923129,-0.011049694880043714,False
2026-02-12 09:40:00-05:00,51195,short,0.9735692739486694,693.26,683.445,9.812750804024754,0.5750728378172605,0.014261067825501506,True
2026-02-12 11:30:00-05:00,51206,long,0.9313245415687561,685.58,685.12,0.25513693554615585,2.2358052509703144,-0.0007709647305931377,False
2026-02-12 13:00:00-05:00,51215,long,0.8409456610679626,683.445,679.8,1.6637925995367662,3.913054960739624,-0.005433274806312294,False
2026-02-12 13:50:00-05:00,51220,short,0.8551357388496399,684.69,681.175,5.071100562115318,0.8994829209338392,0.005060201123059593,False
2026-02-12 15:50:00-05:00,51232,long,0.8506132960319519,681.19,685.92,4.049128509364887,2.9346159097576137,0.006843730823999017,False
2026-02-13 10:10:00-05:00,51237,short,0.8337077498435974,681.01,685.77,0.2742083372037829,2.9379464700404765,-0.007041102702072155,False
2026-02-13 11:50:00-05:00,51247,short,0.8763989806175232,684.81,682.62,1.711685307573136,0.8384944918855372,0.0031082271249009866,False
2026-02-13 13:00:00-05:00,51254,long,0.8875113129615784,684.84,676.62,0.9901079765707597,5.8081686231230325,-0.01210280357455763,False
2026-02-13 13:20:00-05:00,51256,short,0.8793721795082092,685.35,679.59,6.48862502052541,0.466807555433468,0.008375698582969038,True
2026-02-13 14:40:00-05:00,51264,long,0.8012480735778809,683.8,682.48,0.1016313145361529,6.7838902452879415,-0.0020303890026322044,False
2026-02-17 10:40:00-05:00,51279,long,0.857150137424469,677.68,683.89,3.692419719265353,0.2783758821067585,0.009063617046393569,True
2026-02-17 11:20:00-05:00,51283,short,0.9576721787452698,681.57,684.375,1.2541110384249923,1.7652403271947974,-0.004198630136986192,True
2026-02-17 12:20:00-05:00,51289,long,0.8449376821517944,682.1,682.815,1.6852872964351815,1.7390730612150478,0.0009482333968626633,False
2026-02-18 09:40:00-05:00,51312,short,0.9865233302116394,683.715,688.49,0.07835213514657335,4.474319296526682,-0.0070354674722944545,False
2026-02-18 12:00:00-05:00,51326,long,0.8663844466209412,688.49,684.21,0.6447841597201032,4.533328630647703,-0.0063165027814492515,False
2026-02-18 13:00:00-05:00,51332,short,0.9628546237945557,688.49,684.96,7.077256698542255,0.317946640367102,0.005053585610838451,True
2026-02-18 13:50:00-05:00,51337,long,0.9452912211418152,686.965,685.43,0.48961970647333,5.291432249477311,-0.002334466093614773,False
2026-02-18 15:50:00-05:00,51349,short,0.9309574365615845,686.19,682.73,3.9733114447139024,-0.05766019246952853,0.0049678892094973,True
2026-02-19 09:30:00-05:00,51350,long,0.9103588461875916,683.63,682.42,2.1768768495750064,1.2687585630257863,-0.001869963284232734,True
2026-02-19 12:20:00-05:00,51367,short,0.9027232527732849,683.94,683.86,1.8256425881150633,0.2252920640652327,1.6983008218163315e-05,True
2026-02-19 13:00:00-05:00,51371,long,0.9046775102615356,682.67,684.79,2.1928952024990886,0.8837040368279105,0.0030054535866523738,False
2026-02-20 09:30:00-05:00,51389,long,0.7654271721839905,683.59,687.51,5.24600299677566,0.08239795282896595,0.00563443145745256,True
2026-02-20 09:40:00-05:00,51390,short,0.9343450665473938,684.07,687.25,0.5000193647836702,4.605441517743927,-0.004727137140778337,False
2026-02-20 11:30:00-05:00,51401,long,0.8880287408828735,688.085,688.07,1.2061861301521275,2.4337477107121344,-0.00012179963231285776,False
2026-02-20 13:20:00-05:00,51412,long,0.787478506565094,686.6,684.84,2.4360903571396593,1.341257841141933,-0.002663355665598621,True
2026-02-20 13:40:00-05:00,51414,short,0.8076841831207275,689.14,684.46,3.0566688180125987,0.5420072543280132,0.006737506939777249,True
2026-02-23 09:30:00-05:00,51429,long,0.8280860781669617,689.59,681.95,-0.08948364364680203,8.236969397686291,-0.011179046969938666,False
2026-02-23 11:10:00-05:00,51439,long,0.9467512369155884,681.47,681.11,1.8183905012779233,0.6510286979884091,-0.0006282697697623906,True
2026-02-23 13:10:00-05:00,51451,short,0.7737718820571899,683.13,683.95,2.940907508796296,2.1422585048100586,-0.0012989180495650676,True
2026-02-23 14:40:00-05:00,51460,long,0.9613808989524841,681.37,685.76,6.038229607992883,1.5068077528142556,0.006342901800783662,True
2026-02-23 15:30:00-05:00,51465,short,0.7733688354492188,681.6,687.47,1.9130223000280768,7.3770922444831175,-0.008638554409647014,False
2026-02-24 10:30:00-05:00,51474,short,0.808632493019104,685.9,687.45,0.5513419156674858,1.676998326821914,-0.0023547094334134375,False
2026-02-24 11:30:00-05:00,51480,long,0.7789838314056396,685.76,687.14,2.082465713009099,0.22344052714689508,0.0019123658422772638,True
2026-02-24 12:20:00-05:00,51485,short,0.8698649406433105,687.47,687.5,1.053163891389386,0.6464966461994357,-0.0001436363636363568,True
2026-02-24 13:30:00-05:00,51492,long,0.8451021909713745,687.69,690.64,5.411925070680815,1.5662747851617649,0.004189723567304948,False
2026-02-24 14:50:00-05:00,51500,short,0.9145773649215698,687.14,691.66,1.078246910396799,7.611154661625132,-0.0066350027470143515,True
2026-02-24 15:10:00-05:00,51502,long,0.9045078158378601,686.89,692.07,8.9202198282907,0.6219602816055775,0.00744123658810002,True
2026-02-25 09:50:00-05:00,51510,short,0.8110454082489014,691.39,692.35,1.3484874689344224,1.4391420886947706,-0.0014865819311043027,True
2026-02-25 10:10:00-05:00,51512,long,0.8028125762939453,690.64,692.28,2.3192893447616134,0.5051917384628624,0.0022746090582648096,False
2026-02-25 12:40:00-05:00,51527,short,0.8027999997138977,692.26,693.03,0.06600988707786944,2.310346047727494,-0.0012110630131451194,False
2026-02-25 14:20:00-05:00,51537,short,0.8488219976425171,692.86,688.14,20.127048989503738,1.8965417186810432,0.006759069375417803,True
2026-02-25 15:30:00-05:00,51544,long,0.8332095742225647,693.15,686.355,1.405127141988989,24.190228052281384,-0.009903072927937583,True
2026-02-25 15:50:00-05:00,51546,short,0.9314096570014954,693.1,685.9,22.76291182598321,0.286817903878403,0.010397157019973891,True
2026-02-26 10:30:00-05:00,51554,long,0.9676972031593323,686.55,687.41,2.390451070446117,1.6884932164261355,0.0011526400116525948,True
2026-02-26 11:10:00-05:00,51558,short,0.9285014867782593,688.27,688.99,3.301808572407776,0.9905425717223972,-0.001145007910129403,True
2026-02-26 12:50:00-05:00,51568,long,0.8261206746101379,685.59,683.53,4.063650063420769,3.8206087916851845,-0.003104711270584548,True
2026-02-26 13:40:00-05:00,51573,short,0.9199178814888,687.5,685.09,5.580798361767767,2.169248678289839,0.003417785984323174,False
2026-02-27 09:40:00-05:00,51588,long,0.8056527376174927,683.53,684.06,2.072251527850985,0.7007977894186591,0.0006753865960526962,True
2026-02-27 10:10:00-05:00,51591,short,0.921496570110321,684.12,683.73,0.7297597700334582,1.5012200983545854,0.00047040059672686106,False
2026-02-27 12:20:00-05:00,51604,long,0.8626032471656799,684.12,685.42,1.4866744104467573,0.8495282345409918,0.0018002514178798612,False
2026-02-27 14:00:00-05:00,51614,short,0.9335492253303528,683.84,684.21,5.443619977283598,2.8201886629300197,-0.0006407696467458756,False
2026-02-27 14:30:00-05:00,51617,long,0.8025253415107727,683.86,684.7,3.0312287464069905,5.910389161054456,0.0011283215862896046,True
2026-02-27 15:50:00-05:00,51625,short,0.8310019969940186,686.16,686.27,7.673333996463973,0.9532678150588619,-0.0002602867675988273,True
2026-03-02 09:30:00-05:00,51627,long,0.7725290060043335,681.02,687.22,4.209176305390546,0.013405020080849478,0.009003991072215268,True
2026-03-02 11:10:00-05:00,51637,short,0.8307436108589172,684.7,688.3,1.1576293188822475,2.5298753092425326,-0.0053302774952780465,False
2026-03-02 11:30:00-05:00,51639,long,0.9377403855323792,685.16,688.2,2.1280161373931046,-0.024816514721832977,0.004336919843540332,True
2026-03-02 13:00:00-05:00,51648,short,0.8138898611068726,687.04,672.4,12.382292556239527,1.273560282824963,0.021672754312908927,True
2026-03-02 13:20:00-05:00,51650,long,0.9172981381416321,686.74,671.07,1.6265688888142928,13.935738858219601,-0.022917951480909703,False
2026-03-02 15:50:00-05:00,51665,short,0.8529737591743469,686.35,678.24,14.958030142365933,-7.077592673059462,0.01185741920264215,True
2026-03-03 11:10:00-05:00,51676,short,0.828374981880188,675.28,680.95,0.29937346578646923,3.1917074336266955,-0.008426602540568384,False
2026-03-03 13:50:00-05:00,51692,short,0.8264985084533691,681.25,684.59,1.1866443950167231,2.957755432355124,-0.004978832585927362,True
2026-03-03 14:10:00-05:00,51694,long,0.7876706123352051,680.94,685.67,3.411691190553016,1.0220044095049037,0.006846280142156258,False
2026-03-04 09:30:00-05:00,51705,short,0.9846263527870178,681.0,686.19,0.8424141184246434,3.4526680839082955,-0.0076635028199187995,False
2026-03-04 11:00:00-05:00,51714,short,0.9134856462478638,685.67,686.6,0.9034164731119154,0.7874373312935918,-0.0014545004369357461,False
2026-03-04 11:20:00-05:00,51716,long,0.8149110674858093,685.18,686.84,1.1162012336817817,0.36997681341130784,0.0023227210368079623,False
2026-03-04 13:30:00-05:00,51729,short,0.7709631323814392,686.39,680.78,5.535608711178604,0.6348594148959474,0.008140547607156535,False
2026-03-04 15:20:00-05:00,51740,long,0.8781183362007141,686.23,679.29,0.518346735349786,9.343199904680471,-0.010213227343602093,False
2026-03-05 10:00:00-05:00,51747,short,0.9077120423316956,683.52,676.28,6.369680009251237,0.7021694498387452,0.010605624889099097,True
2026-03-05 10:30:00-05:00,51750,long,0.9511609673500061,681.12,676.63,1.0477832271067602,3.873846438246936,-0.0066920836269673935,True
2026-03-05 12:00:00-05:00,51759,short,0.9782028794288635,681.03,679.45,3.9871872055387847,0.051685760071836215,0.002225410258297023,True
2026-03-05 12:30:00-05:00,51762,long,0.8703978657722473,678.06,681.405,2.6491356388904763,1.7540598371944407,0.004833191752942267,False
2026-03-05 13:40:00-05:00,51769,short,0.9246744513511658,676.815,674.2,4.952870602915893,3.4603211106369796,0.0037786710175022778,False
2026-03-05 14:30:00-05:00,51774,long,0.849419355392456,676.265,674.97,4.183928803906024,4.964826769136407,-0.002014929798229936,True
2026-03-05 15:20:00-05:00,51779,short,0.8178892135620117,679.45,673.98,7.132368621485785,1.6816753316429445,0.008015967832873495,False
2026-03-06 10:40:00-05:00,51791,short,0.9053184390068054,673.68,674.585,0.8185645372980099,1.2380788626633477,-0.0014415655551192174,False
2026-03-06 10:50:00-05:00,51792,long,0.7916218638420105,674.97,675.14,0.5597951826341175,1.4316885644359278,0.0001518630457648552,False
2026-03-06 12:40:00-05:00,51803,long,0.9320330619812012,673.37,664.745,1.595501151157171,5.072875454961199,-0.012908708436669258,True
2026-03-06 15:30:00-05:00,51820,long,0.8377029299736023,672.21,670.89,0.8342070077897805,6.980244962617352,-0.002063672066764954,False
2026-03-09 11:00:00-04:00,51832,short,0.8360971808433533,668.0,670.1,0.0,2.238489701571382,-0.0032338606178182847,False
2026-03-09 13:40:00-04:00,51848,long,0.780613899230957,668.65,679.545,8.419757150376435,0.07497557569348473,0.01619402527480739,True
2026-03-10 09:40:00-04:00,51863,long,0.8103786110877991,677.26,682.08,2.8181042040548587,1.3644970948487058,0.007016912264123254,False
2026-03-10 11:00:00-04:00,51871,short,0.93280428647995,680.59,679.325,1.914560394129039,1.6600935063017241,0.0017621425679903325,False
2026-03-10 14:20:00-04:00,51891,long,0.9238144755363464,679.325,675.47,0.5519353352610722,2.8298649848356785,-0.005774750671622597,False
2026-03-10 15:50:00-04:00,51900,long,0.8896465301513672,677.13,675.36,2.0451586375961917,2.4988627722165786,-0.0027139736830446124,False
2026-03-11 10:00:00-04:00,51904,short,0.9171015620231628,677.94,676.45,2.7957470109734346,0.41394887406210196,0.0021026757336093274,True
2026-03-11 11:30:00-04:00,51913,long,0.8078022003173828,674.8,675.275,1.1933075999816378,0.8949806999861577,0.0006039122703023092,False
2026-03-11 12:40:00-04:00,51920,short,0.8371871709823608,675.36,676.48,1.4766342388222284,1.0041112823991254,-0.0017556291390728007,False
2026-03-11 13:30:00-04:00,51925,long,0.8636367321014404,674.22,669.6,1.6724987786148673,4.289382643430521,-0.006952362730266126,True
2026-03-11 15:50:00-04:00,51939,short,0.8238653540611267,676.34,670.04,8.765239716831703,0.1308244733855351,0.009302423735896504,True
2026-03-12 09:30:00-04:00,51941,long,0.8255345821380615,671.36,668.85,0.12123725533759656,3.1379054322679445,-0.0038386796949475663,False
2026-03-12 11:40:00-04:00,51954,short,0.8371481895446777,669.31,667.63,1.4740773271920624,1.2121544963273831,0.0024163638542304858,False
2026-03-12 13:50:00-04:00,51967,long,0.7763617634773254,668.175,667.05,2.5965614993795243,1.4137528355996325,-0.00178369064990459,False
2026-03-13 09:40:00-04:00,51981,short,0.7858723998069763,671.17,663.97,5.292845909227737,0.4531096373905028,0.010743863427564494,True
2026-03-13 10:40:00-04:00,51987,long,0.7731911540031433,667.05,663.11,0.31428262969604537,3.050390229402806,-0.006006603702870772,False
2026-03-13 15:40:00-04:00,52017,long,0.7492998838424683,661.89,668.21,8.400414052439938,0.3060340916675818,0.009448414389098037,True
2026-03-16 10:10:00-04:00,52023,short,0.8855788111686707,670.55,668.9,2.3317190393304297,0.5296234986090445,0.00236673643294959,True
2026-03-16 10:50:00-04:00,52027,long,0.8783442974090576,669.8,669.81,0.5536047327608323,1.7823371884006105,-8.507017019999666e-05,False
2026-03-16 12:50:00-04:00,52039,short,0.8522314429283142,668.41,674.23,0.346832613699874,5.067139892835146,-0.008732069175207312,False
2026-03-16 13:50:00-04:00,52045,long,0.8564884662628174,668.76,673.3,5.331407414774199,0.3213969008906741,0.006688683533704098,True
2026-03-16 15:10:00-04:00,52053,short,0.9594711065292358,669.405,670.64,0.890800286095877,4.5173070345673585,-0.001941524513897186,False
2026-03-17 10:10:00-04:00,52062,long,0.9295680522918701,672.6,671.89,0.6769718627939126,2.047228163388992,-0.0011556051144812173,False
2026-03-17 12:00:00-04:00,52073,long,0.8538982272148132,670.64,671.05,1.4412474184978408,0.03580738927941659,0.000511356316354561,True
2026-03-17 14:10:00-04:00,52086,short,0.8191131949424744,671.84,667.93,7.185399994130343,-0.08245540976876747,0.00575390684652598,True
2026-03-17 15:00:00-04:00,52091,long,0.7703895568847656,670.95,667.09,0.8188552324038207,6.771802794958678,-0.005853036738952222,False
2026-03-18 11:10:00-04:00,52107,short,0.8022534251213074,666.82,664.77,2.1754976089175013,0.7298747389224983,0.00298377333513854,True
2026-03-18 12:30:00-04:00,52115,long,0.8653135299682617,666.69,661.54,0.7674848175301662,5.740365895500388,-0.007824729634462912,False
2026-03-18 14:00:00-04:00,52124,short,0.9634292125701904,666.52,657.99,12.87294791447124,0.2729246907661866,0.012863722852930904,True
2026-03-18 14:20:00-04:00,52126,long,0.8446042537689209,666.1,658.715,0.1717622183689744,12.078762453046107,-0.011186923885302524,False
2026-03-18 15:50:00-04:00,52135,long,0.8357725143432617,661.54,658.025,0.06912467489142285,6.260720554447172,-0.005413359736372703,False
2026-03-19 11:10:00-04:00,52147,short,0.957243025302887,658.12,656.785,1.6495374502060918,0.6010460344880278,0.0019326286379865887,True
2026-03-19 11:40:00-04:00,52150,long,0.8772940635681152,657.03,661.84,4.091579179578068,0.9570134352233454,0.0072208224890797255,True
2026-03-19 15:30:00-04:00,52173,long,0.811945378780365,660.34,653.1,0.1620018462241496,5.90982735025698,-0.01106404882333346,False
2026-03-20 10:50:00-04:00,52184,long,0.839932382106781,652.13,650.45,1.2635583634676086,1.2195538433468145,-0.002676173462346398,True
2026-03-20 11:20:00-04:00,52187,short,0.9071277976036072,651.85,647.94,2.550357848006524,1.2782967208834273,0.005934509368151308,False
2026-03-20 12:30:00-04:00,52194,long,0.790497362613678,652.51,648.48,0.6554635313099566,5.715052812320601,-0.006276150557079541,False
2026-03-20 14:20:00-04:00,52205,long,0.8125663995742798,649.29,661.49,10.613082655580714,3.6187303985231583,0.018689754963113526,False
2026-03-23 10:00:00-04:00,52218,short,0.8946529626846313,659.66,655.34,2.875112555817366,1.4802808526018207,0.006491998046815206,False
2026-03-23 11:40:00-04:00,52228,long,0.7562462091445923,658.71,658.76,0.5368002306188533,2.7239756383532785,-2.409406263771388e-05,False
2026-03-23 15:50:00-04:00,52253,long,0.7982550859451294,655.37,655.045,1.1822515059576089,3.881488377993461,-0.0005959030776509055,False
2026-03-24 10:40:00-04:00,52261,short,0.9031540751457214,652.83,653.805,0.36529358796433775,2.557055115750226,-0.0015912703328973099,False
2026-03-24 12:00:00-04:00,52269,long,0.9209423661231995,655.03,654.43,0.9825750094720134,1.6470728524161709,-0.001015988580675764,False
2026-03-24 14:00:00-04:00,52281,short,0.8965343832969666,653.805,658.67,0.863108934639666,4.870152823970852,-0.007486096224209382,False
2026-03-24 15:50:00-04:00,52292,long,0.8447847962379456,653.2,657.64,5.964877479315986,-0.836490026588169,0.006697305572565637,True
2026-03-25 11:10:00-04:00,52303,long,0.8392267823219299,655.14,657.58,2.4004766110782167,0.0,0.003624394785847407,True
2026-03-25 13:40:00-04:00,52318,short,0.9536455869674683,658.1,653.72,5.4435295242308985,0.4764011591762318,0.00660011625772493,True
2026-03-25 14:50:00-04:00,52325,long,0.8640714883804321,656.485,651.73,0.7114519584765975,4.962916389131095,-0.007343120558733218,True
2026-03-26 10:50:00-04:00,52340,long,0.9152134656906128,652.19,646.865,0.404216581330645,3.7129248881910457,-0.008264798601634548,False
2026-03-26 13:20:00-04:00,52355,long,0.8740549683570862,648.6,640.5,0.379542124177637,9.027680525083253,-0.012588436632747457,False
2026-03-26 15:10:00-04:00,52366,long,0.8718019127845764,646.53,639.49,0.06810832683237103,8.550214568487368,-0.010988899200346413,False
2026-03-27 10:40:00-04:00,52378,long,0.9447599649429321,640.21,635.425,1.2019183948644867,3.329452105314285,-0.007574110057637429,False
2026-03-27 11:00:00-04:00,52380,short,0.9258198142051697,640.11,635.765,3.5468168497194204,1.3104704826272737,0.006734286253568633,False
2026-03-27 12:40:00-04:00,52390,long,0.9416412115097046,639.515,637.98,0.5951838614928618,4.987096146626527,-0.0025002564443367234,False
2026-03-27 14:10:00-04:00,52399,long,0.950462281703949,636.11,636.85,3.702373225046913,2.6680171561789128,0.0010633208092940439,False
2026-03-27 15:50:00-04:00,52409,long,0.9400516152381897,634.04,635.3,5.660146538072982,-0.5895985977160173,0.0018872563245220131,True
2026-03-30 09:30:00-04:00,52410,short,0.885338306427002,637.98,635.37,2.238989046718974,0.48318608607008223,0.004007842674347273,True
2026-03-30 12:30:00-04:00,52428,long,0.7594566345214844,635.85,632.02,-0.03609135737771844,4.735186087950241,-0.006123433199654038,False
2026-03-31 10:00:00-04:00,52452,short,0.8681268095970154,641.185,647.04,1.8748274078623821,4.797786673663645,-0.009148899604352178,False
2026-03-31 10:50:00-04:00,52457,long,0.7598418593406677,638.72,647.78,6.252609678191133,0.02361703372314737,0.014084619238476915,True
2026-04-01 12:30:00-04:00,52506,long,0.9402071237564087,657.57,655.18,0.7732721202452877,3.166345839741539,-0.0037345940356161675,False
2026-04-01 14:30:00-04:00,52518,long,0.943021297454834,654.46,655.34,2.180811644826946,0.2792209169977866,0.0012446199920545964,True
