entry_timestamp,entry_price,side,symbol,exit_timestamp,exit_price,entry_atr,open,high,low,close,hold_minutes,price_move,atr_capture,return_frac,winner
2026-02-13 14:40:00+00:00,679.86,long,SPY,2026-02-13 15:00:00+00:00,679.885,1.6249681120549486,679.86,682.745,677.53,681.365,20.0,0.024999999999977263,0.015384917288230382,3.677227664522498e-05,True
2026-02-13 15:10:00+00:00,682.455,long,SPY,2026-02-13 17:10:00+00:00,685.2,1.786962442487139,682.455,682.88,680.58,681.01,120.0,2.7450000000000045,1.536126297192595,0.004022243224828026,True
2026-02-13 17:40:00+00:00,685.935,short,SPY,2026-02-13 20:50:00+00:00,681.18,1.4925482500466607,685.935,686.24,685.44,685.92,190.0,4.7549999999999955,3.1858266557555797,0.006932143716241328,True
2026-02-17 14:30:00+00:00,680.15,short,SPY,2026-02-17 15:00:00+00:00,676.42,1.3842813580363877,680.15,682.71,680.12,682.71,30.0,3.730000000000018,2.6945389232800534,0.005484084393148597,True
2026-02-17 15:00:00+00:00,676.42,long,SPY,2026-02-17 15:30:00+00:00,677.43,1.7215948045211065,676.42,678.53,676.315,677.38,30.0,1.009999999999991,0.5866653392236166,0.001493155140297464,True
2026-02-17 15:40:00+00:00,675.87,long,SPY,2026-02-17 16:20:00+00:00,682.76,1.9039005677823593,675.87,678.18,675.79,677.68,40.0,6.889999999999986,3.61888646738804,0.010194268128486117,True
2026-02-17 16:20:00+00:00,682.76,short,SPY,2026-02-17 17:20:00+00:00,681.365,1.8977585932015875,682.76,683.2,681.535,681.57,60.0,1.3949999999999818,0.7350776884885902,0.0020431776905500934,True
2026-02-17 17:20:00+00:00,681.365,long,SPY,2026-02-17 19:00:00+00:00,684.06,1.6733052020061894,681.365,682.1,680.49,682.1,100.0,2.6949999999999363,1.6105848453520601,0.003955295619821886,True
2026-02-17 19:00:00+00:00,684.06,short,SPY,2026-02-17 20:10:00+00:00,683.39,1.4391282873098727,684.06,684.49,683.845,683.89,70.0,0.6699999999999591,0.4655596070954686,0.0009794462474051386,True
2026-02-17 20:00:00+00:00,683.57,long,SPY,2026-02-18 15:10:00+00:00,687.48,1.2034356651381783,683.57,684.09,683.33,683.36,1150.0,3.909999999999968,3.2490311806996535,0.0057199701566774674,True
2026-02-18 15:20:00+00:00,687.95,short,SPY,2026-02-18 16:20:00+00:00,688.13,1.3230669936969601,687.95,688.15,687.535,687.85,60.0,-0.17999999999994998,-0.13604753263248423,-0.0002616469220146086,False
2026-02-18 16:40:00+00:00,688.53,short,SPY,2026-02-18 20:00:00+00:00,684.62,0.9910088703217382,688.53,688.63,688.06,688.06,200.0,3.909999999999968,3.9454742708110757,0.005678764904942368,True
2026-02-18 17:00:00+00:00,687.56,long,SPY,2026-02-18 17:20:00+00:00,688.58,1.0080892810427262,687.56,688.885,687.38,688.49,20.0,1.0200000000000955,1.0118151429455229,0.0014835068939438312,True
2026-02-18 20:00:00+00:00,684.62,long,SPY,2026-02-18 20:50:00+00:00,686.47,0.9209299432499645,684.62,685.33,684.44,684.55,50.0,1.8500000000000227,2.008839014910697,0.002702228973737286,True
2026-02-18 20:40:00+00:00,685.53,short,SPY,2026-02-19 14:40:00+00:00,683.68,0.9333923393680272,685.53,686.49,685.345,686.39,1080.0,1.8500000000000227,1.9820175525038097,0.0026986419266844964,True
2026-02-19 14:40:00+00:00,683.68,long,SPY,2026-02-19 15:00:00+00:00,684.9,1.1942503533496889,683.68,684.74,682.98,684.13,20.0,1.2200000000000273,1.0215613473155898,0.001784460566346846,True
2026-02-19 15:00:00+00:00,684.9,short,SPY,2026-02-19 18:00:00+00:00,682.42,1.2711648454902928,684.9,686.135,684.38,684.425,180.0,2.480000000000018,1.9509664767699528,0.003620966564461992,True
2026-02-19 15:30:00+00:00,683.86,long,SPY,2026-02-19 15:40:00+00:00,685.43,1.3355026113491835,683.86,685.83,683.79,685.45,10.0,1.5699999999999363,1.1755873681249138,0.0022957915362793457,True
2026-02-19 17:10:00+00:00,683.04,long,SPY,2026-02-19 17:20:00+00:00,684.08,1.305465537878572,683.04,684.22,683.01,684.01,10.0,1.0400000000000773,0.7966506735138442,0.0015226048254861624,True
2026-02-19 18:00:00+00:00,682.42,long,SPY,2026-02-19 19:00:00+00:00,683.73,1.2221286256387691,682.42,682.67,682.07,682.67,60.0,1.3100000000000591,1.071900266893235,0.0019196389320361718,True
2026-02-19 19:00:00+00:00,683.73,short,SPY,2026-02-19 19:50:00+00:00,682.53,1.1258689658155345,683.73,684.04,683.41,683.92,50.0,1.2000000000000455,1.0658433942450962,0.0017550787591593838,True
2026-02-19 19:40:00+00:00,682.02,long,SPY,2026-02-20 14:50:00+00:00,684.26,1.0830670432282743,682.02,682.66,681.915,682.47,1150.0,2.240000000000009,2.068200684348487,0.003284361162429361,True
2026-02-20 15:00:00+00:00,684.89,long,SPY,2026-02-20 15:10:00+00:00,687.035,1.4095537686252473,684.89,689.32,684.74,687.1,10.0,2.144999999999982,1.5217581959232551,0.003131889792521436,True
2026-02-20 15:20:00+00:00,686.85,long,SPY,2026-02-20 15:50:00+00:00,688.17,1.5783652392738126,686.85,688.07,686.41,686.78,30.0,1.3199999999999363,0.836308331655386,0.0019218169906092264,True
2026-02-20 15:50:00+00:00,688.17,short,SPY,2026-02-20 17:20:00+00:00,685.08,1.652080331882131,688.17,689.145,687.62,688.82,90.0,3.089999999999918,1.8703690978995182,0.004490169580190823,True
2026-02-20 16:30:00+00:00,686.1,long,SPY,2026-02-20 16:40:00+00:00,688.12,1.6373923979301737,686.1,688.085,685.94,688.085,10.0,2.019999999999982,1.2336688521050068,0.002944177233639378,True
2026-02-20 17:20:00+00:00,685.08,long,SPY,2026-02-20 18:50:00+00:00,689.1,1.5663215393970709,685.08,685.2,684.1,685.2,90.0,4.019999999999982,2.5665228363950185,0.005867927833245634,True
2026-02-20 18:50:00+00:00,689.1,short,SPY,2026-02-20 19:30:00+00:00,688.68,1.561930728091357,689.1,689.54,688.3,689.27,40.0,0.42000000000007276,0.2688979686783568,0.0006094906399652776,True
2026-02-20 20:10:00+00:00,689.03,short,SPY,2026-02-23 16:10:00+00:00,681.15,1.225691825280745,689.03,689.18,688.57,688.66,4080.0,7.8799999999999955,6.429022236641808,0.011436367066745999,True
2026-02-23 16:10:00+00:00,681.15,long,SPY,2026-02-23 16:50:00+00:00,682.05,1.3363466198774134,681.15,681.61,680.385,681.47,40.0,0.8999999999999773,0.6734779634362652,0.0013212948689715898,True
2026-02-23 16:30:00+00:00,682.66,short,SPY,2026-02-23 17:10:00+00:00,681.96,1.2934825446902138,682.66,683.06,682.42,682.51,40.0,0.6999999999999318,0.5411746782926864,0.0010254006386780123,True
2026-02-23 17:30:00+00:00,681.67,long,SPY,2026-02-23 18:20:00+00:00,683.13,1.0913700888147146,681.67,681.7,680.62,680.68,50.0,1.4600000000000364,1.33776801743364,0.0021417988176097857,True
2026-02-23 18:20:00+00:00,683.13,short,SPY,2026-02-23 19:30:00+00:00,681.29,1.0432760891783892,683.13,683.9,683.13,683.78,70.0,1.8400000000000318,1.7636750416173022,0.002693484402675965,True
2026-02-23 19:30:00+00:00,681.29,long,SPY,2026-02-24 14:50:00+00:00,684.9,0.9106843496778441,681.29,681.63,680.97,681.11,1160.0,3.6100000000000136,3.964051870746496,0.005298771448281947,True
2026-02-24 15:00:00+00:00,683.125,long,SPY,2026-02-24 15:30:00+00:00,686.33,1.2723975884800578,683.125,683.99,682.07,683.95,30.0,3.205000000000041,2.5188667669738143,0.004691674290942416,True
2026-02-24 16:00:00+00:00,685.36,long,SPY,2026-02-24 17:30:00+00:00,687.45,1.2167174307492363,685.36,686.25,685.3,686.15,90.0,2.090000000000032,1.7177365485041511,0.0030494922376562705,True
2026-02-24 17:40:00+00:00,687.4,short,SPY,2026-02-24 18:30:00+00:00,687.04,0.8907578567666642,687.4,687.6,686.98,687.6,50.0,0.36000000000001364,0.4041502382103786,0.0005237125400058389,True
2026-02-24 18:40:00+00:00,687.67,short,SPY,2026-02-24 19:20:00+00:00,686.93,0.7549240437740217,687.67,687.87,687.51,687.65,40.0,0.7400000000000091,0.9802310657647038,0.0010760975467884438,True
2026-02-24 19:30:00+00:00,686.89,long,SPY,2026-02-24 21:00:00+00:00,687.45,0.6570003067639103,686.89,687.11,686.79,687.01,90.0,0.5600000000000591,0.8523588105435882,0.0008152688203351133,True
2026-02-25 14:30:00+00:00,690.14,long,SPY,2026-02-25 14:40:00+00:00,691.19,0.8470068536603129,690.14,691.22,690.14,691.11,10.0,1.0500000000000682,1.2396593905498248,0.0015214304344046692,True
2026-02-25 14:50:00+00:00,691.68,short,SPY,2026-02-25 15:30:00+00:00,691.13,0.8824701952479254,691.68,691.94,690.85,691.39,40.0,0.5499999999999545,0.6232505108520237,0.00079516539440197,True
2026-02-25 15:40:00+00:00,690.49,long,SPY,2026-02-25 17:00:00+00:00,692.02,0.8523109719986321,690.49,690.82,690.41,690.63,80.0,1.5299999999999727,1.7951194461479116,0.0022158177526103717,True
2026-02-25 16:50:00+00:00,692.29,short,SPY,2026-02-25 17:40:00+00:00,692.31,0.7285818139177122,692.29,692.34,692.0,692.07,50.0,-0.01999999999998181,-0.027450589100540823,-2.8889627179334977e-05,False
2026-02-25 17:30:00+00:00,691.97,long,SPY,2026-02-25 19:20:00+00:00,693.0,0.6333521237844486,691.97,692.28,691.89,692.28,110.0,1.0299999999999727,1.6262675395251647,0.001488503836871491,True
2026-02-25 19:41:00+00:00,693.18,short,SPY,2026-02-26 14:40:00+00:00,692.165,0.4070798408811847,693.18,693.26,693.08,693.18,1139.0,1.0149999999999864,2.4933683716758566,0.0014642661357800086,True
2026-02-26 14:50:00+00:00,691.05,short,SPY,2026-02-26 15:10:00+00:00,690.025,0.5641973302781028,691.05,691.535,690.48,690.68,20.0,1.0249999999999773,1.816740252022704,0.0014832501266188805,True
2026-02-26 15:30:00+00:00,685.6,long,SPY,2026-02-26 15:50:00+00:00,687.56,1.0541943448061466,685.6,686.63,684.37,686.55,20.0,1.9599999999999227,1.8592397214579468,0.002858809801633555,True
2026-02-26 16:00:00+00:00,687.685,short,SPY,2026-02-26 17:10:00+00:00,686.76,1.055796273884521,687.685,688.25,687.53,688.14,70.0,0.9249999999999545,0.8761159921474846,0.001345092593265746,True
2026-02-26 17:30:00+00:00,686.23,long,SPY,2026-02-26 19:20:00+00:00,688.89,1.051549398034563,686.23,687.07,685.75,685.9,110.0,2.659999999999968,2.5296006112235325,0.003876251402590958,True
2026-02-26 19:20:00+00:00,688.89,short,SPY,2026-02-27 14:40:00+00:00,684.06,1.0041311721231534,688.89,689.32,688.48,688.62,1160.0,4.830000000000041,4.810128531103561,0.007011279014066166,True
2026-02-27 14:50:00+00:00,683.5,long,SPY,2026-02-27 15:50:00+00:00,685.135,1.309411910513797,683.5,683.68,682.6,682.92,60.0,1.634999999999991,1.2486521520630107,0.002392099487929844,True
2026-02-27 16:00:00+00:00,685.24,short,SPY,2026-02-27 17:30:00+00:00,684.14,1.3737843607482945,685.24,685.92,684.69,684.79,90.0,1.1000000000000227,0.8007079068805656,0.0016052769832467788,True
2026-02-27 18:00:00+00:00,684.37,short,SPY,2026-02-27 18:40:00+00:00,683.69,1.2201770465949815,684.37,684.68,683.98,684.06,40.0,0.67999999999995,0.5572961742704091,0.0009936145652204946,True
2026-02-27 19:10:00+00:00,683.87,long,SPY,2026-02-27 20:20:00+00:00,685.57,1.0346398761327142,683.87,684.22,683.61,683.94,70.0,1.7000000000000455,1.6430837813387977,0.002485852574319658,True
2026-02-27 20:20:00+00:00,685.57,short,SPY,2026-03-02 14:40:00+00:00,681.0,0.9843102871942436,685.57,686.08,685.18,685.6,3980.0,4.57000000000005,4.642844903131858,0.006665985967880814,True
2026-03-02 14:40:00+00:00,681.0,long,SPY,2026-03-02 15:30:00+00:00,683.37,1.5504084857316192,681.0,683.31,681.0,683.22,50.0,2.3700000000000045,1.528629404322197,0.0034801762114538004,True
2026-03-02 15:40:00+00:00,683.83,long,SPY,2026-03-02 17:00:00+00:00,686.25,1.5791276823174467,683.83,684.83,683.51,684.21,80.0,2.419999999999959,1.5324916579566836,0.003538891244899922,True
2026-03-02 17:20:00+00:00,687.04,short,SPY,2026-03-02 18:20:00+00:00,686.59,1.4256646736521006,687.04,687.17,686.46,686.52,60.0,0.4499999999999318,0.3156422462563897,0.0006549836981834126,True
2026-03-02 18:40:00+00:00,686.16,long,SPY,2026-03-02 19:30:00+00:00,688.245,1.1010939935391795,686.16,686.31,685.33,685.8,50.0,2.0850000000000364,1.8935713138333883,0.0030386498775796245,True
2026-03-02 19:20:00+00:00,687.66,short,SPY,2026-03-02 20:20:00+00:00,686.08,1.0817481140533258,687.66,688.27,687.55,688.19,60.0,1.5799999999999272,1.4605988025064767,0.0022976470930400595,True
2026-03-02 20:30:00+00:00,685.37,short,SPY,2026-03-03 14:40:00+00:00,675.78,1.0989823790450282,685.37,686.4,685.2,686.125,1090.0,9.590000000000032,8.726254563183588,0.013992442038606931,True
2026-03-03 14:40:00+00:00,675.78,long,SPY,2026-03-03 17:00:00+00:00,677.57,2.0145857384398416,675.78,675.9,672.5,672.5,140.0,1.7900000000000773,0.8885201388282981,0.002648791026665487,True
2026-03-03 17:10:00+00:00,676.81,long,SPY,2026-03-03 18:50:00+00:00,681.4,1.9139009409813195,676.81,677.66,676.42,677.57,100.0,4.590000000000032,2.398243243271822,0.006781814689499344,True
2026-03-03 19:00:00+00:00,681.27,short,SPY,2026-03-03 19:40:00+00:00,680.82,1.6775054428227578,681.27,681.47,680.005,680.07,40.0,0.4499999999999318,0.26825546344738627,0.0006605310669777501,True
2026-03-03 19:50:00+00:00,682.01,short,SPY,2026-03-03 20:30:00+00:00,681.04,1.6816989728647098,682.01,682.37,680.75,681.25,40.0,0.9700000000000273,0.5767976407499789,0.001422266535681335,True
2026-03-03 20:20:00+00:00,680.48,long,SPY,2026-03-04 14:40:00+00:00,680.95,1.6008027126034161,680.48,681.28,680.17,681.01,1100.0,0.4700000000000273,0.29360270088227003,0.0006906889254643112,True
2026-03-04 14:50:00+00:00,680.85,long,SPY,2026-03-04 15:40:00+00:00,684.63,1.6337044527602511,680.85,681.67,680.31,681.01,50.0,3.7799999999999727,2.3137599910518785,0.005551883674818292,True
2026-03-04 16:00:00+00:00,685.86,short,SPY,2026-03-04 16:30:00+00:00,685.185,1.6382256069583103,685.86,686.615,685.52,685.67,30.0,0.6750000000000682,0.41203116172340826,0.0009841658647538392,True
2026-03-04 16:20:00+00:00,684.54,long,SPY,2026-03-04 17:00:00+00:00,685.78,1.5946945284487533,684.54,685.44,684.19,685.18,40.0,1.240000000000009,0.7775783875086253,0.0018114354164839863,True
2026-03-04 17:30:00+00:00,685.33,long,SPY,2026-03-04 18:10:00+00:00,686.22,1.3305200140977493,685.33,686.08,684.59,686.05,40.0,0.8899999999999864,0.6689113959728836,0.0012986444486597915,True
2026-03-04 18:20:00+00:00,685.6,long,SPY,2026-03-04 19:00:00+00:00,686.57,1.1331713675745179,685.6,686.13,685.38,686.105,40.0,0.9700000000000273,0.8560046853956885,0.0014148191365228602,True
2026-03-04 18:50:00+00:00,686.76,short,SPY,2026-03-05 14:40:00+00:00,683.63,1.024844203557293,686.76,686.86,686.21,686.54,1190.0,3.1299999999999955,3.0541227526443393,0.004557632943095107,True
2026-03-05 14:50:00+00:00,682.825,short,SPY,2026-03-05 15:40:00+00:00,681.3,1.0883149285733869,682.825,685.04,682.61,685.04,50.0,1.525000000000091,1.4012488113152421,0.0022333687255154553,True
2026-03-05 15:50:00+00:00,681.29,short,SPY,2026-03-05 17:40:00+00:00,678.09,1.3329894102468394,681.29,682.54,681.25,681.99,110.0,3.199999999999932,2.4006192212790083,0.004696971920914636,True
2026-03-05 18:10:00+00:00,677.79,short,SPY,2026-03-05 18:30:00+00:00,676.67,1.4612725519805618,677.79,678.23,676.38,676.44,20.0,1.1200000000000045,0.7664552368974512,0.0016524292184895094,True
2026-03-05 18:20:00+00:00,676.46,long,SPY,2026-03-05 20:00:00+00:00,677.1,1.457610226839091,676.46,677.31,675.9,676.28,100.0,0.6399999999999864,0.4390748556888641,0.0009461017650711501,True
2026-03-05 20:10:00+00:00,678.28,short,SPY,2026-03-06 14:40:00+00:00,671.06,1.3400824363557402,678.28,679.44,678.2,679.12,1110.0,7.220000000000027,5.387728250236835,0.010644571563366203,True
2026-03-06 14:40:00+00:00,671.06,long,SPY,2026-03-06 15:40:00+00:00,675.5,1.9473121980564214,671.06,672.11,670.0,670.76,60.0,4.440000000000055,2.280065828392356,0.0066163979375912785,True
2026-03-06 15:40:00+00:00,675.5,short,SPY,2026-03-06 17:20:00+00:00,674.43,1.9546412373071154,675.5,675.5,673.54,673.68,100.0,1.07000000000005,0.547415034318101,0.0015840118430792745,True
2026-03-06 15:50:00+00:00,673.5,long,SPY,2026-03-06 16:00:00+00:00,674.92,2.018595434642323,673.5,675.34,672.49,674.97,10.0,1.419999999999959,0.7034594330446261,0.0021083890126205596,True
2026-03-06 17:40:00+00:00,672.96,long,SPY,2026-03-06 18:20:00+00:00,675.82,1.7110611283608457,672.96,673.465,672.08,673.37,40.0,2.8600000000000136,1.671477396450367,0.004249881122206478,True
2026-03-06 18:20:00+00:00,675.82,short,SPY,2026-03-09 13:50:00+00:00,663.68,1.6779356749040542,675.82,675.99,674.33,674.66,4050.0,12.1400000000001,7.235080689666054,0.017963363025657868,True
2026-03-09 13:40:00+00:00,664.67,long,SPY,2026-03-09 16:20:00+00:00,670.0,1.8378539459662184,664.67,664.86,663.4,663.62,160.0,5.330000000000041,2.900121640078363,0.008019016955782554,True
2026-03-09 16:30:00+00:00,670.93,short,SPY,2026-03-09 17:30:00+00:00,668.875,1.581646620808075,670.93,671.32,669.91,671.06,60.0,2.05499999999995,1.2992788483624964,0.003062912673453192,True
2026-03-09 17:30:00+00:00,668.875,long,SPY,2026-03-09 19:40:00+00:00,679.16,1.3663651988829026,668.875,669.09,668.47,668.51,130.0,10.284999999999968,7.5272701678941045,0.01537656512801333,True
2026-03-09 19:40:00+00:00,679.16,short,SPY,2026-03-10 13:50:00+00:00,677.32,1.7805796233066506,679.16,679.23,677.0,678.02,1090.0,1.8399999999999181,1.0333713673432474,0.0027092290476469732,True
2026-03-10 13:40:00+00:00,677.04,long,SPY,2026-03-10 15:00:00+00:00,681.1,1.7955333208471935,677.04,677.75,675.96,677.26,80.0,4.060000000000059,2.2611666143207043,0.005996691480562477,True
2026-03-10 15:00:00+00:00,681.1,short,SPY,2026-03-10 16:00:00+00:00,681.4,1.6505094379316305,681.1,681.655,680.52,680.59,60.0,-0.2999999999999545,-0.1817620627337373,-0.0004404639553662524,False
2026-03-10 16:10:00+00:00,679.97,long,SPY,2026-03-10 16:50:00+00:00,680.94,1.4051688332522567,679.97,681.23,679.97,680.98,40.0,0.9700000000000273,0.6903085074517108,0.0014265335235379428,True
2026-03-10 16:40:00+00:00,681.56,short,SPY,2026-03-10 18:30:00+00:00,679.42,1.3212284718131184,681.56,681.58,680.64,681.01,110.0,2.1399999999999864,1.61970472605943,0.0031398556253301054,True
2026-03-10 18:40:00+00:00,678.78,short,SPY,2026-03-10 19:50:00+00:00,676.78,1.5257598254333995,678.78,679.37,678.59,678.88,70.0,2.0,1.310822297625965,0.002946462771442883,True
2026-03-10 19:50:00+00:00,676.78,long,SPY,2026-03-11 13:40:00+00:00,678.38,1.432651700527138,676.78,677.13,676.23,677.13,1070.0,1.6000000000000227,1.116810177526966,0.0023641360560300306,True
2026-03-11 13:40:00+00:00,678.38,short,SPY,2026-03-11 15:40:00+00:00,674.875,1.4583578438218632,678.38,678.43,676.44,676.685,120.0,3.5049999999999955,2.403388177221699,0.005166720717002264,True
2026-03-11 15:50:00+00:00,674.25,long,SPY,2026-03-11 16:50:00+00:00,675.34,1.5541146847097467,674.25,674.97,674.11,674.22,60.0,1.0900000000000318,0.7013639409781428,0.0016166110493140984,True
2026-03-11 16:50:00+00:00,675.34,short,SPY,2026-03-11 17:50:00+00:00,674.83,1.326257867309376,675.34,676.3,675.34,676.275,60.0,0.5099999999999909,0.3845406029783975,0.0007551751710249517,True
2026-03-11 18:10:00+00:00,674.325,long,SPY,2026-03-11 18:50:00+00:00,674.815,1.3133919997860433,674.325,674.97,673.74,674.86,40.0,0.4900000000000091,0.3730797812685261,0.0007266525785043498,True
2026-03-11 18:50:00+00:00,674.815,short,SPY,2026-03-12 13:40:00+00:00,671.28,1.1768921518609214,674.815,675.73,674.815,675.275,1130.0,3.535000000000082,3.0036736963624757,0.0052384727666102285,True
2026-03-12 13:50:00+00:00,670.29,short,SPY,2026-03-12 14:30:00+00:00,668.04,1.5785885817584973,670.29,670.89,668.27,668.81,40.0,2.25,1.425323878558384,0.003356756030971669,True
2026-03-12 14:30:00+00:00,668.04,long,SPY,2026-03-12 15:40:00+00:00,669.73,1.6022800000938247,668.04,668.64,667.32,667.98,70.0,1.6900000000000546,1.0547469854838687,0.002529788635411201,True
2026-03-12 15:40:00+00:00,669.73,short,SPY,2026-03-12 18:50:00+00:00,667.49,1.641704919652867,669.73,670.28,668.51,669.31,190.0,2.240000000000009,1.3644352119464012,0.0033446314186314024,True
2026-03-12 16:10:00+00:00,667.89,long,SPY,2026-03-12 16:20:00+00:00,669.8,1.6810789753926172,667.89,669.855,667.79,669.6,10.0,1.9099999999999682,1.1361750565905961,0.00285975235442959,True
2026-03-12 19:00:00+00:00,667.3,long,SPY,2026-03-12 19:40:00+00:00,667.915,1.309863832717373,667.3,668.02,666.89,667.63,40.0,0.6150000000000091,0.4695144522955208,0.0009216244567660237,True
2026-03-12 19:50:00+00:00,666.69,long,SPY,2026-03-13 13:40:00+00:00,670.39,1.2339101119346336,666.69,667.07,665.91,666.05,1070.0,3.699999999999932,2.9985976808300436,0.0055498057567984205,True
2026-03-13 13:40:00+00:00,670.39,short,SPY,2026-03-13 15:10:00+00:00,666.21,1.5228102495762912,670.39,672.335,670.21,671.17,90.0,4.17999999999995,2.7449250496987387,0.0062351765390294455,True
2026-03-13 15:20:00+00:00,665.865,short,SPY,2026-03-13 16:00:00+00:00,663.5,1.6558381537756284,665.865,666.32,664.47,664.53,40.0,2.365000000000009,1.4282796870016286,0.0035517710046330847,True
2026-03-13 16:00:00+00:00,663.5,long,SPY,2026-03-13 16:40:00+00:00,664.27,1.5973704578817542,663.5,664.66,663.41,664.45,40.0,0.7699999999999818,0.4820422189484246,0.001160512434061678,True
2026-03-13 16:30:00+00:00,664.325,short,SPY,2026-03-13 17:10:00+00:00,664.02,1.5194562303083852,664.325,665.155,664.03,664.41,40.0,0.30500000000006366,0.20072970442732765,0.0004591126331239433,True
2026-03-13 17:20:00+00:00,664.76,short,SPY,2026-03-13 18:00:00+00:00,662.7,1.468508475114341,664.76,664.76,663.79,664.33,40.0,2.0599999999999454,1.4027838687410707,0.003098862747457647,True
2026-03-13 17:50:00+00:00,662.485,long,SPY,2026-03-16 14:10:00+00:00,670.8,1.4015135276334565,662.485,663.0,662.1,662.61,4100.0,8.31499999999994,5.932871739055091,0.012551227574963963,True
2026-03-16 14:10:00+00:00,670.8,short,SPY,2026-03-16 14:50:00+00:00,668.02,1.4538629838410757,670.8,671.36,670.4,670.55,40.0,2.7799999999999727,1.9121471767960352,0.004144305307095964,True
2026-03-16 14:50:00+00:00,668.02,long,SPY,2026-03-16 15:10:00+00:00,669.17,1.4812012099511898,668.02,669.81,667.58,669.8,20.0,1.1499999999999773,0.7763968813108608,0.001721505344151275,True
2026-03-16 15:30:00+00:00,670.03,short,SPY,2026-03-16 16:10:00+00:00,668.81,1.3254661536187016,670.03,670.62,670.03,670.29,40.0,1.2200000000000273,0.9204308964580217,0.0018208139934033213,True
2026-03-16 16:30:00+00:00,667.44,long,SPY,2026-03-16 18:20:00+00:00,669.81,1.238146630746193,667.44,668.21,667.19,668.21,110.0,2.369999999999891,1.9141513138646304,0.0035508809780653294,True
2026-03-16 18:40:00+00:00,670.1,long,SPY,2026-03-16 19:20:00+00:00,669.42,0.9266229206788411,670.1,670.29,669.9,670.09,40.0,-0.6800000000000637,-0.733847593044534,-0.0010147739143412382,False
2026-03-16 19:30:00+00:00,669.26,long,SPY,2026-03-17 13:40:00+00:00,673.885,1.0616902631485527,669.26,669.39,668.84,668.96,1090.0,4.625,4.3562611060254826,0.006910617697158061,True
2026-03-17 13:50:00+00:00,674.16,short,SPY,2026-03-17 14:20:00+00:00,672.565,1.211866322208037,674.16,674.235,673.66,673.85,30.0,1.5949999999999136,1.316151765892629,0.0023659072030377264,True
2026-03-17 14:30:00+00:00,672.73,short,SPY,2026-03-17 15:40:00+00:00,670.68,1.183786287707813,672.73,673.25,672.22,672.5,70.0,2.050000000000068,1.7317314968815196,0.00304728494343952,True
2026-03-17 16:10:00+00:00,670.64,long,SPY,2026-03-17 17:20:00+00:00,671.4,1.1044387307120118,670.64,671.54,670.6,671.54,70.0,0.7599999999999909,0.6881323326193319,0.0011332458547059776,True
2026-03-17 16:20:00+00:00,671.55,short,SPY,2026-03-17 17:00:00+00:00,671.05,1.0619788213754389,671.55,671.55,671.04,671.295,40.0,0.5,0.47081918201760087,0.0007445461990916537,True
2026-03-17 17:10:00+00:00,671.79,short,SPY,2026-03-18 13:40:00+00:00,669.07,0.9515397463202652,671.79,671.86,671.28,671.42,1230.0,2.7199999999999136,2.8585248388399194,0.00404888432397016,True
2026-03-18 13:50:00+00:00,669.09,short,SPY,2026-03-18 14:30:00+00:00,665.98,0.8825768702091787,669.09,669.27,668.37,669.22,40.0,3.1100000000000136,3.5237723817336333,0.004648104141445865,True
2026-03-18 14:30:00+00:00,665.98,long,SPY,2026-03-18 15:00:00+00:00,667.13,1.0422292271460978,665.98,666.9,665.91,666.16,30.0,1.1499999999999773,1.1034040977232855,0.001726778581939259,True
2026-03-18 15:00:00+00:00,667.13,short,SPY,2026-03-18 19:10:00+00:00,664.4,1.0535049606559679,667.13,668.0,666.78,667.93,250.0,2.730000000000018,2.591349924256812,0.004092155951613656,True
2026-03-18 19:20:00+00:00,663.3,short,SPY,2026-03-19 13:40:00+00:00,656.23,1.018178082028347,663.3,663.48,662.71,662.855,1100.0,7.069999999999936,6.943775479742748,0.01065882707673743,True
2026-03-19 13:40:00+00:00,656.23,long,SPY,2026-03-19 14:00:00+00:00,658.64,1.3770446757857548,656.23,657.93,656.015,657.93,20.0,2.409999999999968,1.7501247725494449,0.0036724928759732656,True
2026-03-19 14:00:00+00:00,658.64,short,SPY,2026-03-19 14:30:00+00:00,656.33,1.3321456643254734,658.64,659.12,658.17,658.17,30.0,2.3099999999999454,1.7340446032751264,0.0035072270132393197,True
2026-03-19 14:30:00+00:00,656.33,long,SPY,2026-03-19 14:40:00+00:00,657.37,1.5238389302197781,656.33,659.06,656.27,657.405,10.0,1.0399999999999636,0.682486829398674,0.001584568738287162,True
2026-03-19 15:10:00+00:00,658.87,short,SPY,2026-03-19 15:50:00+00:00,657.02,1.4973894649626944,658.87,659.64,658.12,658.12,40.0,1.8500000000000227,1.2354835153365482,0.0028078376614507,True
2026-03-19 15:40:00+00:00,656.93,long,SPY,2026-03-19 16:10:00+00:00,658.495,1.4419860257008141,656.93,657.2,656.21,657.03,30.0,1.5650000000000546,1.0853087145830382,0.002382293395034596,True
2026-03-19 16:10:00+00:00,658.495,short,SPY,2026-03-19 17:20:00+00:00,656.8,1.4034669455046243,658.495,658.52,657.43,657.58,70.0,1.69500000000005,1.2077234917638928,0.002574051435470353,True
2026-03-19 17:10:00+00:00,655.86,long,SPY,2026-03-19 18:30:00+00:00,657.155,1.3056724795212122,655.86,656.88,655.65,656.87,80.0,1.294999999999959,0.9918260668822807,0.0019745067544902906,True
2026-03-19 18:40:00+00:00,656.71,long,SPY,2026-03-19 19:00:00+00:00,658.415,1.114201237247977,656.71,656.8,656.34,656.6,20.0,1.7049999999999272,1.5302442171139519,0.002596275372691137,True
2026-03-19 19:00:00+00:00,658.415,short,SPY,2026-03-20 14:10:00+00:00,653.09,1.4397449443617762,658.415,662.93,658.415,661.84,1150.0,5.324999999999932,3.698571764987477,0.008087604322501663,True
2026-03-20 14:20:00+00:00,652.19,long,SPY,2026-03-20 15:00:00+00:00,652.15,1.6645271407825781,652.19,652.43,651.62,651.91,40.0,-0.04000000000007731,-0.024030848773827315,-6.133182048184693e-05,False
2026-03-20 15:30:00+00:00,651.94,long,SPY,2026-03-20 16:00:00+00:00,652.96,1.5655753379600754,651.94,652.81,651.74,652.4,30.0,1.0199999999999818,0.651517672301244,0.0015645611559345074,True
2026-03-20 16:00:00+00:00,652.96,short,SPY,2026-03-20 18:30:00+00:00,649.4,1.4458997877180348,652.96,653.835,652.81,653.21,150.0,3.560000000000059,2.4621346722918913,0.005452095074736674,True
2026-03-20 18:30:00+00:00,649.4,long,SPY,2026-03-23 13:50:00+00:00,658.965,1.2663991056896335,649.4,649.6,648.18,648.345,4040.0,9.565000000000055,7.552911208659859,0.014728980597474628,True
2026-03-23 14:00:00+00:00,660.2,short,SPY,2026-03-23 16:30:00+00:00,654.08,1.9894873292617146,660.2,660.78,658.64,659.66,150.0,6.1200000000000045,3.076169377902545,0.009269918206604066,True
2026-03-23 16:30:00+00:00,654.08,long,SPY,2026-03-23 17:40:00+00:00,657.8,1.8635868011674768,654.08,656.17,654.08,655.43,70.0,3.7199999999999136,1.9961506475949786,0.005687377690802187,True
2026-03-23 17:40:00+00:00,657.8,short,SPY,2026-03-23 18:20:00+00:00,657.36,1.775101880628442,657.8,657.8,656.3,656.62,40.0,0.4399999999999409,0.24787309663835577,0.0006688963210701443,True
