symbol,timestamp,open,high,low,close,volume,raw_action,raw_pos,exec_pos,gate_status,p_enter_long,p_enter_short,p_exit_long,p_exit_short,thr_enter_long,thr_enter_short,thr_exit_long,thr_exit_short
SPY,2026-01-30 17:30:00+00:00,691.025,691.5,689.595,690.16,20684.0,-1.0,-1,-1,entry_confirmed,0.03213302791118622,0.9001949429512024,,,0.5,0.5,0.65,0.65
SPY,2026-01-30 17:40:00+00:00,690.09,691.04,689.84,690.36,10128.0,-1.0,-1,-1,hold_aligned,0.045328203588724136,0.8602185845375061,,0.11856891214847565,0.5,0.5,0.65,0.65
SPY,2026-01-30 17:50:00+00:00,690.41,690.7,689.215,689.22,14104.0,-1.0,-1,-1,hold_aligned,0.0748535767197609,0.8460038900375366,,0.10799247771501541,0.5,0.5,0.65,0.65
SPY,2026-01-30 18:00:00+00:00,689.09,690.23,688.96,689.66,15227.0,-1.0,-1,-1,hold_aligned,0.03935030847787857,0.9013695120811462,,0.09592629224061966,0.5,0.5,0.65,0.65
SPY,2026-01-30 18:10:00+00:00,689.6,689.63,688.095,688.22,19298.0,-1.0,-1,-1,hold_aligned,0.0651484951376915,0.8778244256973267,,0.07939519733190536,0.5,0.5,0.65,0.65
SPY,2026-01-30 18:20:00+00:00,688.16,689.52,687.17,689.49,43923.0,0.0,0,-1,exit_pending,0.028403161093592644,0.9409317374229431,,0.8126298189163208,0.5,0.5,0.65,0.65
SPY,2026-01-30 18:30:00+00:00,689.45,689.66,687.92,688.58,12625.0,-1.0,-1,-1,pending_canceled_realign,0.052484408020973206,0.8605386018753052,,,0.5,0.5,0.65,0.65
SPY,2026-01-30 18:40:00+00:00,688.77,690.02,688.62,690.015,16745.0,-1.0,-1,-1,hold_aligned,0.026191113516688347,0.9427606463432312,,0.11723941564559937,0.5,0.5,0.65,0.65
SPY,2026-01-30 18:50:00+00:00,690.025,692.06,689.985,691.39,33199.0,-1.0,-1,-1,hold_aligned,0.02293095737695694,0.9544461369514465,,0.2957107126712799,0.5,0.5,0.65,0.65
SPY,2026-01-30 19:00:00+00:00,691.36,692.68,691.36,692.08,34790.0,-1.0,-1,-1,hold_aligned,0.02489532344043255,0.907935619354248,,0.2558099627494812,0.5,0.5,0.65,0.65
SPY,2026-01-30 19:10:00+00:00,692.14,692.33,691.505,691.9,38510.0,-1.0,-1,-1,hold_aligned,0.0826999843120575,0.8049107789993286,,0.16253513097763062,0.5,0.5,0.65,0.65
SPY,2026-01-30 19:20:00+00:00,691.85,692.69,691.34,691.34,33461.0,-1.0,-1,-1,hold_aligned,0.11999285221099854,0.7287507057189941,,0.08721740543842316,0.5,0.5,0.65,0.65
SPY,2026-01-30 19:30:00+00:00,691.3,692.025,690.66,691.61,36920.0,-1.0,-1,-1,hold_aligned,0.07265312224626541,0.7697551250457764,,0.22396650910377502,0.5,0.5,0.65,0.65
SPY,2026-01-30 19:40:00+00:00,691.635,691.85,690.78,690.84,27317.0,-1.0,-1,-1,hold_aligned,0.1367967128753662,0.6354988813400269,,0.0882008969783783,0.5,0.5,0.65,0.65
SPY,2026-01-30 19:50:00+00:00,690.89,692.26,690.46,690.545,29402.0,-1.0,-1,-1,hold_aligned,0.1796901375055313,0.6419214010238647,,0.1556204855442047,0.5,0.5,0.65,0.65
SPY,2026-01-30 20:00:00+00:00,690.665,691.14,689.98,690.49,30249.0,-1.0,-1,-1,hold_aligned,0.10048045217990875,0.708092451095581,,0.1033499538898468,0.5,0.5,0.65,0.65
SPY,2026-01-30 20:10:00+00:00,690.53,690.64,689.595,689.78,28562.0,-1.0,-1,-1,hold_aligned,0.1739339530467987,0.7211305499076843,,0.0957241877913475,0.5,0.5,0.65,0.65
SPY,2026-01-30 20:20:00+00:00,689.74,690.43,689.3,690.02,35330.0,-1.0,-1,-1,hold_aligned,0.11866641789674759,0.7575405836105347,,0.1385844498872757,0.5,0.5,0.65,0.65
SPY,2026-01-30 20:30:00+00:00,690.16,690.98,690.06,690.58,46463.0,-1.0,-1,-1,hold_aligned,0.09998911619186401,0.8028247952461243,,0.23116791248321533,0.5,0.5,0.65,0.65
SPY,2026-01-30 20:40:00+00:00,690.545,692.57,690.465,692.57,75747.0,-1.0,-1,-1,hold_aligned,0.07960318773984909,0.9213404059410095,,0.28312718868255615,0.5,0.5,0.65,0.65
SPY,2026-01-30 20:50:00+00:00,692.61,692.8,690.86,691.8,328361.0,-1.0,-1,-1,hold_aligned,0.2093467265367508,0.8071184754371643,,0.24719619750976562,0.5,0.5,0.65,0.65
SPY,2026-02-02 14:30:00+00:00,689.62,692.225,689.445,691.93,54370.0,-1.0,-1,-1,hold_aligned,0.05335370823740959,0.8497386574745178,,0.47730812430381775,0.5,0.5,0.65,0.65
SPY,2026-02-02 14:40:00+00:00,691.97,692.96,691.61,692.85,42066.0,-1.0,-1,-1,hold_aligned,0.019971046596765518,0.9397265315055847,,0.30637431144714355,0.5,0.5,0.65,0.65
SPY,2026-02-02 14:50:00+00:00,692.92,693.835,692.22,692.69,60181.0,-1.0,-1,-1,hold_aligned,0.021683258935809135,0.8916700482368469,,0.24163009226322174,0.5,0.5,0.65,0.65
SPY,2026-02-02 15:00:00+00:00,692.57,694.53,692.45,694.485,67708.0,-1.0,-1,-1,hold_aligned,0.016843918710947037,0.9586692452430725,,0.5111315846443176,0.5,0.5,0.65,0.65
SPY,2026-02-02 15:10:00+00:00,694.51,695.58,694.27,695.46,77652.0,-1.0,-1,-1,hold_aligned,0.013377288356423378,0.9605458378791809,,0.2921057343482971,0.5,0.5,0.65,0.65
SPY,2026-02-02 15:20:00+00:00,695.495,695.63,694.62,694.685,44138.0,-1.0,-1,-1,hold_aligned,0.030278511345386505,0.8923741579055786,,0.17813655734062195,0.5,0.5,0.65,0.65
SPY,2026-02-02 15:30:00+00:00,694.695,695.74,694.46,695.7,60679.0,-1.0,-1,-1,hold_aligned,0.012618857435882092,0.9384970664978027,,0.23869262635707855,0.5,0.5,0.65,0.65
SPY,2026-02-02 15:40:00+00:00,695.7,695.73,694.69,694.72,28341.0,-1.0,-1,-1,hold_aligned,0.02767067961394787,0.9211886525154114,,0.10367243736982346,0.5,0.5,0.65,0.65
SPY,2026-02-02 15:50:00+00:00,694.665,695.225,694.38,694.72,33233.0,-1.0,-1,-1,hold_aligned,0.020765887573361397,0.8807206749916077,,0.1207677349448204,0.5,0.5,0.65,0.65
SPY,2026-02-02 16:00:00+00:00,694.74,694.8,693.93,694.79,29926.0,-1.0,-1,-1,hold_aligned,0.0130119314417243,0.9194821119308472,,0.14067618548870087,0.5,0.5,0.65,0.65
SPY,2026-02-02 16:10:00+00:00,694.87,695.45,694.69,695.235,29204.0,-1.0,-1,-1,hold_aligned,0.011189146898686886,0.934197723865509,,0.1565338671207428,0.5,0.5,0.65,0.65
SPY,2026-02-02 16:20:00+00:00,695.23,695.66,695.13,695.56,45196.0,-1.0,-1,-1,hold_aligned,0.01125679723918438,0.957158625125885,,0.2229619026184082,0.5,0.5,0.65,0.65
SPY,2026-02-02 16:30:00+00:00,695.55,695.55,695.07,695.22,26203.0,-1.0,-1,-1,hold_aligned,0.023018768057227135,0.9036513566970825,,0.12240173667669296,0.5,0.5,0.65,0.65
SPY,2026-02-02 16:40:00+00:00,695.24,695.24,694.51,694.9,22384.0,-1.0,-1,-1,hold_aligned,0.03728051483631134,0.841446578502655,,0.1206364780664444,0.5,0.5,0.65,0.65
SPY,2026-02-02 16:50:00+00:00,694.89,695.86,694.73,695.75,24509.0,-1.0,-1,-1,hold_aligned,0.014826396480202675,0.9350664019584656,,0.21059302985668182,0.5,0.5,0.65,0.65
SPY,2026-02-02 17:00:00+00:00,695.715,696.35,695.64,696.32,45063.0,-1.0,-1,-1,hold_aligned,0.016086872667074203,0.943509042263031,,0.23445293307304382,0.5,0.5,0.65,0.65
SPY,2026-02-02 17:10:00+00:00,696.32,696.51,696.04,696.35,29793.0,-1.0,-1,-1,hold_aligned,0.023972447961568832,0.900023877620697,,0.10680414736270905,0.5,0.5,0.65,0.65
SPY,2026-02-02 17:20:00+00:00,696.26,696.26,695.98,696.21,16951.0,-1.0,-1,-1,hold_aligned,0.0319683738052845,0.8580979108810425,,0.08220452070236206,0.5,0.5,0.65,0.65
SPY,2026-02-02 17:30:00+00:00,696.26,696.58,696.16,696.35,23747.0,-1.0,-1,-1,hold_aligned,0.019400492310523987,0.8983559608459473,,0.1290789097547531,0.5,0.5,0.65,0.65
SPY,2026-02-02 17:40:00+00:00,696.35,696.41,696.065,696.395,14870.0,-1.0,-1,-1,hold_aligned,0.02369985729455948,0.9022166132926941,,0.0948123186826706,0.5,0.5,0.65,0.65
SPY,2026-02-02 17:50:00+00:00,696.37,696.93,696.265,696.39,26388.0,-1.0,-1,-1,hold_aligned,0.020495614036917686,0.9235230088233948,,0.15446603298187256,0.5,0.5,0.65,0.65
SPY,2026-02-02 18:00:00+00:00,696.43,696.71,696.41,696.49,22494.0,-1.0,-1,-1,hold_aligned,0.022259384393692017,0.9212046265602112,,0.08480823040008545,0.5,0.5,0.65,0.65
SPY,2026-02-02 18:10:00+00:00,696.515,696.55,696.02,696.06,39471.0,-1.0,-1,-1,hold_aligned,0.0396246463060379,0.8614178895950317,,0.0888429507613182,0.5,0.5,0.65,0.65
SPY,2026-02-02 18:20:00+00:00,695.97,696.23,695.695,696.13,28196.0,-1.0,-1,-1,hold_aligned,0.03674018383026123,0.8559471964836121,,0.2388739138841629,0.5,0.5,0.65,0.65
SPY,2026-02-02 18:30:00+00:00,696.07,696.33,696.04,696.11,25894.0,-1.0,-1,-1,hold_aligned,0.02165413089096546,0.8936206102371216,,0.1202462837100029,0.5,0.5,0.65,0.65
SPY,2026-02-02 18:40:00+00:00,696.12,696.75,696.065,696.66,17283.0,-1.0,-1,-1,hold_aligned,0.023596279323101044,0.9224256277084351,,0.14637069404125214,0.5,0.5,0.65,0.65
SPY,2026-02-02 18:50:00+00:00,696.68,696.68,696.43,696.515,19129.0,-1.0,-1,-1,hold_aligned,0.03638169541954994,0.8995460867881775,,0.1099221333861351,0.5,0.5,0.65,0.65
SPY,2026-02-02 19:00:00+00:00,696.475,696.76,696.39,696.72,30442.0,-1.0,-1,-1,hold_aligned,0.03115103952586651,0.9118754863739014,,0.2235182821750641,0.5,0.5,0.65,0.65
SPY,2026-02-02 19:10:00+00:00,696.73,696.875,696.64,696.72,27297.0,-1.0,-1,-1,hold_aligned,0.03493216261267662,0.8836355209350586,,0.14457690715789795,0.5,0.5,0.65,0.65
SPY,2026-02-02 19:20:00+00:00,696.705,696.83,696.62,696.79,32476.0,-1.0,-1,-1,hold_aligned,0.04154529049992561,0.8664301037788391,,0.1274997740983963,0.5,0.5,0.65,0.65
SPY,2026-02-02 19:30:00+00:00,696.785,696.79,696.245,696.285,33965.0,-1.0,-1,-1,hold_aligned,0.13510766625404358,0.7749185562133789,,0.13411913812160492,0.5,0.5,0.65,0.65
SPY,2026-02-02 19:40:00+00:00,696.27,696.71,696.2,696.35,30920.0,-1.0,-1,-1,hold_aligned,0.09049966186285019,0.7626610994338989,,0.17333866655826569,0.5,0.5,0.65,0.65
SPY,2026-02-02 19:50:00+00:00,696.39,696.75,695.38,695.52,41184.0,-1.0,-1,-1,hold_aligned,0.20773237943649292,0.737021803855896,,0.10379683971405029,0.5,0.5,0.65,0.65
SPY,2026-02-02 20:00:00+00:00,695.52,696.455,695.05,696.29,86258.0,-1.0,-1,-1,hold_aligned,0.11367485672235489,0.8334832787513733,,0.4640810191631317,0.5,0.5,0.65,0.65
SPY,2026-02-02 20:10:00+00:00,696.3,696.46,695.47,695.88,68461.0,-1.0,-1,-1,hold_aligned,0.172862246632576,0.7881346940994263,,0.22773045301437378,0.5,0.5,0.65,0.65
SPY,2026-02-02 20:20:00+00:00,695.91,696.23,695.72,695.81,69486.0,-1.0,-1,-1,hold_aligned,0.19285999238491058,0.7605934739112854,,0.16472624242305756,0.5,0.5,0.65,0.65
SPY,2026-02-02 20:30:00+00:00,695.78,695.95,695.38,695.47,65727.0,-1.0,-1,-1,hold_aligned,0.21825018525123596,0.7958800196647644,,0.12235411256551743,0.5,0.5,0.65,0.65
SPY,2026-02-02 20:40:00+00:00,695.445,695.81,695.225,695.61,104974.0,-1.0,-1,-1,hold_aligned,0.17928655445575714,0.8277536630630493,,0.16770726442337036,0.5,0.5,0.65,0.65
SPY,2026-02-02 20:50:00+00:00,695.59,695.74,695.08,695.39,252895.0,-1.0,-1,-1,hold_aligned,0.27636662125587463,0.823452353477478,,0.13634872436523438,0.5,0.5,0.65,0.65
SPY,2026-02-02 21:00:00+00:00,695.41,695.41,694.97,694.97,3614.0,-1.0,-1,-1,hold_aligned,0.5074045062065125,0.6422598361968994,,0.10341450572013855,0.5,0.5,0.65,0.65
SPY,2026-02-03 14:30:00+00:00,696.225,696.945,695.42,695.72,39554.0,-1.0,-1,-1,hold_aligned,0.03687754273414612,0.9429811239242554,,0.36606571078300476,0.5,0.5,0.65,0.65
SPY,2026-02-03 14:40:00+00:00,695.75,696.34,694.94,696.075,47358.0,-1.0,-1,-1,hold_aligned,0.03774527832865715,0.9479581713676453,,0.5651466846466064,0.5,0.5,0.65,0.65
SPY,2026-02-03 14:50:00+00:00,695.935,695.98,693.45,693.48,35566.0,-1.0,-1,-1,hold_aligned,0.0850524827837944,0.8168524503707886,,0.32405999302864075,0.5,0.5,0.65,0.65
SPY,2026-02-03 15:00:00+00:00,693.405,693.68,692.07,692.92,59332.0,-1.0,-1,-1,hold_aligned,0.09936947375535965,0.8520916700363159,,0.38478004932403564,0.5,0.5,0.65,0.65
SPY,2026-02-03 15:10:00+00:00,692.99,693.0,691.655,692.485,32151.0,-1.0,-1,-1,hold_aligned,0.06123572960495949,0.8864313364028931,,0.38019222021102905,0.5,0.5,0.65,0.65
SPY,2026-02-03 15:20:00+00:00,692.43,692.89,690.8,692.09,32613.0,-1.0,-1,-1,hold_aligned,0.03911004215478897,0.9153670072555542,,0.5297752618789673,0.5,0.5,0.65,0.65
SPY,2026-02-03 15:30:00+00:00,692.15,692.57,691.18,692.06,31351.0,-1.0,-1,-1,hold_aligned,0.03361300379037857,0.9181316494941711,,0.2557300627231598,0.5,0.5,0.65,0.65
SPY,2026-02-03 15:40:00+00:00,692.04,692.71,690.95,692.7,28748.0,-1.0,-1,-1,hold_aligned,0.0161284226924181,0.9525159597396851,,0.39374759793281555,0.5,0.5,0.65,0.65
SPY,2026-02-03 15:50:00+00:00,692.755,693.41,692.01,693.11,57682.0,-1.0,-1,-1,hold_aligned,0.013829614967107773,0.9489399194717407,,0.4598225951194763,0.5,0.5,0.65,0.65
SPY,2026-02-03 16:00:00+00:00,693.17,693.18,692.12,692.12,24327.0,-1.0,-1,-1,hold_aligned,0.033308446407318115,0.8528968095779419,,0.15039747953414917,0.5,0.5,0.65,0.65
SPY,2026-02-03 16:10:00+00:00,692.175,692.635,691.715,691.84,18989.0,-1.0,-1,-1,hold_aligned,0.039556439965963364,0.8505311012268066,,0.1878965049982071,0.5,0.5,0.65,0.65
SPY,2026-02-03 16:20:00+00:00,691.85,691.99,690.69,690.815,32920.0,-1.0,-1,-1,hold_aligned,0.04468774050474167,0.8468089699745178,,0.15358281135559082,0.5,0.5,0.65,0.65
SPY,2026-02-03 16:30:00+00:00,690.82,691.425,690.42,690.88,34942.0,-1.0,-1,-1,hold_aligned,0.0359686017036438,0.8899669051170349,,0.34715887904167175,0.5,0.5,0.65,0.65
SPY,2026-02-03 16:40:00+00:00,690.87,691.445,690.68,691.115,23884.0,-1.0,-1,-1,hold_aligned,0.016411997377872467,0.9307118058204651,,0.20576176047325134,0.5,0.5,0.65,0.65
SPY,2026-02-03 16:50:00+00:00,691.085,691.1,690.325,690.61,38581.0,-1.0,-1,-1,hold_aligned,0.04034319519996643,0.879773736000061,,0.17391884326934814,0.5,0.5,0.65,0.65
SPY,2026-02-03 17:00:00+00:00,690.64,690.73,689.99,690.55,33915.0,-1.0,-1,-1,hold_aligned,0.02018899843096733,0.9040586352348328,,0.13302642107009888,0.5,0.5,0.65,0.65
SPY,2026-02-03 17:10:00+00:00,690.535,690.655,688.62,689.37,67415.0,-1.0,-1,-1,hold_aligned,0.05684006214141846,0.883528470993042,,0.27494868636131287,0.5,0.5,0.65,0.65
SPY,2026-02-03 17:20:00+00:00,689.26,690.12,688.875,688.875,36149.0,-1.0,-1,-1,hold_aligned,0.04067797213792801,0.8891721963882446,,0.28779321908950806,0.5,0.5,0.65,0.65
SPY,2026-02-03 17:30:00+00:00,688.8,688.925,687.91,688.08,42730.0,-1.0,-1,-1,hold_aligned,0.02888500690460205,0.9051928520202637,,0.13980917632579803,0.5,0.5,0.65,0.65
SPY,2026-02-03 17:40:00+00:00,688.06,688.3,687.43,688.09,58260.0,-1.0,-1,-1,hold_aligned,0.03484763205051422,0.9132676124572754,,0.22716981172561646,0.5,0.5,0.65,0.65
SPY,2026-02-03 17:50:00+00:00,688.01,688.72,687.535,687.71,35495.0,-1.0,-1,-1,hold_aligned,0.04138414189219475,0.9134047627449036,,0.26660966873168945,0.5,0.5,0.65,0.65
SPY,2026-02-03 18:00:00+00:00,687.745,688.55,687.39,688.01,33761.0,-1.0,-1,-1,hold_aligned,0.018632126972079277,0.9437084197998047,,0.2191302627325058,0.5,0.5,0.65,0.65
SPY,2026-02-03 18:10:00+00:00,687.88,687.9,686.435,687.14,43867.0,-1.0,-1,-1,hold_aligned,0.06828644871711731,0.9185407161712646,,0.25815433263778687,0.5,0.5,0.65,0.65
SPY,2026-02-03 18:20:00+00:00,687.08,687.3,686.255,686.395,39279.0,-1.0,-1,-1,hold_aligned,0.0668465718626976,0.9132921099662781,,0.2631553113460541,0.5,0.5,0.65,0.65
SPY,2026-02-03 18:30:00+00:00,686.325,686.41,685.725,686.405,42068.0,-1.0,-1,-1,hold_aligned,0.04084677994251251,0.9244704842567444,,0.42324236035346985,0.5,0.5,0.65,0.65
SPY,2026-02-03 18:40:00+00:00,686.355,686.355,685.42,685.75,44513.0,-1.0,-1,-1,hold_aligned,0.056978270411491394,0.9141042828559875,,0.2450108528137207,0.5,0.5,0.65,0.65
SPY,2026-02-03 18:50:00+00:00,685.62,685.97,684.86,684.87,40017.0,-1.0,-1,-1,hold_aligned,0.0708816796541214,0.9164758324623108,,0.11649631708860397,0.5,0.5,0.65,0.65
SPY,2026-02-03 19:00:00+00:00,684.83,685.16,684.035,684.26,59012.0,-1.0,-1,-1,hold_aligned,0.1802576333284378,0.9087740778923035,,0.39723631739616394,0.5,0.5,0.65,0.65
SPY,2026-02-03 19:10:00+00:00,684.21,686.99,684.14,686.78,76509.0,0.0,0,-1,exit_pending,0.0183353740721941,0.9804450869560242,,0.8575699925422668,0.5,0.5,0.65,0.65
SPY,2026-02-03 19:20:00+00:00,686.79,687.19,685.73,686.16,48357.0,-1.0,-1,-1,pending_canceled_realign,0.030921360477805138,0.9300912022590637,,,0.5,0.5,0.65,0.65
SPY,2026-02-03 19:30:00+00:00,686.26,686.79,685.83,686.345,27682.0,-1.0,-1,-1,hold_aligned,0.07350227236747742,0.8432683348655701,,0.4386954605579376,0.5,0.5,0.65,0.65
SPY,2026-02-03 19:40:00+00:00,686.28,686.71,685.545,685.56,34171.0,-1.0,-1,-1,hold_aligned,0.14440947771072388,0.7540757060050964,,0.2748299539089203,0.5,0.5,0.65,0.65
SPY,2026-02-03 19:50:00+00:00,685.56,687.08,685.13,686.89,51754.0,-1.0,-1,-1,hold_aligned,0.08640553057193756,0.9245885610580444,,0.533279538154602,0.5,0.5,0.65,0.65
SPY,2026-02-03 20:00:00+00:00,686.75,687.01,686.28,686.66,25200.0,-1.0,-1,-1,hold_aligned,0.10482685267925262,0.811732828617096,,0.43873196840286255,0.5,0.5,0.65,0.65
SPY,2026-02-03 20:10:00+00:00,686.68,687.57,686.375,687.19,48323.0,-1.0,-1,-1,hold_aligned,0.13343165814876556,0.8102772831916809,,0.382248193025589,0.5,0.5,0.65,0.65
SPY,2026-02-03 20:20:00+00:00,687.245,687.78,686.75,687.58,48830.0,-1.0,-1,-1,hold_aligned,0.13147243857383728,0.8485515713691711,,0.43183574080467224,0.5,0.5,0.65,0.65
SPY,2026-02-03 20:30:00+00:00,687.58,689.18,687.58,689.04,96394.0,-1.0,-1,-1,hold_aligned,0.09912742674350739,0.9015153050422668,,0.4567514657974243,0.5,0.5,0.65,0.65
SPY,2026-02-03 20:40:00+00:00,689.06,689.06,688.22,688.74,49534.0,-1.0,-1,-1,hold_aligned,0.19072286784648895,0.8313354849815369,,0.3030620515346527,0.5,0.5,0.65,0.65
SPY,2026-02-03 20:50:00+00:00,688.92,689.74,688.84,689.435,200036.0,-1.0,-1,-1,hold_aligned,0.12826469540596008,0.8738109469413757,,0.3361217975616455,0.5,0.5,0.65,0.65
SPY,2026-02-04 14:30:00+00:00,690.29,691.045,689.025,690.585,47643.0,-1.0,-1,-1,hold_aligned,0.014538134448230267,0.9637248516082764,,0.5397292375564575,0.5,0.5,0.65,0.65
SPY,2026-02-04 14:40:00+00:00,690.57,691.4,689.91,691.03,50336.0,-1.0,-1,-1,hold_aligned,0.01507850456982851,0.9605119228363037,,0.4024731516838074,0.5,0.5,0.65,0.65
SPY,2026-02-04 14:50:00+00:00,691.05,691.12,687.85,688.1,49995.0,-1.0,-1,-1,hold_aligned,0.03960761800408363,0.8929990530014038,,0.20415298640727997,0.5,0.5,0.65,0.65
SPY,2026-02-04 15:00:00+00:00,687.97,689.175,686.54,688.96,56360.0,-1.0,-1,-1,hold_aligned,0.0361601784825325,0.9311843514442444,,0.442926824092865,0.5,0.5,0.65,0.65
SPY,2026-02-04 15:10:00+00:00,688.985,689.54,688.37,688.68,31081.0,-1.0,-1,-1,hold_aligned,0.016938161104917526,0.9489532113075256,,0.1949198693037033,0.5,0.5,0.65,0.65
SPY,2026-02-04 15:20:00+00:00,688.69,690.77,688.69,689.89,43470.0,-1.0,-1,-1,hold_aligned,0.009753406047821045,0.9688675403594971,,0.3748670220375061,0.5,0.5,0.65,0.65
SPY,2026-02-04 15:30:00+00:00,689.865,690.05,687.37,688.91,50292.0,-1.0,-1,-1,hold_aligned,0.017433039844036102,0.9325858950614929,,0.18743452429771423,0.5,0.5,0.65,0.65
SPY,2026-02-04 15:40:00+00:00,688.72,690.255,688.49,688.69,21112.0,-1.0,-1,-1,hold_aligned,0.02229326218366623,0.9236573576927185,,0.15654653310775757,0.5,0.5,0.65,0.65
SPY,2026-02-04 15:50:00+00:00,688.7,689.3,688.25,688.59,44581.0,-1.0,-1,-1,hold_aligned,0.010779227130115032,0.9422674775123596,,0.10329867899417877,0.5,0.5,0.65,0.65
SPY,2026-02-04 16:00:00+00:00,688.53,688.895,686.61,686.81,37924.0,-1.0,-1,-1,hold_aligned,0.022512463852763176,0.9363940358161926,,0.13788950443267822,0.5,0.5,0.65,0.65
SPY,2026-02-04 16:10:00+00:00,686.82,688.34,686.585,686.805,28802.0,-1.0,-1,-1,hold_aligned,0.014726517722010612,0.9493522047996521,,0.13751928508281708,0.5,0.5,0.65,0.65
SPY,2026-02-04 16:20:00+00:00,686.8,688.4,686.43,688.4,20558.0,-1.0,-1,-1,hold_aligned,0.010355663485825062,0.9667660593986511,,0.298182874917984,0.5,0.5,0.65,0.65
SPY,2026-02-04 16:30:00+00:00,688.34,688.48,686.76,686.8,15613.0,-1.0,-1,-1,hold_aligned,0.029606061056256294,0.895687997341156,,0.10571619868278503,0.5,0.5,0.65,0.65
SPY,2026-02-04 16:40:00+00:00,686.77,686.85,684.52,684.815,46054.0,-1.0,-1,-1,hold_aligned,0.05677974596619606,0.8821732997894287,,0.1993897557258606,0.5,0.5,0.65,0.65
SPY,2026-02-04 16:50:00+00:00,684.84,686.735,684.39,686.59,32156.0,-1.0,-1,-1,hold_aligned,0.015347308479249477,0.96617591381073,,0.3524090349674225,0.5,0.5,0.65,0.65
SPY,2026-02-04 17:00:00+00:00,686.51,687.07,686.275,686.67,19141.0,-1.0,-1,-1,hold_aligned,0.012261558324098587,0.9304400086402893,,0.21934175491333008,0.5,0.5,0.65,0.65
SPY,2026-02-04 17:10:00+00:00,686.445,686.92,685.75,685.75,13441.0,-1.0,-1,-1,hold_aligned,0.04428381472826004,0.8268334865570068,,0.10658887773752213,0.5,0.5,0.65,0.65
SPY,2026-02-04 17:20:00+00:00,685.7,686.015,683.34,683.65,43522.0,-1.0,-1,-1,hold_aligned,0.07102171331644058,0.8568397760391235,,0.16863325238227844,0.5,0.5,0.65,0.65
SPY,2026-02-04 17:30:00+00:00,683.38,684.71,682.485,682.5,67959.0,-1.0,-1,-1,hold_aligned,0.06144508719444275,0.8961650729179382,,0.23894794285297394,0.5,0.5,0.65,0.65
SPY,2026-02-04 17:40:00+00:00,682.41,683.265,682.06,682.35,39055.0,-1.0,-1,-1,hold_aligned,0.041104260832071304,0.9165942072868347,,0.1744539737701416,0.5,0.5,0.65,0.65
SPY,2026-02-04 17:50:00+00:00,682.31,683.815,681.78,683.585,33929.0,0.0,0,-1,exit_pending,0.01892327331006527,0.9573350548744202,,0.9262362718582153,0.5,0.5,0.65,0.65
SPY,2026-02-04 18:00:00+00:00,683.63,683.94,682.375,682.44,24738.0,-1.0,-1,-1,pending_canceled_realign,0.031765177845954895,0.8986768126487732,,,0.5,0.5,0.65,0.65
SPY,2026-02-04 18:10:00+00:00,682.385,683.14,682.365,682.49,43093.0,-1.0,-1,-1,hold_aligned,0.04068455100059509,0.9092869162559509,,0.1599227339029312,0.5,0.5,0.65,0.65
SPY,2026-02-04 18:20:00+00:00,682.64,684.955,682.42,684.815,50477.0,-1.0,-1,-1,hold_aligned,0.01736840419471264,0.9554498791694641,,0.4118442237377167,0.5,0.5,0.65,0.65
SPY,2026-02-04 18:30:00+00:00,684.82,684.86,683.16,683.99,45220.0,-1.0,-1,-1,hold_aligned,0.043625976890325546,0.8496167659759521,,0.27567148208618164,0.5,0.5,0.65,0.65
SPY,2026-02-04 18:40:00+00:00,683.98,685.01,683.74,683.865,31689.0,-1.0,-1,-1,hold_aligned,0.05137396976351738,0.7465582489967346,,0.1932029128074646,0.5,0.5,0.65,0.65
SPY,2026-02-04 18:50:00+00:00,683.785,685.51,683.16,684.63,35052.0,-1.0,-1,-1,hold_aligned,0.019384384155273438,0.8884527087211609,,0.35106703639030457,0.5,0.5,0.65,0.65
SPY,2026-02-04 19:00:00+00:00,684.63,684.87,683.42,684.34,43817.0,-1.0,-1,-1,hold_aligned,0.06079169362783432,0.8477752208709717,,0.22206903994083405,0.5,0.5,0.65,0.65
SPY,2026-02-04 19:10:00+00:00,684.425,685.27,684.16,684.79,24179.0,-1.0,-1,-1,hold_aligned,0.03087514452636242,0.9032138586044312,,0.23248906433582306,0.5,0.5,0.65,0.65
SPY,2026-02-04 19:20:00+00:00,684.77,685.38,684.22,685.285,32493.0,-1.0,-1,-1,hold_aligned,0.024089209735393524,0.912208080291748,,0.3422448933124542,0.5,0.5,0.65,0.65
SPY,2026-02-04 19:30:00+00:00,685.39,686.42,685.35,686.03,42529.0,-1.0,-1,-1,hold_aligned,0.025280453264713287,0.9262126684188843,,0.24306249618530273,0.5,0.5,0.65,0.65
SPY,2026-02-04 19:40:00+00:00,686.08,688.32,685.99,687.29,60321.0,-1.0,-1,-1,hold_aligned,0.03459370881319046,0.9338607788085938,,0.2637714743614197,0.5,0.5,0.65,0.65
SPY,2026-02-04 19:50:00+00:00,687.33,688.405,687.12,688.215,61693.0,-1.0,-1,-1,hold_aligned,0.03547411784529686,0.9090893268585205,,0.4149435758590698,0.5,0.5,0.65,0.65
SPY,2026-02-04 20:00:00+00:00,688.24,688.45,687.435,687.95,40165.0,-1.0,-1,-1,hold_aligned,0.04820048809051514,0.8211678266525269,,0.14873644709587097,0.5,0.5,0.65,0.65
SPY,2026-02-04 20:10:00+00:00,688.03,688.08,686.745,687.41,83886.0,-1.0,-1,-1,hold_aligned,0.14065726101398468,0.7716221213340759,,0.16362693905830383,0.5,0.5,0.65,0.65
SPY,2026-02-04 20:20:00+00:00,687.44,688.16,687.105,687.52,44470.0,-1.0,-1,-1,hold_aligned,0.08184055984020233,0.8163280487060547,,0.1761045604944229,0.5,0.5,0.65,0.65
SPY,2026-02-04 20:30:00+00:00,687.52,688.26,687.305,688.14,45194.0,-1.0,-1,-1,hold_aligned,0.04752282053232193,0.8796083927154541,,0.3336425721645355,0.5,0.5,0.65,0.65
SPY,2026-02-04 20:40:00+00:00,688.21,688.29,687.54,688.175,64472.0,-1.0,-1,-1,hold_aligned,0.061084482818841934,0.8988887667655945,,0.14916832745075226,0.5,0.5,0.65,0.65
SPY,2026-02-04 20:50:00+00:00,688.36,688.375,685.65,686.1,264583.0,-1.0,-1,-1,hold_aligned,0.14994102716445923,0.8335233330726624,,0.10777952522039413,0.5,0.5,0.65,0.65
SPY,2026-02-05 14:30:00+00:00,680.78,682.57,678.79,682.295,113321.0,0.0,0,-1,exit_pending,0.04981943219900131,0.9319186806678772,,0.864675760269165,0.5,0.5,0.65,0.65
SPY,2026-02-05 14:40:00+00:00,682.37,683.3,681.35,682.86,77304.0,-1.0,-1,-1,pending_canceled_realign,0.043390680104494095,0.9607487916946411,,,0.5,0.5,0.65,0.65
SPY,2026-02-05 14:50:00+00:00,682.85,683.64,680.315,680.68,60130.0,-1.0,-1,-1,hold_aligned,0.02271043322980404,0.9560152292251587,,0.211915984749794,0.5,0.5,0.65,0.65
SPY,2026-02-05 15:00:00+00:00,680.59,681.3,678.33,678.87,88659.0,-1.0,-1,-1,hold_aligned,0.009054699912667274,0.9713630676269531,,0.23579168319702148,0.5,0.5,0.65,0.65
SPY,2026-02-05 15:10:00+00:00,678.75,679.18,676.72,678.085,73471.0,0.0,0,-1,exit_pending,0.012446529231965542,0.9652544856071472,,0.7063818573951721,0.5,0.5,0.65,0.65
SPY,2026-02-05 15:20:00+00:00,678.04,678.38,676.2,676.69,38332.0,-1.0,-1,-1,pending_canceled_realign,0.010626676492393017,0.9792022109031677,,,0.5,0.5,0.65,0.65
SPY,2026-02-05 15:30:00+00:00,676.74,677.86,675.97,677.67,43650.0,-1.0,-1,-1,hold_aligned,0.008399276994168758,0.9738492369651794,,0.3785020709037781,0.5,0.5,0.65,0.65
SPY,2026-02-05 15:40:00+00:00,677.68,678.49,676.15,676.29,27052.0,-1.0,-1,-1,hold_aligned,0.01252527255564928,0.9583202004432678,,0.17623475193977356,0.5,0.5,0.65,0.65
SPY,2026-02-05 15:50:00+00:00,676.39,677.78,676.15,677.34,18122.0,-1.0,-1,-1,hold_aligned,0.007729263510555029,0.9644584655761719,,0.10513857007026672,0.5,0.5,0.65,0.65
SPY,2026-02-05 16:00:00+00:00,677.15,677.6,676.02,676.03,23098.0,-1.0,-1,-1,hold_aligned,0.014982090331614017,0.9409453868865967,,0.11415057629346848,0.5,0.5,0.65,0.65
SPY,2026-02-05 16:10:00+00:00,675.965,678.31,675.81,678.195,27350.0,-1.0,-1,-1,hold_aligned,0.01895582117140293,0.9699552059173584,,0.26847633719444275,0.5,0.5,0.65,0.65
SPY,2026-02-05 16:20:00+00:00,678.18,679.78,678.17,679.65,48320.0,-1.0,-1,-1,hold_aligned,0.00794642511755228,0.9728232026100159,,0.30468153953552246,0.5,0.5,0.65,0.65
SPY,2026-02-05 16:30:00+00:00,679.72,680.7,679.47,680.035,28498.0,-1.0,-1,-1,hold_aligned,0.01228584349155426,0.9387807846069336,,0.22420231997966766,0.5,0.5,0.65,0.65
SPY,2026-02-05 16:40:00+00:00,680.235,680.54,679.065,680.0,23671.0,-1.0,-1,-1,hold_aligned,0.01666417345404625,0.8842483758926392,,0.12466084957122803,0.5,0.5,0.65,0.65
SPY,2026-02-05 16:50:00+00:00,680.12,681.535,680.12,681.26,44445.0,-1.0,-1,-1,hold_aligned,0.010218454524874687,0.9578955173492432,,0.22034762799739838,0.5,0.5,0.65,0.65
SPY,2026-02-05 17:00:00+00:00,681.25,681.31,679.62,680.01,23750.0,-1.0,-1,-1,hold_aligned,0.019594518467783928,0.8702590465545654,,0.09976395219564438,0.5,0.5,0.65,0.65
SPY,2026-02-05 17:10:00+00:00,679.925,680.23,679.3,679.77,38409.0,-1.0,-1,-1,hold_aligned,0.0368138886988163,0.8539500832557678,,0.12132628262042999,0.5,0.5,0.65,0.65
SPY,2026-02-05 17:20:00+00:00,679.71,681.94,679.0,681.49,32070.0,-1.0,-1,-1,hold_aligned,0.007622024975717068,0.9812899231910706,,0.3932439088821411,0.5,0.5,0.65,0.65
SPY,2026-02-05 17:30:00+00:00,681.54,681.77,680.78,681.33,20432.0,-1.0,-1,-1,hold_aligned,0.013545069843530655,0.946117103099823,,0.10628247261047363,0.5,0.5,0.65,0.65
SPY,2026-02-05 17:40:00+00:00,681.38,682.6,680.985,681.055,26819.0,-1.0,-1,-1,hold_aligned,0.022012829780578613,0.902157723903656,,0.08849029242992401,0.5,0.5,0.65,0.65
SPY,2026-02-05 17:50:00+00:00,681.055,681.505,680.24,680.495,19863.0,-1.0,-1,-1,hold_aligned,0.021799329668283463,0.8927069306373596,,0.05805157124996185,0.5,0.5,0.65,0.65
SPY,2026-02-05 18:00:00+00:00,680.41,681.3,680.08,680.2,10737.0,-1.0,-1,-1,hold_aligned,0.02147996984422207,0.8935338854789734,,0.0622023344039917,0.5,0.5,0.65,0.65
SPY,2026-02-05 18:10:00+00:00,680.17,680.52,679.64,679.76,30523.0,-1.0,-1,-1,hold_aligned,0.025861460715532303,0.9199693202972412,,0.06603825092315674,0.5,0.5,0.65,0.65
SPY,2026-02-05 18:20:00+00:00,679.75,679.94,678.86,679.11,31301.0,-1.0,-1,-1,hold_aligned,0.023609327152371407,0.9217332601547241,,0.04889456555247307,0.5,0.5,0.65,0.65
SPY,2026-02-05 18:30:00+00:00,679.09,680.0,678.83,678.97,12951.0,-1.0,-1,-1,hold_aligned,0.025113936513662338,0.9126570820808411,,0.07378236204385757,0.5,0.5,0.65,0.65
SPY,2026-02-05 18:40:00+00:00,678.96,679.21,678.5,678.5,21302.0,-1.0,-1,-1,hold_aligned,0.02827650122344494,0.9083132743835449,,0.06602849811315536,0.5,0.5,0.65,0.65
SPY,2026-02-05 18:50:00+00:00,678.45,678.59,677.75,678.33,21526.0,-1.0,-1,-1,hold_aligned,0.039658982306718826,0.8797653913497925,,0.07817798852920532,0.5,0.5,0.65,0.65
SPY,2026-02-05 19:00:00+00:00,678.14,679.69,678.03,679.59,27569.0,-1.0,-1,-1,hold_aligned,0.011370635591447353,0.9656702876091003,,0.20809492468833923,0.5,0.5,0.65,0.65
SPY,2026-02-05 19:10:00+00:00,679.62,681.12,679.62,681.07,25178.0,-1.0,-1,-1,hold_aligned,0.017923638224601746,0.9626762866973877,,0.1447385549545288,0.5,0.5,0.65,0.65
SPY,2026-02-05 19:20:00+00:00,681.16,681.46,680.13,680.24,21264.0,-1.0,-1,-1,hold_aligned,0.04436584562063217,0.8501783609390259,,0.13063782453536987,0.5,0.5,0.65,0.65
SPY,2026-02-05 19:30:00+00:00,680.145,680.145,678.61,679.11,18023.0,-1.0,-1,-1,hold_aligned,0.18046872317790985,0.6941415667533875,,0.07261308282613754,0.5,0.5,0.65,0.65
SPY,2026-02-05 19:40:00+00:00,679.11,679.21,678.62,678.835,14385.0,-1.0,-1,-1,hold_aligned,0.2720109522342682,0.6483749747276306,,0.09177560359239578,0.5,0.5,0.65,0.65
SPY,2026-02-05 19:50:00+00:00,678.89,679.16,678.415,679.06,17332.0,-1.0,-1,-1,hold_aligned,0.13178792595863342,0.7918306589126587,,0.15116646885871887,0.5,0.5,0.65,0.65
SPY,2026-02-05 20:00:00+00:00,679.08,680.715,678.75,680.595,28408.0,-1.0,-1,-1,hold_aligned,0.050954580307006836,0.9186679720878601,,0.31989121437072754,0.5,0.5,0.65,0.65
SPY,2026-02-05 20:10:00+00:00,680.805,680.86,678.7,678.74,22385.0,-1.0,-1,-1,hold_aligned,0.24888794124126434,0.70294189453125,,0.17792503535747528,0.5,0.5,0.65,0.65
SPY,2026-02-05 20:20:00+00:00,678.69,678.825,677.67,677.835,30442.0,-1.0,-1,-1,hold_aligned,0.2753615081310272,0.7253846526145935,,0.1000225692987442,0.5,0.5,0.65,0.65
SPY,2026-02-05 20:30:00+00:00,677.79,678.12,677.115,677.71,66211.0,-1.0,-1,-1,hold_aligned,0.20817437767982483,0.7608662247657776,,0.099650077521801,0.5,0.5,0.65,0.65
SPY,2026-02-05 20:40:00+00:00,677.74,678.34,676.52,676.99,68197.0,-1.0,-1,-1,hold_aligned,0.20068064332008362,0.8102654814720154,,0.20511050522327423,0.5,0.5,0.65,0.65
SPY,2026-02-05 20:50:00+00:00,677.02,678.02,676.2,677.44,186731.0,-1.0,-1,-1,hold_aligned,0.23666627705097198,0.834007203578949,,0.3205980360507965,0.5,0.5,0.65,0.65
SPY,2026-02-06 14:30:00+00:00,681.435,685.03,681.14,684.7,92145.0,-1.0,-1,-1,hold_aligned,0.04232586547732353,0.9705967903137207,,0.6107850074768066,0.5,0.5,0.65,0.65
SPY,2026-02-06 14:40:00+00:00,684.76,685.8,684.0,685.55,77583.0,-1.0,-1,-1,hold_aligned,0.03833845257759094,0.9183394908905029,,0.40440604090690613,0.5,0.5,0.65,0.65
SPY,2026-02-06 14:50:00+00:00,685.635,686.49,684.6,684.855,63115.0,-1.0,-1,-1,hold_aligned,0.05884072184562683,0.8421818017959595,,0.43088239431381226,0.5,0.5,0.65,0.65
SPY,2026-02-06 15:00:00+00:00,684.82,685.06,683.42,683.95,44000.0,-1.0,-1,-1,hold_aligned,0.05024845525622368,0.7805145382881165,,0.2119787037372589,0.5,0.5,0.65,0.65
SPY,2026-02-06 15:10:00+00:00,683.98,685.4,683.2,684.51,38248.0,-1.0,-1,-1,hold_aligned,0.035949040204286575,0.8297502994537354,,0.3247125744819641,0.5,0.5,0.65,0.65
SPY,2026-02-06 15:20:00+00:00,684.81,685.81,683.95,685.61,30626.0,-1.0,-1,-1,hold_aligned,0.010725297033786774,0.9479249715805054,,0.44071319699287415,0.5,0.5,0.65,0.65
SPY,2026-02-06 15:30:00+00:00,685.635,686.34,684.97,686.11,32261.0,-1.0,-1,-1,hold_aligned,0.015126735903322697,0.9656990766525269,,0.2568952441215515,0.5,0.5,0.65,0.65
SPY,2026-02-06 15:40:00+00:00,686.125,687.01,685.86,685.91,40280.0,-1.0,-1,-1,hold_aligned,0.017307594418525696,0.9394537210464478,,0.13616420328617096,0.5,0.5,0.65,0.65
SPY,2026-02-06 15:50:00+00:00,685.795,685.94,684.36,685.8,26878.0,-1.0,-1,-1,hold_aligned,0.018026985228061676,0.9291613698005676,,0.13303393125534058,0.5,0.5,0.65,0.65
SPY,2026-02-06 16:00:00+00:00,685.7,687.29,685.55,687.12,41812.0,-1.0,-1,-1,hold_aligned,0.013491972349584103,0.9657274484634399,,0.340018093585968,0.5,0.5,0.65,0.65
SPY,2026-02-06 16:10:00+00:00,687.11,687.515,686.82,687.08,38325.0,-1.0,-1,-1,hold_aligned,0.015294594690203667,0.9421034455299377,,0.10273381322622299,0.5,0.5,0.65,0.65
SPY,2026-02-06 16:20:00+00:00,687.04,687.7,686.605,687.1,31975.0,-1.0,-1,-1,hold_aligned,0.016585616394877434,0.9385565519332886,,0.1018400490283966,0.5,0.5,0.65,0.65
SPY,2026-02-06 16:30:00+00:00,687.09,687.98,687.05,687.74,35610.0,-1.0,-1,-1,hold_aligned,0.01011777762323618,0.9544001817703247,,0.20264248549938202,0.5,0.5,0.65,0.65
SPY,2026-02-06 16:40:00+00:00,687.69,688.0,687.45,687.78,25891.0,-1.0,-1,-1,hold_aligned,0.011124162934720516,0.9608355164527893,,0.08469382673501968,0.5,0.5,0.65,0.65
SPY,2026-02-06 16:50:00+00:00,687.85,688.01,686.98,687.47,29145.0,-1.0,-1,-1,hold_aligned,0.01844419166445732,0.9391974210739136,,0.08147625625133514,0.5,0.5,0.65,0.65
SPY,2026-02-06 17:00:00+00:00,687.41,688.35,687.2,688.08,22447.0,-1.0,-1,-1,hold_aligned,0.009286724030971527,0.9663745760917664,,0.13975343108177185,0.5,0.5,0.65,0.65
SPY,2026-02-06 17:10:00+00:00,688.22,688.39,687.62,688.03,31611.0,-1.0,-1,-1,hold_aligned,0.013638337142765522,0.9305763840675354,,0.09316664189100266,0.5,0.5,0.65,0.65
SPY,2026-02-06 17:20:00+00:00,687.97,688.49,687.755,688.47,25765.0,-1.0,-1,-1,hold_aligned,0.01495490875095129,0.9456753134727478,,0.1771213710308075,0.5,0.5,0.65,0.65
SPY,2026-02-06 17:30:00+00:00,688.5,688.89,687.86,688.01,40527.0,-1.0,-1,-1,hold_aligned,0.024506421759724617,0.9113956689834595,,0.1048009842634201,0.5,0.5,0.65,0.65
SPY,2026-02-06 17:40:00+00:00,688.01,688.96,687.98,688.85,31638.0,-1.0,-1,-1,hold_aligned,0.011321927420794964,0.9555084109306335,,0.1403975635766983,0.5,0.5,0.65,0.65
SPY,2026-02-06 17:50:00+00:00,688.89,689.48,688.75,688.94,38825.0,-1.0,-1,-1,hold_aligned,0.014392627403140068,0.9487833380699158,,0.1117863655090332,0.5,0.5,0.65,0.65
SPY,2026-02-06 18:00:00+00:00,688.965,689.51,688.96,689.085,30262.0,-1.0,-1,-1,hold_aligned,0.01899472437798977,0.9396477937698364,,0.13092760741710663,0.5,0.5,0.65,0.65
SPY,2026-02-06 18:10:00+00:00,689.11,689.33,688.66,689.165,22965.0,-1.0,-1,-1,hold_aligned,0.02384384535253048,0.911565363407135,,0.10740666091442108,0.5,0.5,0.65,0.65
SPY,2026-02-06 18:20:00+00:00,689.155,689.4,688.61,688.96,25463.0,-1.0,-1,-1,hold_aligned,0.03616827353835106,0.8819809556007385,,0.10712873935699463,0.5,0.5,0.65,0.65
SPY,2026-02-06 18:30:00+00:00,688.99,689.38,688.91,689.285,22715.0,-1.0,-1,-1,hold_aligned,0.01976374350488186,0.9283753037452698,,0.10382875055074692,0.5,0.5,0.65,0.65
SPY,2026-02-06 18:40:00+00:00,689.305,689.55,689.2,689.5,35233.0,-1.0,-1,-1,hold_aligned,0.014239992946386337,0.9429901242256165,,0.14049258828163147,0.5,0.5,0.65,0.65
SPY,2026-02-06 18:50:00+00:00,689.525,689.63,688.955,689.03,30212.0,-1.0,-1,-1,hold_aligned,0.03363500162959099,0.8823060989379883,,0.09957289695739746,0.5,0.5,0.65,0.65
SPY,2026-02-06 19:00:00+00:00,689.05,689.405,688.94,689.225,35427.0,-1.0,-1,-1,hold_aligned,0.02956976741552353,0.9261951446533203,,0.1308356076478958,0.5,0.5,0.65,0.65
SPY,2026-02-06 19:10:00+00:00,689.21,689.3,688.755,688.9,34582.0,-1.0,-1,-1,hold_aligned,0.05367014929652214,0.8887759447097778,,0.10871915519237518,0.5,0.5,0.65,0.65
SPY,2026-02-06 19:20:00+00:00,688.9,689.53,688.9,689.47,36921.0,-1.0,-1,-1,hold_aligned,0.032706085592508316,0.9374499917030334,,0.23274534940719604,0.5,0.5,0.65,0.65
SPY,2026-02-06 19:30:00+00:00,689.5,689.56,689.15,689.2,30519.0,-1.0,-1,-1,hold_aligned,0.04947187751531601,0.8944594264030457,,0.08293390274047852,0.5,0.5,0.65,0.65
SPY,2026-02-06 19:40:00+00:00,689.2,689.745,688.935,689.64,30974.0,-1.0,-1,-1,hold_aligned,0.06263238191604614,0.893872857093811,,0.19962632656097412,0.5,0.5,0.65,0.65
SPY,2026-02-06 19:50:00+00:00,689.605,689.71,689.27,689.345,27774.0,-1.0,-1,-1,hold_aligned,0.12164551019668579,0.841005265712738,,0.17350174486637115,0.5,0.5,0.65,0.65
SPY,2026-02-06 20:00:00+00:00,689.27,689.79,689.13,689.63,55855.0,-1.0,-1,-1,hold_aligned,0.08495485037565231,0.8451849222183228,,0.19012950360774994,0.5,0.5,0.65,0.65
SPY,2026-02-06 20:10:00+00:00,689.56,689.79,689.44,689.76,60754.0,-1.0,-1,-1,hold_aligned,0.10090576857328415,0.8704790472984314,,0.1857079416513443,0.5,0.5,0.65,0.65
SPY,2026-02-06 20:20:00+00:00,689.75,690.14,689.73,689.78,71883.0,-1.0,-1,-1,hold_aligned,0.11468183994293213,0.8278277516365051,,0.19367453455924988,0.5,0.5,0.65,0.65
SPY,2026-02-06 20:30:00+00:00,689.7,690.075,689.6,690.04,71704.0,-1.0,-1,-1,hold_aligned,0.10136935859918594,0.8557084202766418,,0.44206902384757996,0.5,0.5,0.65,0.65
SPY,2026-02-06 20:40:00+00:00,690.02,691.17,690.01,691.01,106931.0,-1.0,-1,-1,hold_aligned,0.10507231205701828,0.9042954444885254,,0.2681925296783447,0.5,0.5,0.65,0.65
SPY,2026-02-06 20:50:00+00:00,691.02,692.29,690.585,690.72,230227.0,-1.0,-1,-1,hold_aligned,0.1894747018814087,0.8780549168586731,,0.12026898562908173,0.5,0.5,0.65,0.65
SPY,2026-02-09 14:30:00+00:00,689.47,691.09,688.39,691.09,39325.0,0.0,0,-1,exit_pending,0.04465344920754433,0.9367297887802124,,0.766930341720581,0.5,0.5,0.65,0.65
SPY,2026-02-09 14:40:00+00:00,691.05,691.62,690.57,691.265,31827.0,-1.0,-1,-1,pending_canceled_realign,0.04134490713477135,0.9478081464767456,,,0.5,0.5,0.65,0.65
SPY,2026-02-09 14:50:00+00:00,691.27,691.27,689.8,690.515,24788.0,-1.0,-1,-1,hold_aligned,0.04453938454389572,0.8980236053466797,,0.2510119676589966,0.5,0.5,0.65,0.65
SPY,2026-02-09 15:00:00+00:00,690.335,691.93,690.275,691.605,23324.0,-1.0,-1,-1,hold_aligned,0.018732406198978424,0.9622049927711487,,0.5767171382904053,0.5,0.5,0.65,0.65
SPY,2026-02-09 15:10:00+00:00,691.7,692.63,691.21,692.61,21640.0,-1.0,-1,-1,hold_aligned,0.011789431795477867,0.9765596389770508,,0.3633617162704468,0.5,0.5,0.65,0.65
SPY,2026-02-09 15:20:00+00:00,692.7,692.9,691.76,691.96,25336.0,-1.0,-1,-1,hold_aligned,0.02054406888782978,0.9438585638999939,,0.4111999571323395,0.5,0.5,0.65,0.65
SPY,2026-02-09 15:30:00+00:00,691.94,693.735,691.94,693.345,52022.0,-1.0,-1,-1,hold_aligned,0.011311817914247513,0.9728695750236511,,0.5892289876937866,0.5,0.5,0.65,0.65
SPY,2026-02-09 15:40:00+00:00,693.34,693.75,693.25,693.74,18543.0,-1.0,-1,-1,hold_aligned,0.00823986530303955,0.9689906239509583,,0.2292182892560959,0.5,0.5,0.65,0.65
SPY,2026-02-09 15:50:00+00:00,693.775,694.44,693.58,694.24,25180.0,-1.0,-1,-1,hold_aligned,0.009453344158828259,0.9709179997444153,,0.2671962082386017,0.5,0.5,0.65,0.65
SPY,2026-02-09 16:00:00+00:00,694.255,694.62,694.1,694.21,18591.0,-1.0,-1,-1,hold_aligned,0.012372061610221863,0.954445481300354,,0.11493449658155441,0.5,0.5,0.65,0.65
SPY,2026-02-09 16:10:00+00:00,694.16,694.455,694.065,694.085,20791.0,-1.0,-1,-1,hold_aligned,0.015525255352258682,0.9431073665618896,,0.10776139050722122,0.5,0.5,0.65,0.65
SPY,2026-02-09 16:20:00+00:00,694.08,694.74,694.08,694.705,36150.0,-1.0,-1,-1,hold_aligned,0.011703462339937687,0.9672994017601013,,0.19032080471515656,0.5,0.5,0.65,0.65
SPY,2026-02-09 16:30:00+00:00,694.64,694.75,694.3,694.56,18448.0,-1.0,-1,-1,hold_aligned,0.014033813029527664,0.9568541049957275,,0.11244437098503113,0.5,0.5,0.65,0.65
SPY,2026-02-09 16:40:00+00:00,694.59,695.305,694.57,695.17,30529.0,-1.0,-1,-1,hold_aligned,0.0110476054251194,0.9721963405609131,,0.1699541211128235,0.5,0.5,0.65,0.65
SPY,2026-02-09 16:50:00+00:00,695.195,695.58,695.12,695.395,29011.0,-1.0,-1,-1,hold_aligned,0.010471432469785213,0.9685767889022827,,0.13215622305870056,0.5,0.5,0.65,0.65
SPY,2026-02-09 17:00:00+00:00,695.375,695.62,695.25,695.405,15848.0,-1.0,-1,-1,hold_aligned,0.015102720819413662,0.9387127161026001,,0.07882038503885269,0.5,0.5,0.65,0.65
SPY,2026-02-09 17:10:00+00:00,695.36,695.655,695.36,695.52,14950.0,-1.0,-1,-1,hold_aligned,0.015259616076946259,0.9508140087127686,,0.07995135337114334,0.5,0.5,0.65,0.65
SPY,2026-02-09 17:20:00+00:00,695.505,695.505,695.14,695.18,17008.0,-1.0,-1,-1,hold_aligned,0.030991075560450554,0.9132018089294434,,0.08502276986837387,0.5,0.5,0.65,0.65
SPY,2026-02-09 17:30:00+00:00,695.23,695.49,695.01,695.065,13608.0,-1.0,-1,-1,hold_aligned,0.024280840530991554,0.8986045122146606,,0.1409642994403839,0.5,0.5,0.65,0.65
SPY,2026-02-09 17:40:00+00:00,695.07,695.11,694.745,694.965,18390.0,-1.0,-1,-1,hold_aligned,0.02988980896770954,0.9034696221351624,,0.12131331115961075,0.5,0.5,0.65,0.65
SPY,2026-02-09 17:50:00+00:00,694.93,694.93,694.495,694.57,13157.0,-1.0,-1,-1,hold_aligned,0.06520874053239822,0.8967980742454529,,0.07223055511713028,0.5,0.5,0.65,0.65
SPY,2026-02-09 18:00:00+00:00,694.58,694.94,694.375,694.87,17558.0,-1.0,-1,-1,hold_aligned,0.024842403829097748,0.9359976053237915,,0.179532989859581,0.5,0.5,0.65,0.65
SPY,2026-02-09 18:10:00+00:00,694.8,694.925,694.68,694.75,8246.0,-1.0,-1,-1,hold_aligned,0.03146030008792877,0.897228479385376,,0.08078759908676147,0.5,0.5,0.65,0.65
SPY,2026-02-09 18:20:00+00:00,694.86,695.0,693.6,694.23,18923.0,-1.0,-1,-1,hold_aligned,0.07533422112464905,0.820440411567688,,0.16126808524131775,0.5,0.5,0.65,0.65
SPY,2026-02-09 18:30:00+00:00,694.355,694.82,694.04,694.76,9753.0,-1.0,-1,-1,hold_aligned,0.020865241065621376,0.9167390465736389,,0.16164809465408325,0.5,0.5,0.65,0.65
SPY,2026-02-09 18:40:00+00:00,694.875,695.18,694.73,694.84,19740.0,-1.0,-1,-1,hold_aligned,0.01953759975731373,0.897143542766571,,0.12140832096338272,0.5,0.5,0.65,0.65
SPY,2026-02-09 18:50:00+00:00,694.815,694.95,694.5,694.69,19444.0,-1.0,-1,-1,hold_aligned,0.03021911531686783,0.8744021654129028,,0.09201230853796005,0.5,0.5,0.65,0.65
SPY,2026-02-09 19:00:00+00:00,694.68,695.1,694.52,694.795,19371.0,-1.0,-1,-1,hold_aligned,0.026379438117146492,0.8945431709289551,,0.23191328346729279,0.5,0.5,0.65,0.65
SPY,2026-02-09 19:10:00+00:00,694.83,695.4,694.83,695.33,20944.0,-1.0,-1,-1,hold_aligned,0.021345581859350204,0.9260573387145996,,0.17132428288459778,0.5,0.5,0.65,0.65
SPY,2026-02-09 19:20:00+00:00,695.335,695.855,695.32,695.68,23293.0,-1.0,-1,-1,hold_aligned,0.027955273166298866,0.9250454306602478,,0.21333424746990204,0.5,0.5,0.65,0.65
SPY,2026-02-09 19:30:00+00:00,695.76,695.83,695.55,695.69,22517.0,-1.0,-1,-1,hold_aligned,0.06152960658073425,0.8691524863243103,,0.15587931871414185,0.5,0.5,0.65,0.65
SPY,2026-02-09 19:40:00+00:00,695.695,695.695,695.48,695.625,16470.0,-1.0,-1,-1,hold_aligned,0.09430111199617386,0.780626118183136,,0.16245785355567932,0.5,0.5,0.65,0.65
SPY,2026-02-09 19:50:00+00:00,695.615,695.69,695.36,695.42,11369.0,-1.0,-1,-1,hold_aligned,0.17663238942623138,0.7337785363197327,,0.15390318632125854,0.5,0.5,0.65,0.65
SPY,2026-02-09 20:00:00+00:00,695.425,695.69,695.34,695.48,16481.0,-1.0,-1,-1,hold_aligned,0.10338222980499268,0.8014610409736633,,0.13030412793159485,0.5,0.5,0.65,0.65
SPY,2026-02-09 20:10:00+00:00,695.495,695.6,695.045,695.13,21271.0,-1.0,-1,-1,hold_aligned,0.2135118693113327,0.6997082829475403,,0.11698697507381439,0.5,0.5,0.65,0.65
SPY,2026-02-09 20:20:00+00:00,695.115,695.15,694.36,694.545,35482.0,-1.0,-1,-1,hold_aligned,0.3921981155872345,0.750183641910553,,0.11803222447633743,0.5,0.5,0.65,0.65
SPY,2026-02-09 20:30:00+00:00,694.44,694.58,693.89,694.575,48886.0,-1.0,-1,-1,hold_aligned,0.30675244331359863,0.7408358454704285,,0.19502520561218262,0.5,0.5,0.65,0.65
SPY,2026-02-09 20:40:00+00:00,694.54,694.86,694.28,694.84,72198.0,-1.0,-1,-1,hold_aligned,0.22549498081207275,0.8016828894615173,,0.264934241771698,0.5,0.5,0.65,0.65
SPY,2026-02-09 20:50:00+00:00,694.71,695.01,694.0,694.0,127233.0,-1.0,-1,-1,hold_aligned,0.42574048042297363,0.761581540107727,,0.21943801641464233,0.5,0.5,0.65,0.65
SPY,2026-02-10 14:30:00+00:00,694.91,695.505,693.78,694.335,42520.0,-1.0,-1,-1,hold_aligned,0.06842365115880966,0.9058454632759094,,0.44292590022087097,0.5,0.5,0.65,0.65
SPY,2026-02-10 14:40:00+00:00,694.305,694.41,693.465,693.915,14946.0,-1.0,-1,-1,hold_aligned,0.0970149040222168,0.8771235346794128,,0.27737173438072205,0.5,0.5,0.65,0.65
SPY,2026-02-10 14:50:00+00:00,693.935,696.12,693.935,695.76,24814.0,-1.0,-1,-1,hold_aligned,0.026756782084703445,0.9749862551689148,,0.6053364276885986,0.5,0.5,0.65,0.65
SPY,2026-02-10 15:00:00+00:00,695.77,696.38,695.53,696.18,16924.0,-1.0,-1,-1,hold_aligned,0.019734254106879234,0.9696273803710938,,0.37933439016342163,0.5,0.5,0.65,0.65
SPY,2026-02-10 15:10:00+00:00,696.22,696.35,694.83,695.945,19246.0,-1.0,-1,-1,hold_aligned,0.04405210167169571,0.9195430874824524,,0.4142198860645294,0.5,0.5,0.65,0.65
SPY,2026-02-10 15:20:00+00:00,696.03,696.38,695.315,695.92,30231.0,-1.0,-1,-1,hold_aligned,0.029576780274510384,0.9010207056999207,,0.4332185387611389,0.5,0.5,0.65,0.65
SPY,2026-02-10 15:30:00+00:00,695.92,696.53,695.385,695.62,17826.0,-1.0,-1,-1,hold_aligned,0.03446177393198013,0.8957383036613464,,0.3163933753967285,0.5,0.5,0.65,0.65
SPY,2026-02-10 15:40:00+00:00,695.69,696.12,695.505,695.65,15834.0,-1.0,-1,-1,hold_aligned,0.02422216162085533,0.9060259461402893,,0.18154805898666382,0.5,0.5,0.65,0.65
SPY,2026-02-10 15:50:00+00:00,695.69,695.815,694.95,695.4,13833.0,-1.0,-1,-1,hold_aligned,0.031571097671985626,0.8926907777786255,,0.21413490176200867,0.5,0.5,0.65,0.65
SPY,2026-02-10 16:00:00+00:00,695.38,695.545,694.67,694.67,19786.0,-1.0,-1,-1,hold_aligned,0.05235980451107025,0.8919997215270996,,0.15531443059444427,0.5,0.5,0.65,0.65
SPY,2026-02-10 16:10:00+00:00,694.725,695.29,694.39,694.955,21836.0,-1.0,-1,-1,hold_aligned,0.028225591406226158,0.9243891835212708,,0.24719345569610596,0.5,0.5,0.65,0.65
SPY,2026-02-10 16:20:00+00:00,694.94,695.05,694.1,694.775,23280.0,-1.0,-1,-1,hold_aligned,0.03994446247816086,0.9028386473655701,,0.24352917075157166,0.5,0.5,0.65,0.65
SPY,2026-02-10 16:30:00+00:00,694.74,694.92,694.45,694.825,12889.0,-1.0,-1,-1,hold_aligned,0.02603774145245552,0.9101564288139343,,0.21700185537338257,0.5,0.5,0.65,0.65
SPY,2026-02-10 16:40:00+00:00,694.795,695.35,694.635,694.655,18508.0,-1.0,-1,-1,hold_aligned,0.02447294257581234,0.885639488697052,,0.12287967652082443,0.5,0.5,0.65,0.65
SPY,2026-02-10 16:50:00+00:00,694.65,695.01,694.36,694.79,10430.0,-1.0,-1,-1,hold_aligned,0.020622577518224716,0.9015916585922241,,0.28802549839019775,0.5,0.5,0.65,0.65
SPY,2026-02-10 17:00:00+00:00,694.78,695.13,694.225,695.115,11816.0,-1.0,-1,-1,hold_aligned,0.01738179661333561,0.9313589930534363,,0.37038084864616394,0.5,0.5,0.65,0.65
SPY,2026-02-10 17:10:00+00:00,695.19,695.605,695.15,695.575,14296.0,-1.0,-1,-1,hold_aligned,0.016994843259453773,0.9469070434570312,,0.15616343915462494,0.5,0.5,0.65,0.65
SPY,2026-02-10 17:20:00+00:00,695.59,695.61,695.03,695.23,13417.0,-1.0,-1,-1,hold_aligned,0.02772624045610428,0.900486409664154,,0.15526020526885986,0.5,0.5,0.65,0.65
SPY,2026-02-10 17:30:00+00:00,695.28,695.36,694.84,695.08,5511.0,-1.0,-1,-1,hold_aligned,0.04323841631412506,0.8199661374092102,,0.12257446348667145,0.5,0.5,0.65,0.65
SPY,2026-02-10 17:40:00+00:00,695.22,695.79,695.22,695.58,10303.0,-1.0,-1,-1,hold_aligned,0.02356499433517456,0.9201973080635071,,0.17257900536060333,0.5,0.5,0.65,0.65
SPY,2026-02-10 17:50:00+00:00,695.51,695.72,695.385,695.435,13420.0,-1.0,-1,-1,hold_aligned,0.03539745882153511,0.8921600580215454,,0.13714568316936493,0.5,0.5,0.65,0.65
SPY,2026-02-10 18:00:00+00:00,695.355,695.38,694.77,694.795,10519.0,-1.0,-1,-1,hold_aligned,0.07036104798316956,0.8252059817314148,,0.09065648913383484,0.5,0.5,0.65,0.65
SPY,2026-02-10 18:10:00+00:00,694.835,694.9,693.89,694.08,18169.0,-1.0,-1,-1,hold_aligned,0.10615092515945435,0.8163517117500305,,0.10816682130098343,0.5,0.5,0.65,0.65
SPY,2026-02-10 18:20:00+00:00,694.11,694.42,693.4,693.45,34426.0,-1.0,-1,-1,hold_aligned,0.08764700591564178,0.828377366065979,,0.11000865697860718,0.5,0.5,0.65,0.65
SPY,2026-02-10 18:30:00+00:00,693.41,693.825,693.005,693.74,27200.0,-1.0,-1,-1,hold_aligned,0.0486576072871685,0.8669477105140686,,0.2776166796684265,0.5,0.5,0.65,0.65
SPY,2026-02-10 18:40:00+00:00,693.675,693.79,693.045,693.11,17171.0,-1.0,-1,-1,hold_aligned,0.08968605101108551,0.8154395222663879,,0.13885430991649628,0.5,0.5,0.65,0.65
SPY,2026-02-10 18:50:00+00:00,693.15,693.77,692.88,693.67,20563.0,-1.0,-1,-1,hold_aligned,0.03435825556516647,0.8983288407325745,,0.32240283489227295,0.5,0.5,0.65,0.65
SPY,2026-02-10 19:00:00+00:00,693.71,693.87,693.25,693.45,29728.0,-1.0,-1,-1,hold_aligned,0.036278750747442245,0.8662356734275818,,0.2103480100631714,0.5,0.5,0.65,0.65
SPY,2026-02-10 19:10:00+00:00,693.46,693.71,693.185,693.24,14402.0,-1.0,-1,-1,hold_aligned,0.0629342794418335,0.8358194231987,,0.11985602229833603,0.5,0.5,0.65,0.65
SPY,2026-02-10 19:20:00+00:00,693.28,693.88,693.28,693.82,15067.0,-1.0,-1,-1,hold_aligned,0.03454304486513138,0.9133708477020264,,0.13544417917728424,0.5,0.5,0.65,0.65
SPY,2026-02-10 19:30:00+00:00,693.88,694.12,693.665,693.89,16714.0,-1.0,-1,-1,hold_aligned,0.046256694942712784,0.8410674929618835,,0.20362576842308044,0.5,0.5,0.65,0.65
SPY,2026-02-10 19:40:00+00:00,693.875,693.92,693.415,693.72,15830.0,-1.0,-1,-1,hold_aligned,0.09038538485765457,0.7622990608215332,,0.18756158649921417,0.5,0.5,0.65,0.65
SPY,2026-02-10 19:50:00+00:00,693.69,693.88,693.38,693.76,11607.0,-1.0,-1,-1,hold_aligned,0.12357932329177856,0.7674287557601929,,0.23897910118103027,0.5,0.5,0.65,0.65
SPY,2026-02-10 20:00:00+00:00,693.7,693.96,693.28,693.495,13343.0,-1.0,-1,-1,hold_aligned,0.21873581409454346,0.6024660468101501,,0.13179922103881836,0.5,0.5,0.65,0.65
SPY,2026-02-10 20:10:00+00:00,693.41,693.725,693.13,693.635,18924.0,-1.0,-1,-1,hold_aligned,0.17757749557495117,0.7356622219085693,,0.3201315999031067,0.5,0.5,0.65,0.65
SPY,2026-02-10 20:20:00+00:00,693.575,693.82,693.12,693.29,28350.0,-1.0,-1,-1,hold_aligned,0.2624851167201996,0.6456477642059326,,0.23738308250904083,0.5,0.5,0.65,0.65
SPY,2026-02-10 20:30:00+00:00,693.28,693.53,692.88,692.94,41470.0,-1.0,-1,-1,hold_aligned,0.3470980226993561,0.6450204253196716,,0.13956774771213531,0.5,0.5,0.65,0.65
SPY,2026-02-10 20:40:00+00:00,692.89,693.41,692.89,693.365,54870.0,-1.0,-1,-1,hold_aligned,0.17706438899040222,0.8028221130371094,,0.2759910821914673,0.5,0.5,0.65,0.65
SPY,2026-02-10 20:50:00+00:00,693.38,693.38,691.66,692.11,325404.0,-1.0,-1,-1,hold_aligned,0.27326124906539917,0.8186831474304199,,0.15976464748382568,0.5,0.5,0.65,0.65
SPY,2026-02-11 14:30:00+00:00,696.435,697.08,695.23,695.35,43175.0,-1.0,-1,-1,hold_aligned,0.033814936876297,0.9614295959472656,,0.553580641746521,0.5,0.5,0.65,0.65
SPY,2026-02-11 14:40:00+00:00,695.19,696.325,695.18,695.65,28379.0,-1.0,-1,-1,hold_aligned,0.04005428031086922,0.9342010617256165,,0.4360543489456177,0.5,0.5,0.65,0.65
SPY,2026-02-11 14:50:00+00:00,695.735,695.76,693.835,694.105,21776.0,-1.0,-1,-1,hold_aligned,0.07780976593494415,0.7772082686424255,,0.3080034852027893,0.5,0.5,0.65,0.65
SPY,2026-02-11 15:00:00+00:00,694.15,694.66,692.69,692.72,27538.0,-1.0,-1,-1,hold_aligned,0.08604074269533157,0.8209269642829895,,0.20140379667282104,0.5,0.5,0.65,0.65
SPY,2026-02-11 15:10:00+00:00,692.57,692.7,690.715,690.79,37907.0,-1.0,-1,-1,hold_aligned,0.07416893541812897,0.8404682874679565,,0.3166692554950714,0.5,0.5,0.65,0.65
SPY,2026-02-11 15:20:00+00:00,690.79,690.79,689.22,689.8,36103.0,-1.0,-1,-1,hold_aligned,0.023373883217573166,0.9305202960968018,,0.5844937562942505,0.5,0.5,0.65,0.65
SPY,2026-02-11 15:30:00+00:00,689.73,691.38,689.59,691.335,37419.0,0.0,0,-1,exit_pending,0.015893692150712013,0.9713008999824524,,0.9091610312461853,0.5,0.5,0.65,0.65
SPY,2026-02-11 15:40:00+00:00,691.355,691.7,690.44,690.58,19342.0,-1.0,-1,-1,pending_canceled_realign,0.009884442202746868,0.9503228068351746,,,0.5,0.5,0.65,0.65
SPY,2026-02-11 15:50:00+00:00,690.465,692.6,690.27,692.26,24425.0,-1.0,-1,-1,hold_aligned,0.009627135470509529,0.9745566844940186,,0.35817262530326843,0.5,0.5,0.65,0.65
SPY,2026-02-11 16:00:00+00:00,692.355,692.64,691.47,691.47,12506.0,-1.0,-1,-1,hold_aligned,0.0198637917637825,0.8907950520515442,,0.2367742359638214,0.5,0.5,0.65,0.65
SPY,2026-02-11 16:10:00+00:00,691.55,692.89,691.55,692.775,13865.0,-1.0,-1,-1,hold_aligned,0.023347703740000725,0.9423805475234985,,0.25078412890434265,0.5,0.5,0.65,0.65
SPY,2026-02-11 16:20:00+00:00,692.85,693.44,691.84,691.84,20609.0,-1.0,-1,-1,hold_aligned,0.039842698723077774,0.8475451469421387,,0.1573767513036728,0.5,0.5,0.65,0.65
SPY,2026-02-11 16:30:00+00:00,691.74,692.715,691.74,692.715,15716.0,-1.0,-1,-1,hold_aligned,0.021724063903093338,0.8863281011581421,,0.34562331438064575,0.5,0.5,0.65,0.65
SPY,2026-02-11 16:40:00+00:00,692.795,693.31,692.6,692.6,20004.0,-1.0,-1,-1,hold_aligned,0.021677635610103607,0.869377076625824,,0.1413908451795578,0.5,0.5,0.65,0.65
SPY,2026-02-11 16:50:00+00:00,692.57,693.0,692.03,692.03,16905.0,-1.0,-1,-1,hold_aligned,0.04305750131607056,0.8128678798675537,,0.07513752579689026,0.5,0.5,0.65,0.65
SPY,2026-02-11 17:00:00+00:00,692.015,692.35,691.4,692.35,17723.0,-1.0,-1,-1,hold_aligned,0.026419557631015778,0.8663465976715088,,0.2753235399723053,0.5,0.5,0.65,0.65
SPY,2026-02-11 17:10:00+00:00,692.38,693.01,692.065,692.58,17955.0,-1.0,-1,-1,hold_aligned,0.01507770549505949,0.9282351732254028,,0.17248085141181946,0.5,0.5,0.65,0.65
SPY,2026-02-11 17:20:00+00:00,692.6,693.81,692.2,693.52,24915.0,-1.0,-1,-1,hold_aligned,0.01450653001666069,0.9498063325881958,,0.34693944454193115,0.5,0.5,0.65,0.65
SPY,2026-02-11 17:30:00+00:00,693.6,693.6,693.03,693.22,16729.0,-1.0,-1,-1,hold_aligned,0.020877894014120102,0.8979715704917908,,0.12920217216014862,0.5,0.5,0.65,0.65
SPY,2026-02-11 17:40:00+00:00,693.4,693.82,693.38,693.75,18459.0,-1.0,-1,-1,hold_aligned,0.013799094595015049,0.9061723947525024,,0.11518094688653946,0.5,0.5,0.65,0.65
SPY,2026-02-11 17:50:00+00:00,693.73,693.98,692.55,692.775,24340.0,-1.0,-1,-1,hold_aligned,0.039879441261291504,0.8353457450866699,,0.08879180997610092,0.5,0.5,0.65,0.65
SPY,2026-02-11 18:00:00+00:00,692.75,692.97,692.03,692.04,31502.0,-1.0,-1,-1,hold_aligned,0.055068884044885635,0.8515267372131348,,0.05454499274492264,0.5,0.5,0.65,0.65
SPY,2026-02-11 18:10:00+00:00,692.0,692.44,691.44,692.1,53882.0,-1.0,-1,-1,hold_aligned,0.04819411411881447,0.8621435761451721,,0.13309714198112488,0.5,0.5,0.65,0.65
SPY,2026-02-11 18:20:00+00:00,692.05,692.85,691.89,692.71,13831.0,-1.0,-1,-1,hold_aligned,0.01732059195637703,0.9346981048583984,,0.20654161274433136,0.5,0.5,0.65,0.65
SPY,2026-02-11 18:30:00+00:00,692.8,692.945,692.24,692.78,22482.0,-1.0,-1,-1,hold_aligned,0.016997862607240677,0.8922361731529236,,0.12545815110206604,0.5,0.5,0.65,0.65
SPY,2026-02-11 18:40:00+00:00,692.7,692.86,692.19,692.86,21737.0,-1.0,-1,-1,hold_aligned,0.023426515981554985,0.8533864617347717,,0.1674913763999939,0.5,0.5,0.65,0.65
SPY,2026-02-11 18:50:00+00:00,692.89,692.99,692.09,692.72,23544.0,-1.0,-1,-1,hold_aligned,0.04826445132493973,0.8258532881736755,,0.12541334331035614,0.5,0.5,0.65,0.65
SPY,2026-02-11 19:00:00+00:00,692.74,692.87,692.13,692.695,13712.0,-1.0,-1,-1,hold_aligned,0.049612242728471756,0.8247478604316711,,0.1460265815258026,0.5,0.5,0.65,0.65
SPY,2026-02-11 19:10:00+00:00,692.65,693.46,692.56,693.38,17087.0,-1.0,-1,-1,hold_aligned,0.026901697739958763,0.8973765969276428,,0.17878197133541107,0.5,0.5,0.65,0.65
SPY,2026-02-11 19:20:00+00:00,693.365,693.91,693.345,693.745,14166.0,-1.0,-1,-1,hold_aligned,0.035605378448963165,0.9017825722694397,,0.2260705977678299,0.5,0.5,0.65,0.65
SPY,2026-02-11 19:30:00+00:00,693.61,693.84,693.34,693.67,12652.0,-1.0,-1,-1,hold_aligned,0.06542851775884628,0.797878623008728,,0.1589110940694809,0.5,0.5,0.65,0.65
SPY,2026-02-11 19:40:00+00:00,693.53,693.75,692.48,693.17,14105.0,-1.0,-1,-1,hold_aligned,0.1647757589817047,0.6444226503372192,,0.13593652844429016,0.5,0.5,0.65,0.65
SPY,2026-02-11 19:50:00+00:00,693.16,693.22,692.82,693.0,14244.0,-1.0,-1,-1,hold_aligned,0.18829987943172455,0.6901828646659851,,0.08700671046972275,0.5,0.5,0.65,0.65
SPY,2026-02-11 20:00:00+00:00,692.865,693.09,692.71,692.83,15828.0,-1.0,-1,-1,hold_aligned,0.15403832495212555,0.6767980456352234,,0.11572667211294174,0.5,0.5,0.65,0.65
SPY,2026-02-11 20:10:00+00:00,692.73,693.07,692.63,692.74,23365.0,-1.0,-1,-1,hold_aligned,0.1479445844888687,0.7632680535316467,,0.1293138712644577,0.5,0.5,0.65,0.65
SPY,2026-02-11 20:20:00+00:00,692.71,692.76,692.25,692.26,29019.0,-1.0,-1,-1,hold_aligned,0.2849730849266052,0.710358738899231,,0.13094870746135712,0.5,0.5,0.65,0.65
SPY,2026-02-11 20:30:00+00:00,692.21,692.58,691.875,692.56,50903.0,-1.0,-1,-1,hold_aligned,0.1481274962425232,0.8149747252464294,,0.23763546347618103,0.5,0.5,0.65,0.65
SPY,2026-02-11 20:40:00+00:00,692.61,692.95,692.435,692.95,34737.0,-1.0,-1,-1,hold_aligned,0.12118201702833176,0.8437697887420654,,0.20903094112873077,0.5,0.5,0.65,0.65
SPY,2026-02-11 20:50:00+00:00,692.92,692.97,691.77,691.81,149752.0,-1.0,-1,-1,hold_aligned,0.34512582421302795,0.7417965531349182,,0.08488991111516953,0.5,0.5,0.65,0.65
SPY,2026-02-12 14:30:00+00:00,694.23,695.05,694.1,694.8,43518.0,-1.0,-1,-1,hold_aligned,0.03660154342651367,0.9695554375648499,,0.5776938199996948,0.5,0.5,0.65,0.65
SPY,2026-02-12 14:40:00+00:00,694.82,695.34,693.15,693.26,32208.0,-1.0,-1,-1,hold_aligned,0.08141937851905823,0.8741806745529175,,0.3972291052341461,0.5,0.5,0.65,0.65
SPY,2026-02-12 14:50:00+00:00,693.17,693.89,692.34,692.66,34799.0,-1.0,-1,-1,hold_aligned,0.10645192116498947,0.74592125415802,,0.29471519589424133,0.5,0.5,0.65,0.65
SPY,2026-02-12 15:00:00+00:00,692.77,693.5,692.2,692.39,11664.0,-1.0,-1,-1,hold_aligned,0.07674103230237961,0.7836287021636963,,0.2587508261203766,0.5,0.5,0.65,0.65
SPY,2026-02-12 15:10:00+00:00,692.435,693.535,692.235,693.13,18610.0,-1.0,-1,-1,hold_aligned,0.02769193984568119,0.9279907941818237,,0.3278273046016693,0.5,0.5,0.65,0.65
SPY,2026-02-12 15:20:00+00:00,692.97,693.7,692.54,692.89,18038.0,-1.0,-1,-1,hold_aligned,0.018920179456472397,0.9089983701705933,,0.2195063680410385,0.5,0.5,0.65,0.65
SPY,2026-02-12 15:30:00+00:00,692.99,693.405,691.0,691.135,23421.0,-1.0,-1,-1,hold_aligned,0.03593244403600693,0.9093982577323914,,0.18391072750091553,0.5,0.5,0.65,0.65
SPY,2026-02-12 15:40:00+00:00,691.21,691.29,690.25,690.56,42488.0,-1.0,-1,-1,hold_aligned,0.04494966194033623,0.9068904519081116,,0.1723976880311966,0.5,0.5,0.65,0.65
SPY,2026-02-12 15:50:00+00:00,690.47,690.77,688.595,688.675,42880.0,-1.0,-1,-1,hold_aligned,0.029164733365178108,0.934382438659668,,0.1553662121295929,0.5,0.5,0.65,0.65
SPY,2026-02-12 16:00:00+00:00,688.71,688.77,686.91,687.035,71389.0,-1.0,-1,-1,hold_aligned,0.021418718621134758,0.9487916827201843,,0.15720351040363312,0.5,0.5,0.65,0.65
SPY,2026-02-12 16:10:00+00:00,687.08,687.14,685.155,685.515,57825.0,-1.0,-1,-1,hold_aligned,0.03182152658700943,0.9577977061271667,,0.39023712277412415,0.5,0.5,0.65,0.65
SPY,2026-02-12 16:20:00+00:00,685.56,685.67,683.59,683.615,72200.0,-1.0,-1,-1,hold_aligned,0.018206259235739708,0.9757118821144104,,0.17768658697605133,0.5,0.5,0.65,0.65
SPY,2026-02-12 16:30:00+00:00,683.6,685.795,683.555,685.58,50915.0,0.0,0,-1,exit_pending,0.007565138395875692,0.9786139130592346,,0.9507508873939514,0.5,0.5,0.65,0.65
SPY,2026-02-12 16:40:00+00:00,685.58,685.79,684.145,684.62,21325.0,-1.0,-1,-1,pending_canceled_realign,0.01532621681690216,0.9422065615653992,,,0.5,0.5,0.65,0.65
SPY,2026-02-12 16:50:00+00:00,684.605,684.89,683.94,684.545,18139.0,-1.0,-1,-1,hold_aligned,0.018780134618282318,0.9372140169143677,,0.15977907180786133,0.5,0.5,0.65,0.65
SPY,2026-02-12 17:00:00+00:00,684.48,685.09,683.47,684.96,26460.0,-1.0,-1,-1,hold_aligned,0.011916346848011017,0.9328557252883911,,0.3527204990386963,0.5,0.5,0.65,0.65
SPY,2026-02-12 17:10:00+00:00,684.83,684.83,683.5,683.72,14158.0,-1.0,-1,-1,hold_aligned,0.07276210188865662,0.8673916459083557,,0.2198546826839447,0.5,0.5,0.65,0.65
SPY,2026-02-12 17:20:00+00:00,683.605,685.27,683.605,684.105,36405.0,-1.0,-1,-1,hold_aligned,0.0523948110640049,0.906011164188385,,0.3058862090110779,0.5,0.5,0.65,0.65
SPY,2026-02-12 17:30:00+00:00,684.115,685.57,683.92,684.92,17282.0,-1.0,-1,-1,hold_aligned,0.019385825842618942,0.9264536499977112,,0.3056718409061432,0.5,0.5,0.65,0.65
SPY,2026-02-12 17:40:00+00:00,684.89,685.37,684.165,684.435,15321.0,-1.0,-1,-1,hold_aligned,0.05721469968557358,0.8065890073776245,,0.2280493676662445,0.5,0.5,0.65,0.65
SPY,2026-02-12 17:50:00+00:00,684.405,684.855,682.98,683.06,21198.0,-1.0,-1,-1,hold_aligned,0.07089553028345108,0.809809684753418,,0.10258129984140396,0.5,0.5,0.65,0.65
SPY,2026-02-12 18:00:00+00:00,682.82,684.11,682.51,683.445,28123.0,-1.0,-1,-1,hold_aligned,0.0823693796992302,0.8496205806732178,,0.2862900495529175,0.5,0.5,0.65,0.65
SPY,2026-02-12 18:10:00+00:00,683.34,683.545,682.5,682.79,11704.0,-1.0,-1,-1,hold_aligned,0.09785167127847672,0.8597170114517212,,0.1551217883825302,0.5,0.5,0.65,0.65
SPY,2026-02-12 18:20:00+00:00,682.74,683.75,682.25,683.045,39016.0,-1.0,-1,-1,hold_aligned,0.05213027447462082,0.9042624831199646,,0.36604514718055725,0.5,0.5,0.65,0.65
SPY,2026-02-12 18:30:00+00:00,683.06,684.21,682.82,684.195,29331.0,-1.0,-1,-1,hold_aligned,0.020602665841579437,0.9514212608337402,,0.3708037734031677,0.5,0.5,0.65,0.65
SPY,2026-02-12 18:40:00+00:00,684.195,685.03,683.99,684.59,31301.0,-1.0,-1,-1,hold_aligned,0.029798598960042,0.892690122127533,,0.22158300876617432,0.5,0.5,0.65,0.65
SPY,2026-02-12 18:50:00+00:00,684.54,685.325,684.31,684.69,33606.0,-1.0,-1,-1,hold_aligned,0.03890950605273247,0.8353868722915649,,0.18002884089946747,0.5,0.5,0.65,0.65
SPY,2026-02-12 19:00:00+00:00,684.855,685.09,684.335,684.5,26137.0,-1.0,-1,-1,hold_aligned,0.06623629480600357,0.7849174737930298,,0.11763784289360046,0.5,0.5,0.65,0.65
SPY,2026-02-12 19:10:00+00:00,684.495,685.125,683.645,685.05,28133.0,-1.0,-1,-1,hold_aligned,0.0317000076174736,0.8645249009132385,,0.2609657049179077,0.5,0.5,0.65,0.65
SPY,2026-02-12 19:20:00+00:00,685.13,685.415,684.025,684.24,26342.0,-1.0,-1,-1,hold_aligned,0.11270611733198166,0.7639394998550415,,0.18402929604053497,0.5,0.5,0.65,0.65
SPY,2026-02-12 19:30:00+00:00,684.245,685.35,684.19,685.335,27789.0,-1.0,-1,-1,hold_aligned,0.03861558809876442,0.9140745997428894,,0.39285725355148315,0.5,0.5,0.65,0.65
SPY,2026-02-12 19:40:00+00:00,685.29,685.71,684.79,685.71,36102.0,-1.0,-1,-1,hold_aligned,0.037963949143886566,0.9090110659599304,,0.17081274092197418,0.5,0.5,0.65,0.65
SPY,2026-02-12 19:50:00+00:00,685.71,685.96,684.81,685.12,44033.0,-1.0,-1,-1,hold_aligned,0.12484316527843475,0.7882475256919861,,0.1569572240114212,0.5,0.5,0.65,0.65
SPY,2026-02-12 20:00:00+00:00,685.36,685.49,684.67,684.725,22525.0,-1.0,-1,-1,hold_aligned,0.1892218142747879,0.6846553683280945,,0.14574529230594635,0.5,0.5,0.65,0.65
SPY,2026-02-12 20:10:00+00:00,684.74,684.87,684.08,684.15,26874.0,-1.0,-1,-1,hold_aligned,0.2527841627597809,0.7120885848999023,,0.16114196181297302,0.5,0.5,0.65,0.65
SPY,2026-02-12 20:20:00+00:00,684.11,684.11,683.14,683.26,36519.0,-1.0,-1,-1,hold_aligned,0.2265479862689972,0.7518977522850037,,0.10723427683115005,0.5,0.5,0.65,0.65
SPY,2026-02-12 20:30:00+00:00,683.19,683.37,682.54,682.895,52637.0,-1.0,-1,-1,hold_aligned,0.18550503253936768,0.7838258147239685,,0.20439904928207397,0.5,0.5,0.65,0.65
SPY,2026-02-12 20:40:00+00:00,682.89,683.31,681.64,681.83,116571.0,-1.0,-1,-1,hold_aligned,0.23182864487171173,0.8077096939086914,,0.23137688636779785,0.5,0.5,0.65,0.65
SPY,2026-02-12 20:50:00+00:00,681.81,681.83,680.4,681.19,246758.0,-1.0,-1,-1,hold_aligned,0.1709776073694229,0.8660914301872253,,0.3924608826637268,0.5,0.5,0.65,0.65
SPY,2026-02-13 14:30:00+00:00,681.695,682.47,679.8,679.8,79081.0,-1.0,-1,-1,hold_aligned,0.047757647931575775,0.9296117424964905,,0.20063453912734985,0.5,0.5,0.65,0.65
SPY,2026-02-13 14:40:00+00:00,679.86,682.745,677.53,681.365,84189.0,0.0,0,-1,exit_pending,0.050905581563711166,0.9608762264251709,,0.9634896516799927,0.5,0.5,0.65,0.65
SPY,2026-02-13 14:50:00+00:00,681.43,682.01,679.62,679.8,52829.0,-1.0,-1,-1,pending_canceled_realign,0.0276425089687109,0.9365265369415283,,,0.5,0.5,0.65,0.65
SPY,2026-02-13 15:00:00+00:00,679.885,682.43,679.885,682.41,37844.0,-1.0,-1,-1,hold_aligned,0.024644112214446068,0.9748576283454895,,0.393108606338501,0.5,0.5,0.65,0.65
SPY,2026-02-13 15:10:00+00:00,682.455,682.88,680.58,681.01,42885.0,-1.0,-1,-1,hold_aligned,0.02866947650909424,0.9208145141601562,,0.30942073464393616,0.5,0.5,0.65,0.65
SPY,2026-02-13 15:20:00+00:00,681.02,683.37,680.52,682.95,40553.0,-1.0,-1,-1,hold_aligned,0.021103618666529655,0.9736420512199402,,0.41494280099868774,0.5,0.5,0.65,0.65
SPY,2026-02-13 15:30:00+00:00,682.945,684.57,682.81,682.885,54248.0,-1.0,-1,-1,hold_aligned,0.015946000814437866,0.9272815585136414,,0.28038325905799866,0.5,0.5,0.65,0.65
SPY,2026-02-13 15:40:00+00:00,682.86,683.14,680.82,681.175,67050.0,-1.0,-1,-1,hold_aligned,0.08195551484823227,0.8585608005523682,,0.2366952896118164,0.5,0.5,0.65,0.65
SPY,2026-02-13 15:50:00+00:00,681.195,683.19,681.15,682.51,44520.0,-1.0,-1,-1,hold_aligned,0.028300650417804718,0.9358512163162231,,0.39055538177490234,0.5,0.5,0.65,0.65
SPY,2026-02-13 16:00:00+00:00,682.53,684.2,682.53,683.99,33977.0,-1.0,-1,-1,hold_aligned,0.010392972268164158,0.9757879376411438,,0.24412795901298523,0.5,0.5,0.65,0.65
SPY,2026-02-13 16:10:00+00:00,684.01,684.01,682.71,683.35,27639.0,-1.0,-1,-1,hold_aligned,0.027448659762740135,0.9271714687347412,,0.22890329360961914,0.5,0.5,0.65,0.65
SPY,2026-02-13 16:20:00+00:00,683.15,683.93,681.865,683.84,35145.0,-1.0,-1,-1,hold_aligned,0.01776670478284359,0.9447215795516968,,0.43730616569519043,0.5,0.5,0.65,0.65
SPY,2026-02-13 16:30:00+00:00,683.78,684.34,682.92,684.34,29721.0,-1.0,-1,-1,hold_aligned,0.009278242476284504,0.9584342837333679,,0.3008391857147217,0.5,0.5,0.65,0.65
SPY,2026-02-13 16:40:00+00:00,684.4,684.99,684.03,684.42,39839.0,-1.0,-1,-1,hold_aligned,0.008883543312549591,0.9535191655158997,,0.15942971408367157,0.5,0.5,0.65,0.65
SPY,2026-02-13 16:50:00+00:00,684.39,685.49,684.23,684.81,32425.0,-1.0,-1,-1,hold_aligned,0.007246163673698902,0.959317147731781,,0.25067153573036194,0.5,0.5,0.65,0.65
SPY,2026-02-13 17:00:00+00:00,684.78,685.63,684.49,685.2,28982.0,-1.0,-1,-1,hold_aligned,0.006941230967640877,0.9593197107315063,,0.2670104205608368,0.5,0.5,0.65,0.65
SPY,2026-02-13 17:10:00+00:00,685.2,686.04,684.83,685.05,36954.0,-1.0,-1,-1,hold_aligned,0.010097566992044449,0.9396494626998901,,0.10321549326181412,0.5,0.5,0.65,0.65
SPY,2026-02-13 17:20:00+00:00,685.11,686.015,685.11,685.35,36313.0,-1.0,-1,-1,hold_aligned,0.007873197086155415,0.9530012011528015,,0.10079721361398697,0.5,0.5,0.65,0.65
SPY,2026-02-13 17:30:00+00:00,685.38,686.07,685.28,685.91,38558.0,-1.0,-1,-1,hold_aligned,0.007019505836069584,0.9696478843688965,,0.2162276804447174,0.5,0.5,0.65,0.65
SPY,2026-02-13 17:40:00+00:00,685.935,686.24,685.44,685.92,32125.0,-1.0,-1,-1,hold_aligned,0.010057010687887669,0.9535710215568542,,0.11523254215717316,0.5,0.5,0.65,0.65
SPY,2026-02-13 17:50:00+00:00,685.94,685.96,685.0,685.11,30670.0,-1.0,-1,-1,hold_aligned,0.02485920488834381,0.9111601710319519,,0.12289966642856598,0.5,0.5,0.65,0.65
SPY,2026-02-13 18:00:00+00:00,685.12,685.3,684.13,684.84,34682.0,-1.0,-1,-1,hold_aligned,0.04408564791083336,0.8887884020805359,,0.1706482470035553,0.5,0.5,0.65,0.65
SPY,2026-02-13 18:10:00+00:00,684.89,685.8,684.88,685.37,30674.0,-1.0,-1,-1,hold_aligned,0.013400159776210785,0.9480764865875244,,0.14138905704021454,0.5,0.5,0.65,0.65
SPY,2026-02-13 18:20:00+00:00,685.35,686.26,684.97,685.35,34688.0,-1.0,-1,-1,hold_aligned,0.011746631935238838,0.9365665912628174,,0.08696902543306351,0.5,0.5,0.65,0.65
SPY,2026-02-13 18:30:00+00:00,685.39,686.0,685.26,685.77,26265.0,-1.0,-1,-1,hold_aligned,0.010821424424648285,0.9551259875297546,,0.1494802087545395,0.5,0.5,0.65,0.65
SPY,2026-02-13 18:40:00+00:00,685.76,685.83,684.885,685.18,27943.0,-1.0,-1,-1,hold_aligned,0.024513423442840576,0.907821536064148,,0.10149948298931122,0.5,0.5,0.65,0.65
SPY,2026-02-13 18:50:00+00:00,685.09,685.18,684.37,684.65,34523.0,-1.0,-1,-1,hold_aligned,0.042418237775564194,0.8934734463691711,,0.08014702796936035,0.5,0.5,0.65,0.65
SPY,2026-02-13 19:00:00+00:00,684.725,685.16,684.47,685.11,33411.0,-1.0,-1,-1,hold_aligned,0.01961608976125717,0.9457375407218933,,0.13438543677330017,0.5,0.5,0.65,0.65
SPY,2026-02-13 19:10:00+00:00,685.06,685.34,684.55,685.03,37618.0,-1.0,-1,-1,hold_aligned,0.02312132529914379,0.8967041373252869,,0.14036473631858826,0.5,0.5,0.65,0.65
SPY,2026-02-13 19:20:00+00:00,685.03,685.33,684.1,684.3,28817.0,-1.0,-1,-1,hold_aligned,0.0720595195889473,0.8636765480041504,,0.07962973415851593,0.5,0.5,0.65,0.65
SPY,2026-02-13 19:30:00+00:00,684.35,684.89,683.82,684.07,26030.0,-1.0,-1,-1,hold_aligned,0.07856062054634094,0.8603647351264954,,0.07450634241104126,0.5,0.5,0.65,0.65
SPY,2026-02-13 19:40:00+00:00,684.08,684.25,683.3,683.8,69878.0,-1.0,-1,-1,hold_aligned,0.1073942556977272,0.8027127385139465,,0.1146508976817131,0.5,0.5,0.65,0.65
SPY,2026-02-13 19:50:00+00:00,683.87,683.92,682.28,682.41,44512.0,-1.0,-1,-1,hold_aligned,0.2394499033689499,0.8215346932411194,,0.09138434380292892,0.5,0.5,0.65,0.65
SPY,2026-02-13 20:00:00+00:00,682.48,683.25,682.48,683.07,40998.0,-1.0,-1,-1,hold_aligned,0.13462214171886444,0.8236197233200073,,0.10322147607803345,0.5,0.5,0.65,0.65
SPY,2026-02-13 20:10:00+00:00,683.1,683.11,681.85,682.62,55410.0,-1.0,-1,-1,hold_aligned,0.1878885179758072,0.7689153552055359,,0.1822294443845749,0.5,0.5,0.65,0.65
SPY,2026-02-13 20:20:00+00:00,682.55,682.6,680.37,680.64,71188.0,-1.0,-1,-1,hold_aligned,0.2781449556350708,0.8267659544944763,,0.18330252170562744,0.5,0.5,0.65,0.65
SPY,2026-02-13 20:30:00+00:00,680.6,681.22,680.03,680.34,62796.0,-1.0,-1,-1,hold_aligned,0.26800626516342163,0.8183935284614563,,0.18849605321884155,0.5,0.5,0.65,0.65
SPY,2026-02-13 20:40:00+00:00,680.39,681.355,679.83,681.2,84970.0,-1.0,-1,-1,hold_aligned,0.14200030267238617,0.864284336566925,,0.4092826843261719,0.5,0.5,0.65,0.65
