trace_kind,symbol,timestamp,open,high,low,close,volume,policy_event,policy_mode,policy_reason,policy_position,policy_signed_contracts,policy_long_contracts,policy_short_contracts,policy_open_long_symbol,policy_open_short_symbol,target_long_contracts,target_short_contracts,raw_action,raw_pos,exec_pos,gate_status,p_enter_long,p_enter_short,p_exit_long,p_exit_short,p_pivot_long,p_pivot_short,p_tb_long,p_tb_short,p_pivot_long_source,p_pivot_short_source,p_tb_long_source,p_tb_short_source,thr_enter_long,thr_enter_short,thr_exit_long,thr_exit_short
policy_1m,SPY,2026-03-03 14:30:00+00:00,675.03,676.19,674.87,676.12,23148.0,hold,intrabar_meta,no_meta_snapshot,,,,,,,,,,,,,,,,,,,,,,,,,,,,
policy_1m,SPY,2026-03-03 14:31:00+00:00,676.12,676.37,675.73,676.3,18345.0,hold,intrabar_meta,no_meta_snapshot,,,,,,,,,,,,,,,,,,,,,,,,,,,,
policy_1m,SPY,2026-03-03 14:32:00+00:00,676.28,676.37,675.675,675.82,15369.0,hold,intrabar_meta,no_meta_snapshot,,,,,,,,,,,,,,,,,,,,,,,,,,,,
policy_1m,SPY,2026-03-03 14:33:00+00:00,675.75,676.0,675.46,675.735,25742.0,hold,intrabar_meta,no_meta_snapshot,,,,,,,,,,,,,,,,,,,,,,,,,,,,
policy_1m,SPY,2026-03-03 14:34:00+00:00,675.73,675.94,674.5,674.54,39515.0,hold,intrabar_meta,no_meta_snapshot,,,,,,,,,,,,,,,,,,,,,,,,,,,,
policy_1m,SPY,2026-03-03 14:35:00+00:00,674.53,675.31,674.13,674.96,29903.0,hold,intrabar_meta,no_meta_snapshot,,,,,,,,,,,,,,,,,,,,,,,,,,,,
policy_1m,SPY,2026-03-03 14:36:00+00:00,674.99,676.605,674.88,676.13,16922.0,hold,intrabar_meta,no_meta_snapshot,,,,,,,,,,,,,,,,,,,,,,,,,,,,
policy_1m,SPY,2026-03-03 14:37:00+00:00,676.23,676.59,675.88,676.59,9065.0,hold,intrabar_meta,no_meta_snapshot,,,,,,,,,,,,,,,,,,,,,,,,,,,,
policy_1m,SPY,2026-03-03 14:38:00+00:00,676.63,676.87,676.41,676.83,9398.0,hold,intrabar_meta,no_meta_snapshot,,,,,,,,,,,,,,,,,,,,,,,,,,,,
policy_1m,SPY,2026-03-03 14:39:00+00:00,676.86,677.05,675.8,675.8,12351.0,hold,intrabar_meta,no_meta_snapshot,,,,,,,,,,,,,,,,,,,,,,,,,,,,
policy_1m,SPY,2026-03-03 14:40:00+00:00,675.78,675.9,675.16,675.63,10049.0,hold,intrabar_meta,no_meta_snapshot,,,,,,,,,,,,,,,,,,,,,,,,,,,,
meta_10m,SPY,2026-03-03 14:30:00+00:00,675.03,677.05,674.13,675.8,199758.0,,,,,,,,,,,,,,,policy_only,0.4234946668148041,0.5973947048187256,,,0.7919694185256958,0.024784445762634277,0.4128260910511017,0.25619402527809143,,,,,0.5,0.5,0.65,0.65
policy_1m,SPY,2026-03-03 14:41:00+00:00,675.68,675.68,674.62,674.63,9404.0,open_short,independent_meta,,-1.0,-1.0,0.0,1.0,,.SIM_SPY_260303_P_673,0.0,1.0,,,,,,,,,,,,,,,,,,,,
policy_1m,SPY,2026-03-03 14:42:00+00:00,674.75,674.75,674.27,674.41,11626.0,hold,independent_meta,,-1.0,-1.0,0.0,1.0,,.SIM_SPY_260303_P_673,0.0,1.0,,,,,,,,,,,,,,,,,,,,
policy_1m,SPY,2026-03-03 14:43:00+00:00,674.38,674.39,673.72,674.01,10392.0,hold,independent_meta,,-1.0,-1.0,0.0,1.0,,.SIM_SPY_260303_P_673,0.0,1.0,,,,,,,,,,,,,,,,,,,,
policy_1m,SPY,2026-03-03 14:44:00+00:00,674.01,674.09,673.29,673.38,12566.0,hold,independent_meta,,-1.0,-1.0,0.0,1.0,,.SIM_SPY_260303_P_673,0.0,1.0,,,,,,,,,,,,,,,,,,,,
policy_1m,SPY,2026-03-03 14:45:00+00:00,673.43,674.17,672.985,673.99,16113.0,hold,independent_meta,,-1.0,-1.0,0.0,1.0,,.SIM_SPY_260303_P_673,0.0,1.0,,,,,,,,,,,,,,,,,,,,
policy_1m,SPY,2026-03-03 14:46:00+00:00,674.27,674.78,674.11,674.52,13289.0,close_short,independent_meta,,0.0,0.0,0.0,0.0,,,0.0,0.0,,,,,,,,,,,,,,,,,,,,
policy_1m,SPY,2026-03-03 14:47:00+00:00,674.69,674.69,673.41,673.73,11304.0,hold,independent_meta,,0.0,0.0,0.0,0.0,,,0.0,0.0,,,,,,,,,,,,,,,,,,,,
policy_1m,SPY,2026-03-03 14:48:00+00:00,673.65,673.67,673.09,673.09,22493.0,hold,independent_meta,,0.0,0.0,0.0,0.0,,,0.0,0.0,,,,,,,,,,,,,,,,,,,,
policy_1m,SPY,2026-03-03 14:49:00+00:00,673.16,673.325,672.5,672.5,15628.0,hold,independent_meta,,0.0,0.0,0.0,0.0,,,0.0,0.0,,,,,,,,,,,,,,,,,,,,
policy_1m,SPY,2026-03-03 14:50:00+00:00,672.45,673.04,672.26,672.93,30045.0,hold,independent_meta,,0.0,0.0,0.0,0.0,,,0.0,0.0,,,,,,,,,,,,,,,,,,,,
meta_10m,SPY,2026-03-03 14:40:00+00:00,675.78,675.9,672.5,672.5,132864.0,,,,,,,,,,,,,,,policy_only,0.30179670453071594,0.5167006850242615,,0.46538403630256653,0.3631017804145813,0.006460424978286028,0.4557438790798187,0.3440648019313812,,,,,0.5,0.5,0.65,0.65
policy_1m,SPY,2026-03-03 14:51:00+00:00,672.92,673.9,672.92,673.175,16629.0,hold,independent_meta,,0.0,0.0,0.0,0.0,,,0.0,0.0,,,,,,,,,,,,,,,,,,,,
policy_1m,SPY,2026-03-03 14:52:00+00:00,673.24,673.7,672.9,673.15,9311.0,hold,independent_meta,,0.0,0.0,0.0,0.0,,,0.0,0.0,,,,,,,,,,,,,,,,,,,,
policy_1m,SPY,2026-03-03 14:53:00+00:00,672.98,673.59,672.96,673.46,7405.0,hold,independent_meta,,0.0,0.0,0.0,0.0,,,0.0,0.0,,,,,,,,,,,,,,,,,,,,
policy_1m,SPY,2026-03-03 14:54:00+00:00,673.47,673.5,672.68,673.31,16092.0,hold,independent_meta,,0.0,0.0,0.0,0.0,,,0.0,0.0,,,,,,,,,,,,,,,,,,,,
policy_1m,SPY,2026-03-03 14:55:00+00:00,673.02,673.4,672.68,673.21,7380.0,hold,independent_meta,,0.0,0.0,0.0,0.0,,,0.0,0.0,,,,,,,,,,,,,,,,,,,,
policy_1m,SPY,2026-03-03 14:56:00+00:00,673.21,673.26,672.64,672.86,8419.0,hold,independent_meta,,0.0,0.0,0.0,0.0,,,0.0,0.0,,,,,,,,,,,,,,,,,,,,
policy_1m,SPY,2026-03-03 14:57:00+00:00,672.75,672.95,672.42,672.77,10852.0,hold,independent_meta,,0.0,0.0,0.0,0.0,,,0.0,0.0,,,,,,,,,,,,,,,,,,,,
policy_1m,SPY,2026-03-03 14:58:00+00:00,672.63,672.63,671.97,672.09,9570.0,hold,independent_meta,,0.0,0.0,0.0,0.0,,,0.0,0.0,,,,,,,,,,,,,,,,,,,,
policy_1m,SPY,2026-03-03 14:59:00+00:00,672.27,672.56,672.03,672.4,8064.0,hold,independent_meta,,0.0,0.0,0.0,0.0,,,0.0,0.0,,,,,,,,,,,,,,,,,,,,
policy_1m,SPY,2026-03-03 15:00:00+00:00,672.34,673.82,672.22,672.9,22063.0,hold,independent_meta,,0.0,0.0,0.0,0.0,,,0.0,0.0,,,,,,,,,,,,,,,,,,,,
meta_10m,SPY,2026-03-03 14:50:00+00:00,672.45,673.9,671.97,672.4,123767.0,,,,,,,,,,,,,,,policy_only,0.4126100242137909,0.5397007465362549,,0.821688711643219,0.7911563515663147,0.016151288524270058,0.447719931602478,0.28702840209007263,,,,,0.5,0.5,0.65,0.65
policy_1m,SPY,2026-03-03 15:01:00+00:00,672.91,673.39,672.345,672.35,16373.0,hold,independent_meta,,0.0,0.0,0.0,0.0,,,0.0,0.0,,,,,,,,,,,,,,,,,,,,
policy_1m,SPY,2026-03-03 15:02:00+00:00,672.36,672.87,672.215,672.215,10611.0,hold,independent_meta,,0.0,0.0,0.0,0.0,,,0.0,0.0,,,,,,,,,,,,,,,,,,,,
policy_1m,SPY,2026-03-03 15:03:00+00:00,672.34,672.71,672.06,672.36,16580.0,hold,independent_meta,,0.0,0.0,0.0,0.0,,,0.0,0.0,,,,,,,,,,,,,,,,,,,,
policy_1m,SPY,2026-03-03 15:04:00+00:00,672.39,672.55,671.8,672.17,14141.0,hold,independent_meta,,0.0,0.0,0.0,0.0,,,0.0,0.0,,,,,,,,,,,,,,,,,,,,
policy_1m,SPY,2026-03-03 15:05:00+00:00,672.21,672.38,671.64,672.36,8882.0,hold,independent_meta,,0.0,0.0,0.0,0.0,,,0.0,0.0,,,,,,,,,,,,,,,,,,,,
policy_1m,SPY,2026-03-03 15:06:00+00:00,672.3,673.24,672.04,672.77,16572.0,hold,independent_meta,,0.0,0.0,0.0,0.0,,,0.0,0.0,,,,,,,,,,,,,,,,,,,,
policy_1m,SPY,2026-03-03 15:07:00+00:00,672.77,672.975,672.08,672.08,4733.0,hold,independent_meta,,0.0,0.0,0.0,0.0,,,0.0,0.0,,,,,,,,,,,,,,,,,,,,
policy_1m,SPY,2026-03-03 15:08:00+00:00,672.08,672.155,671.78,671.91,12345.0,hold,independent_meta,,0.0,0.0,0.0,0.0,,,0.0,0.0,,,,,,,,,,,,,,,,,,,,
policy_1m,SPY,2026-03-03 15:09:00+00:00,672.0,672.72,671.96,672.39,9095.0,hold,independent_meta,,0.0,0.0,0.0,0.0,,,0.0,0.0,,,,,,,,,,,,,,,,,,,,
policy_1m,SPY,2026-03-03 15:10:00+00:00,672.35,672.48,671.71,671.99,13435.0,hold,independent_meta,,0.0,0.0,0.0,0.0,,,0.0,0.0,,,,,,,,,,,,,,,,,,,,
meta_10m,SPY,2026-03-03 15:00:00+00:00,672.34,673.82,671.64,672.39,131395.0,,,,,,,,,,,,,,,policy_only,0.40626493096351624,0.4096808135509491,,,0.7600469589233398,0.06311321258544922,0.6413170695304871,0.17885711789131165,,,,,0.5,0.5,0.65,0.65
policy_1m,SPY,2026-03-03 15:11:00+00:00,672.035,673.01,672.01,672.54,12590.0,hold,independent_meta,,0.0,0.0,0.0,0.0,,,0.0,0.0,,,,,,,,,,,,,,,,,,,,
policy_1m,SPY,2026-03-03 15:12:00+00:00,672.51,673.55,672.39,672.84,18061.0,hold,independent_meta,,0.0,0.0,0.0,0.0,,,0.0,0.0,,,,,,,,,,,,,,,,,,,,
policy_1m,SPY,2026-03-03 15:13:00+00:00,672.85,672.94,672.38,672.54,15045.0,hold,independent_meta,,0.0,0.0,0.0,0.0,,,0.0,0.0,,,,,,,,,,,,,,,,,,,,
policy_1m,SPY,2026-03-03 15:14:00+00:00,672.46,673.0,672.4,672.59,8093.0,hold,independent_meta,,0.0,0.0,0.0,0.0,,,0.0,0.0,,,,,,,,,,,,,,,,,,,,
policy_1m,SPY,2026-03-03 15:15:00+00:00,672.62,672.95,672.38,672.44,13879.0,hold,independent_meta,,0.0,0.0,0.0,0.0,,,0.0,0.0,,,,,,,,,,,,,,,,,,,,
policy_1m,SPY,2026-03-03 15:16:00+00:00,672.41,672.46,671.64,671.78,14730.0,hold,independent_meta,,0.0,0.0,0.0,0.0,,,0.0,0.0,,,,,,,,,,,,,,,,,,,,
policy_1m,SPY,2026-03-03 15:17:00+00:00,671.79,671.81,671.37,671.49,9710.0,hold,independent_meta,,0.0,0.0,0.0,0.0,,,0.0,0.0,,,,,,,,,,,,,,,,,,,,
policy_1m,SPY,2026-03-03 15:18:00+00:00,671.49,671.55,670.89,670.99,9348.0,hold,independent_meta,,0.0,0.0,0.0,0.0,,,0.0,0.0,,,,,,,,,,,,,,,,,,,,
policy_1m,SPY,2026-03-03 15:19:00+00:00,671.01,671.255,670.96,671.07,17363.0,hold,independent_meta,,0.0,0.0,0.0,0.0,,,0.0,0.0,,,,,,,,,,,,,,,,,,,,
policy_1m,SPY,2026-03-03 15:20:00+00:00,671.05,671.09,670.63,670.65,11833.0,hold,independent_meta,,0.0,0.0,0.0,0.0,,,0.0,0.0,,,,,,,,,,,,,,,,,,,,
meta_10m,SPY,2026-03-03 15:10:00+00:00,672.35,673.55,670.89,671.07,132254.0,,,,,,,,,,,,,,,policy_only,0.5496841669082642,0.18638239800930023,,,0.4905795454978943,0.03853766620159149,0.6229918599128723,0.1589539498090744,,,,,0.5,0.5,0.65,0.65
policy_1m,SPY,2026-03-03 15:21:00+00:00,670.64,670.73,670.33,670.33,18278.0,hold,independent_meta,,0.0,0.0,0.0,0.0,,,0.0,0.0,,,,,,,,,,,,,,,,,,,,
policy_1m,SPY,2026-03-03 15:22:00+00:00,670.33,670.4,669.945,669.945,12402.0,hold,independent_meta,,0.0,0.0,0.0,0.0,,,0.0,0.0,,,,,,,,,,,,,,,,,,,,
policy_1m,SPY,2026-03-03 15:23:00+00:00,669.92,670.81,669.9,670.72,14292.0,open_long,independent_meta,,1.0,1.0,1.0,0.0,.SIM_SPY_260303_C_673,,1.0,0.0,,,,,,,,,,,,,,,,,,,,
policy_1m,SPY,2026-03-03 15:24:00+00:00,670.71,670.72,670.3,670.45,13148.0,hold,independent_meta,,1.0,1.0,1.0,0.0,.SIM_SPY_260303_C_673,,1.0,0.0,,,,,,,,,,,,,,,,,,,,
policy_1m,SPY,2026-03-03 15:25:00+00:00,670.33,670.59,669.86,669.98,8161.0,hold,independent_meta,,1.0,1.0,1.0,0.0,.SIM_SPY_260303_C_673,,1.0,0.0,,,,,,,,,,,,,,,,,,,,
policy_1m,SPY,2026-03-03 15:26:00+00:00,670.02,670.26,669.76,669.84,16360.0,hold,independent_meta,,1.0,1.0,1.0,0.0,.SIM_SPY_260303_C_673,,1.0,0.0,,,,,,,,,,,,,,,,,,,,
policy_1m,SPY,2026-03-03 15:27:00+00:00,669.85,670.13,669.68,670.09,13140.0,hold,independent_meta,,1.0,1.0,1.0,0.0,.SIM_SPY_260303_C_673,,1.0,0.0,,,,,,,,,,,,,,,,,,,,
policy_1m,SPY,2026-03-03 15:28:00+00:00,670.05,670.13,669.77,669.8,16352.0,hold,independent_meta,,1.0,1.0,1.0,0.0,.SIM_SPY_260303_C_673,,1.0,0.0,,,,,,,,,,,,,,,,,,,,
policy_1m,SPY,2026-03-03 15:29:00+00:00,669.78,670.08,669.675,669.85,13567.0,hold,independent_meta,,1.0,1.0,1.0,0.0,.SIM_SPY_260303_C_673,,1.0,0.0,,,,,,,,,,,,,,,,,,,,
policy_1m,SPY,2026-03-03 15:30:00+00:00,669.84,670.47,669.84,670.21,15386.0,hold,independent_meta,,1.0,1.0,1.0,0.0,.SIM_SPY_260303_C_673,,1.0,0.0,,,,,,,,,,,,,,,,,,,,
meta_10m,SPY,2026-03-03 15:20:00+00:00,671.05,671.09,669.675,669.85,137533.0,,,,,,,,,,,,,,,policy_only,0.7526007294654846,0.10259106755256653,0.4719023108482361,,0.6615500450134277,0.004466028418391943,0.648429811000824,0.15795913338661194,,,,,0.5,0.5,0.65,0.65
policy_1m,SPY,2026-03-03 15:31:00+00:00,670.2,671.76,670.2,671.59,21012.0,hold,independent_meta,,1.0,1.0,1.0,0.0,.SIM_SPY_260303_C_673,,1.0,0.0,,,,,,,,,,,,,,,,,,,,
policy_1m,SPY,2026-03-03 15:32:00+00:00,671.53,671.8,671.09,671.18,24726.0,hold,independent_meta,,1.0,1.0,1.0,0.0,.SIM_SPY_260303_C_673,,1.0,0.0,,,,,,,,,,,,,,,,,,,,
policy_1m,SPY,2026-03-03 15:33:00+00:00,671.18,671.18,670.79,671.0,7954.0,hold,independent_meta,,1.0,1.0,1.0,0.0,.SIM_SPY_260303_C_673,,1.0,0.0,,,,,,,,,,,,,,,,,,,,
policy_1m,SPY,2026-03-03 15:34:00+00:00,670.98,671.205,670.79,671.03,5635.0,hold,independent_meta,,1.0,1.0,1.0,0.0,.SIM_SPY_260303_C_673,,1.0,0.0,,,,,,,,,,,,,,,,,,,,
policy_1m,SPY,2026-03-03 15:35:00+00:00,671.05,671.53,671.02,671.16,8797.0,hold,independent_meta,,1.0,1.0,1.0,0.0,.SIM_SPY_260303_C_673,,1.0,0.0,,,,,,,,,,,,,,,,,,,,
policy_1m,SPY,2026-03-03 15:36:00+00:00,671.1,672.22,670.88,671.84,5099.0,hold,independent_meta,,1.0,1.0,1.0,0.0,.SIM_SPY_260303_C_673,,1.0,0.0,,,,,,,,,,,,,,,,,,,,
policy_1m,SPY,2026-03-03 15:37:00+00:00,671.86,672.12,671.59,671.87,16213.0,hold,independent_meta,,1.0,1.0,1.0,0.0,.SIM_SPY_260303_C_673,,1.0,0.0,,,,,,,,,,,,,,,,,,,,
policy_1m,SPY,2026-03-03 15:38:00+00:00,671.69,671.84,671.48,671.61,15943.0,hold,independent_meta,,1.0,1.0,1.0,0.0,.SIM_SPY_260303_C_673,,1.0,0.0,,,,,,,,,,,,,,,,,,,,
policy_1m,SPY,2026-03-03 15:39:00+00:00,671.62,672.05,671.47,671.74,6954.0,hold,independent_meta,,1.0,1.0,1.0,0.0,.SIM_SPY_260303_C_673,,1.0,0.0,,,,,,,,,,,,,,,,,,,,
policy_1m,SPY,2026-03-03 15:40:00+00:00,671.67,672.47,671.32,672.3,8777.0,hold,independent_meta,,1.0,1.0,1.0,0.0,.SIM_SPY_260303_C_673,,1.0,0.0,,,,,,,,,,,,,,,,,,,,
meta_10m,SPY,2026-03-03 15:30:00+00:00,669.84,672.22,669.84,671.74,127719.0,,,,,,,,,,,,,,,policy_only,0.563851535320282,0.22377684712409973,0.2783670425415039,,0.19367694854736328,0.07131712883710861,0.8145857453346252,0.0861087441444397,,,,,0.5,0.5,0.65,0.65
policy_1m,SPY,2026-03-03 15:41:00+00:00,672.1,672.46,671.96,671.98,13089.0,hold,independent_meta,,1.0,1.0,1.0,0.0,.SIM_SPY_260303_C_673,,1.0,0.0,,,,,,,,,,,,,,,,,,,,
policy_1m,SPY,2026-03-03 15:42:00+00:00,672.02,672.41,671.79,672.03,13615.0,hold,independent_meta,,1.0,1.0,1.0,0.0,.SIM_SPY_260303_C_673,,1.0,0.0,,,,,,,,,,,,,,,,,,,,
policy_1m,SPY,2026-03-03 15:43:00+00:00,671.895,671.895,671.09,671.12,8800.0,hold,independent_meta,,1.0,1.0,1.0,0.0,.SIM_SPY_260303_C_673,,1.0,0.0,,,,,,,,,,,,,,,,,,,,
policy_1m,SPY,2026-03-03 15:44:00+00:00,671.18,671.35,670.96,671.28,9941.0,hold,independent_meta,,1.0,1.0,1.0,0.0,.SIM_SPY_260303_C_673,,1.0,0.0,,,,,,,,,,,,,,,,,,,,
policy_1m,SPY,2026-03-03 15:45:00+00:00,671.35,671.88,671.29,671.405,11743.0,hold,independent_meta,,1.0,1.0,1.0,0.0,.SIM_SPY_260303_C_673,,1.0,0.0,,,,,,,,,,,,,,,,,,,,
policy_1m,SPY,2026-03-03 15:46:00+00:00,671.37,672.12,671.25,671.53,6324.0,hold,independent_meta,,1.0,1.0,1.0,0.0,.SIM_SPY_260303_C_673,,1.0,0.0,,,,,,,,,,,,,,,,,,,,
policy_1m,SPY,2026-03-03 15:47:00+00:00,671.71,671.84,671.32,671.65,7914.0,hold,independent_meta,,1.0,1.0,1.0,0.0,.SIM_SPY_260303_C_673,,1.0,0.0,,,,,,,,,,,,,,,,,,,,
policy_1m,SPY,2026-03-03 15:48:00+00:00,671.72,671.73,671.19,671.35,7393.0,hold,independent_meta,,1.0,1.0,1.0,0.0,.SIM_SPY_260303_C_673,,1.0,0.0,,,,,,,,,,,,,,,,,,,,
policy_1m,SPY,2026-03-03 15:49:00+00:00,671.22,671.33,670.74,671.33,8312.0,hold,independent_meta,,1.0,1.0,1.0,0.0,.SIM_SPY_260303_C_673,,1.0,0.0,,,,,,,,,,,,,,,,,,,,
policy_1m,SPY,2026-03-03 15:50:00+00:00,671.02,671.02,670.37,670.76,14288.0,hold,independent_meta,,1.0,1.0,1.0,0.0,.SIM_SPY_260303_C_673,,1.0,0.0,,,,,,,,,,,,,,,,,,,,
meta_10m,SPY,2026-03-03 15:40:00+00:00,671.67,672.47,670.74,671.33,95908.0,,,,,,,,,,,,,,,policy_only,0.6632614135742188,0.08322226256132126,0.46397799253463745,,0.08975663036108017,0.3642803430557251,0.862419605255127,0.07230731099843979,,,,,0.5,0.5,0.65,0.65
policy_1m,SPY,2026-03-03 15:51:00+00:00,670.82,671.16,670.55,670.88,9376.0,hold,independent_meta,,1.0,1.0,1.0,0.0,.SIM_SPY_260303_C_673,,1.0,0.0,,,,,,,,,,,,,,,,,,,,
policy_1m,SPY,2026-03-03 15:52:00+00:00,670.79,671.57,670.79,671.01,8725.0,hold,independent_meta,,1.0,1.0,1.0,0.0,.SIM_SPY_260303_C_673,,1.0,0.0,,,,,,,,,,,,,,,,,,,,
policy_1m,SPY,2026-03-03 15:53:00+00:00,671.02,671.06,670.62,670.63,8782.0,hold,independent_meta,,1.0,1.0,1.0,0.0,.SIM_SPY_260303_C_673,,1.0,0.0,,,,,,,,,,,,,,,,,,,,
policy_1m,SPY,2026-03-03 15:54:00+00:00,670.73,670.77,670.43,670.6,3354.0,hold,independent_meta,,1.0,1.0,1.0,0.0,.SIM_SPY_260303_C_673,,1.0,0.0,,,,,,,,,,,,,,,,,,,,
policy_1m,SPY,2026-03-03 15:55:00+00:00,670.65,670.91,670.53,670.65,6968.0,hold,independent_meta,,1.0,1.0,1.0,0.0,.SIM_SPY_260303_C_673,,1.0,0.0,,,,,,,,,,,,,,,,,,,,
policy_1m,SPY,2026-03-03 15:56:00+00:00,670.69,671.59,670.68,671.08,14857.0,hold,independent_meta,,1.0,1.0,1.0,0.0,.SIM_SPY_260303_C_673,,1.0,0.0,,,,,,,,,,,,,,,,,,,,
policy_1m,SPY,2026-03-03 15:57:00+00:00,671.1,671.52,670.91,671.48,19337.0,hold,independent_meta,,1.0,1.0,1.0,0.0,.SIM_SPY_260303_C_673,,1.0,0.0,,,,,,,,,,,,,,,,,,,,
policy_1m,SPY,2026-03-03 15:58:00+00:00,671.47,671.99,671.47,671.94,8471.0,hold,independent_meta,,1.0,1.0,1.0,0.0,.SIM_SPY_260303_C_673,,1.0,0.0,,,,,,,,,,,,,,,,,,,,
policy_1m,SPY,2026-03-03 15:59:00+00:00,671.88,672.1,671.73,671.99,11685.0,hold,independent_meta,,1.0,1.0,1.0,0.0,.SIM_SPY_260303_C_673,,1.0,0.0,,,,,,,,,,,,,,,,,,,,
policy_1m,SPY,2026-03-03 16:00:00+00:00,671.95,672.3,671.77,671.875,8745.0,hold,independent_meta,,1.0,1.0,1.0,0.0,.SIM_SPY_260303_C_673,,1.0,0.0,,,,,,,,,,,,,,,,,,,,
meta_10m,SPY,2026-03-03 15:50:00+00:00,671.02,672.1,670.37,671.99,105843.0,,,,,,,,,,,,,,,policy_only,0.8366443514823914,0.025665132328867912,0.23097462952136993,,0.14339973032474518,0.2372778207063675,0.8988322615623474,0.03999163955450058,,,,,0.5,0.5,0.65,0.65
policy_1m,SPY,2026-03-03 16:01:00+00:00,671.79,672.26,671.76,671.93,5848.0,hold,independent_meta,,1.0,1.0,1.0,0.0,.SIM_SPY_260303_C_673,,1.0,0.0,,,,,,,,,,,,,,,,,,,,
policy_1m,SPY,2026-03-03 16:02:00+00:00,671.92,672.21,671.795,671.89,4254.0,hold,independent_meta,,1.0,1.0,1.0,0.0,.SIM_SPY_260303_C_673,,1.0,0.0,,,,,,,,,,,,,,,,,,,,
policy_1m,SPY,2026-03-03 16:03:00+00:00,671.93,672.71,671.93,672.6,9011.0,hold,independent_meta,,1.0,1.0,1.0,0.0,.SIM_SPY_260303_C_673,,1.0,0.0,,,,,,,,,,,,,,,,,,,,
policy_1m,SPY,2026-03-03 16:04:00+00:00,672.55,673.525,672.43,673.47,33967.0,hold,independent_meta,,1.0,1.0,1.0,0.0,.SIM_SPY_260303_C_673,,1.0,0.0,,,,,,,,,,,,,,,,,,,,
policy_1m,SPY,2026-03-03 16:05:00+00:00,673.46,674.23,673.44,674.19,14519.0,hold,independent_meta,,1.0,1.0,1.0,0.0,.SIM_SPY_260303_C_673,,1.0,0.0,,,,,,,,,,,,,,,,,,,,
policy_1m,SPY,2026-03-03 16:06:00+00:00,674.16,674.62,673.92,674.26,10124.0,hold,independent_meta,,1.0,1.0,1.0,0.0,.SIM_SPY_260303_C_673,,1.0,0.0,,,,,,,,,,,,,,,,,,,,
policy_1m,SPY,2026-03-03 16:07:00+00:00,674.3,674.42,674.07,674.25,11954.0,hold,independent_meta,,1.0,1.0,1.0,0.0,.SIM_SPY_260303_C_673,,1.0,0.0,,,,,,,,,,,,,,,,,,,,
policy_1m,SPY,2026-03-03 16:08:00+00:00,674.25,674.91,674.12,674.79,10946.0,hold,independent_meta,,1.0,1.0,1.0,0.0,.SIM_SPY_260303_C_673,,1.0,0.0,,,,,,,,,,,,,,,,,,,,
policy_1m,SPY,2026-03-03 16:09:00+00:00,674.77,674.85,674.3,674.57,10211.0,hold,independent_meta,,1.0,1.0,1.0,0.0,.SIM_SPY_260303_C_673,,1.0,0.0,,,,,,,,,,,,,,,,,,,,
policy_1m,SPY,2026-03-03 16:10:00+00:00,674.6,674.74,674.47,674.61,3891.0,hold,independent_meta,,1.0,1.0,1.0,0.0,.SIM_SPY_260303_C_673,,1.0,0.0,,,,,,,,,,,,,,,,,,,,
meta_10m,SPY,2026-03-03 16:00:00+00:00,671.95,674.91,671.76,674.57,119579.0,,,,,,,,,,,,,,,policy_only,0.8517060875892639,0.022076627239584923,0.6055058836936951,,0.025368617847561836,0.46498095989227295,0.8342179656028748,0.029476340860128403,,,,,0.5,0.5,0.65,0.65
policy_1m,SPY,2026-03-03 16:11:00+00:00,674.65,674.66,674.26,674.6,6608.0,hold,independent_meta,,1.0,1.0,1.0,0.0,.SIM_SPY_260303_C_673,,1.0,0.0,,,,,,,,,,,,,,,,,,,,
policy_1m,SPY,2026-03-03 16:12:00+00:00,674.6,674.74,674.38,674.48,6750.0,hold,independent_meta,,1.0,1.0,1.0,0.0,.SIM_SPY_260303_C_673,,1.0,0.0,,,,,,,,,,,,,,,,,,,,
policy_1m,SPY,2026-03-03 16:13:00+00:00,674.54,675.19,674.39,675.13,14744.0,hold,independent_meta,,1.0,1.0,1.0,0.0,.SIM_SPY_260303_C_673,,1.0,0.0,,,,,,,,,,,,,,,,,,,,
policy_1m,SPY,2026-03-03 16:14:00+00:00,675.08,675.28,674.82,675.03,8247.0,hold,independent_meta,,1.0,1.0,1.0,0.0,.SIM_SPY_260303_C_673,,1.0,0.0,,,,,,,,,,,,,,,,,,,,
policy_1m,SPY,2026-03-03 16:15:00+00:00,675.03,675.71,675.01,675.65,10357.0,hold,independent_meta,,1.0,1.0,1.0,0.0,.SIM_SPY_260303_C_673,,1.0,0.0,,,,,,,,,,,,,,,,,,,,
policy_1m,SPY,2026-03-03 16:16:00+00:00,675.64,675.67,675.33,675.54,9134.0,hold,independent_meta,,1.0,1.0,1.0,0.0,.SIM_SPY_260303_C_673,,1.0,0.0,,,,,,,,,,,,,,,,,,,,
policy_1m,SPY,2026-03-03 16:17:00+00:00,675.56,675.89,675.49,675.7,9080.0,hold,independent_meta,,1.0,1.0,1.0,0.0,.SIM_SPY_260303_C_673,,1.0,0.0,,,,,,,,,,,,,,,,,,,,
policy_1m,SPY,2026-03-03 16:18:00+00:00,675.81,676.16,675.62,675.62,8748.0,hold,independent_meta,,1.0,1.0,1.0,0.0,.SIM_SPY_260303_C_673,,1.0,0.0,,,,,,,,,,,,,,,,,,,,
policy_1m,SPY,2026-03-03 16:19:00+00:00,675.65,675.72,675.15,675.28,12071.0,hold,independent_meta,,1.0,1.0,1.0,0.0,.SIM_SPY_260303_C_673,,1.0,0.0,,,,,,,,,,,,,,,,,,,,
policy_1m,SPY,2026-03-03 16:20:00+00:00,675.25,675.6,675.05,675.59,10472.0,hold,independent_meta,,1.0,1.0,1.0,0.0,.SIM_SPY_260303_C_673,,1.0,0.0,,,,,,,,,,,,,,,,,,,,
meta_10m,SPY,2026-03-03 16:10:00+00:00,674.6,676.16,674.26,675.28,89630.0,,,,,,,,,,,,,,,policy_only,0.7880569696426392,0.02046572044491768,0.8877180218696594,,0.002769290003925562,0.6486247181892395,0.6794793009757996,0.07961177825927734,,,,,0.5,0.5,0.65,0.65
policy_1m,SPY,2026-03-03 16:21:00+00:00,675.62,675.62,675.02,675.42,7422.0,close_long,independent_meta,,0.0,0.0,0.0,0.0,,,0.0,0.0,,,,,,,,,,,,,,,,,,,,
policy_1m,SPY,2026-03-03 16:22:00+00:00,675.43,676.01,675.14,675.64,11757.0,hold,independent_meta,,0.0,0.0,0.0,0.0,,,0.0,0.0,,,,,,,,,,,,,,,,,,,,
policy_1m,SPY,2026-03-03 16:23:00+00:00,675.61,676.16,675.58,676.14,7986.0,hold,independent_meta,,0.0,0.0,0.0,0.0,,,0.0,0.0,,,,,,,,,,,,,,,,,,,,
policy_1m,SPY,2026-03-03 16:24:00+00:00,676.09,676.35,675.77,676.33,10856.0,hold,independent_meta,,0.0,0.0,0.0,0.0,,,0.0,0.0,,,,,,,,,,,,,,,,,,,,
policy_1m,SPY,2026-03-03 16:25:00+00:00,676.47,676.58,676.15,676.52,10886.0,hold,independent_meta,,0.0,0.0,0.0,0.0,,,0.0,0.0,,,,,,,,,,,,,,,,,,,,
policy_1m,SPY,2026-03-03 16:26:00+00:00,676.51,676.525,675.92,676.15,12921.0,hold,independent_meta,,0.0,0.0,0.0,0.0,,,0.0,0.0,,,,,,,,,,,,,,,,,,,,
policy_1m,SPY,2026-03-03 16:27:00+00:00,676.24,676.44,675.97,676.03,8119.0,hold,independent_meta,,0.0,0.0,0.0,0.0,,,0.0,0.0,,,,,,,,,,,,,,,,,,,,
policy_1m,SPY,2026-03-03 16:28:00+00:00,676.07,676.25,675.81,676.06,7080.0,hold,independent_meta,,0.0,0.0,0.0,0.0,,,0.0,0.0,,,,,,,,,,,,,,,,,,,,
policy_1m,SPY,2026-03-03 16:29:00+00:00,676.07,676.25,675.93,676.01,4850.0,hold,independent_meta,,0.0,0.0,0.0,0.0,,,0.0,0.0,,,,,,,,,,,,,,,,,,,,
policy_1m,SPY,2026-03-03 16:30:00+00:00,675.99,676.05,675.46,675.61,13852.0,hold,independent_meta,,0.0,0.0,0.0,0.0,,,0.0,0.0,,,,,,,,,,,,,,,,,,,,
meta_10m,SPY,2026-03-03 16:20:00+00:00,675.25,676.58,675.02,676.01,92349.0,,,,,,,,,,,,,,,policy_only,0.43303757905960083,0.05599949508905411,,,0.004896603524684906,0.6291198134422302,0.2420787364244461,0.2539006769657135,,,,,0.5,0.5,0.65,0.65
policy_1m,SPY,2026-03-03 16:31:00+00:00,675.61,675.61,675.12,675.12,5426.0,hold,independent_meta,,0.0,0.0,0.0,0.0,,,0.0,0.0,,,,,,,,,,,,,,,,,,,,
policy_1m,SPY,2026-03-03 16:32:00+00:00,675.18,675.19,674.66,674.94,8677.0,hold,independent_meta,,0.0,0.0,0.0,0.0,,,0.0,0.0,,,,,,,,,,,,,,,,,,,,
policy_1m,SPY,2026-03-03 16:33:00+00:00,675.09,675.31,674.73,674.91,5788.0,hold,independent_meta,,0.0,0.0,0.0,0.0,,,0.0,0.0,,,,,,,,,,,,,,,,,,,,
policy_1m,SPY,2026-03-03 16:34:00+00:00,675.02,675.91,675.005,675.77,6324.0,hold,independent_meta,,0.0,0.0,0.0,0.0,,,0.0,0.0,,,,,,,,,,,,,,,,,,,,
policy_1m,SPY,2026-03-03 16:35:00+00:00,675.82,676.19,675.81,675.99,5577.0,hold,independent_meta,,0.0,0.0,0.0,0.0,,,0.0,0.0,,,,,,,,,,,,,,,,,,,,
policy_1m,SPY,2026-03-03 16:36:00+00:00,676.02,676.56,675.93,676.22,6770.0,hold,independent_meta,,0.0,0.0,0.0,0.0,,,0.0,0.0,,,,,,,,,,,,,,,,,,,,
policy_1m,SPY,2026-03-03 16:37:00+00:00,676.24,676.42,676.1,676.11,4707.0,hold,independent_meta,,0.0,0.0,0.0,0.0,,,0.0,0.0,,,,,,,,,,,,,,,,,,,,
policy_1m,SPY,2026-03-03 16:38:00+00:00,675.9,675.9,675.57,675.75,6024.0,hold,independent_meta,,0.0,0.0,0.0,0.0,,,0.0,0.0,,,,,,,,,,,,,,,,,,,,
policy_1m,SPY,2026-03-03 16:39:00+00:00,675.96,676.09,675.74,676.09,3210.0,hold,independent_meta,,0.0,0.0,0.0,0.0,,,0.0,0.0,,,,,,,,,,,,,,,,,,,,
policy_1m,SPY,2026-03-03 16:40:00+00:00,676.03,676.17,675.76,676.13,4742.0,hold,independent_meta,,0.0,0.0,0.0,0.0,,,0.0,0.0,,,,,,,,,,,,,,,,,,,,
meta_10m,SPY,2026-03-03 16:30:00+00:00,675.99,676.56,674.66,676.09,66355.0,,,,,,,,,,,,,,,policy_only,0.7151519656181335,0.025477664545178413,,,0.05507601797580719,0.2551363408565521,0.4999655485153198,0.04531899467110634,,,,,0.5,0.5,0.65,0.65
policy_1m,SPY,2026-03-03 16:41:00+00:00,676.21,676.28,676.08,676.12,4170.0,hold,independent_meta,,0.0,0.0,0.0,0.0,,,0.0,0.0,,,,,,,,,,,,,,,,,,,,
policy_1m,SPY,2026-03-03 16:42:00+00:00,676.04,676.08,675.42,675.76,4780.0,hold,independent_meta,,0.0,0.0,0.0,0.0,,,0.0,0.0,,,,,,,,,,,,,,,,,,,,
policy_1m,SPY,2026-03-03 16:43:00+00:00,675.8,676.8,675.31,676.55,13537.0,open_long,independent_meta,,1.0,1.0,1.0,0.0,.SIM_SPY_260303_C_679,,1.0,0.0,,,,,,,,,,,,,,,,,,,,
policy_1m,SPY,2026-03-03 16:44:00+00:00,676.55,676.785,676.295,676.67,8257.0,hold,independent_meta,,1.0,1.0,1.0,0.0,.SIM_SPY_260303_C_679,,1.0,0.0,,,,,,,,,,,,,,,,,,,,
policy_1m,SPY,2026-03-03 16:45:00+00:00,676.69,677.45,676.68,677.29,15740.0,hold,independent_meta,,1.0,1.0,1.0,0.0,.SIM_SPY_260303_C_679,,1.0,0.0,,,,,,,,,,,,,,,,,,,,
policy_1m,SPY,2026-03-03 16:46:00+00:00,677.33,678.425,677.33,678.32,9216.0,hold,independent_meta,,1.0,1.0,1.0,0.0,.SIM_SPY_260303_C_679,,1.0,0.0,,,,,,,,,,,,,,,,,,,,
policy_1m,SPY,2026-03-03 16:47:00+00:00,678.31,678.34,677.8,677.85,12989.0,hold,independent_meta,,1.0,1.0,1.0,0.0,.SIM_SPY_260303_C_679,,1.0,0.0,,,,,,,,,,,,,,,,,,,,
policy_1m,SPY,2026-03-03 16:48:00+00:00,677.83,677.97,677.33,677.76,9219.0,hold,independent_meta,,1.0,1.0,1.0,0.0,.SIM_SPY_260303_C_679,,1.0,0.0,,,,,,,,,,,,,,,,,,,,
policy_1m,SPY,2026-03-03 16:49:00+00:00,677.78,677.78,676.99,677.45,17319.0,hold,independent_meta,,1.0,1.0,1.0,0.0,.SIM_SPY_260303_C_679,,1.0,0.0,,,,,,,,,,,,,,,,,,,,
policy_1m,SPY,2026-03-03 16:50:00+00:00,677.57,677.79,677.25,677.46,5892.0,hold,independent_meta,,1.0,1.0,1.0,0.0,.SIM_SPY_260303_C_679,,1.0,0.0,,,,,,,,,,,,,,,,,,,,
meta_10m,SPY,2026-03-03 16:40:00+00:00,676.03,678.425,675.31,677.45,99969.0,,,,,,,,,,,,,,,policy_only,0.2281913459300995,0.15083174407482147,0.6439220309257507,,0.017770882695913315,0.5703748464584351,0.3117493987083435,0.1432706117630005,,,,,0.5,0.5,0.65,0.65
policy_1m,SPY,2026-03-03 16:51:00+00:00,677.62,677.72,677.25,677.38,7877.0,hold,independent_meta,,1.0,1.0,1.0,0.0,.SIM_SPY_260303_C_679,,1.0,0.0,,,,,,,,,,,,,,,,,,,,
policy_1m,SPY,2026-03-03 16:52:00+00:00,677.43,677.74,677.3,677.66,3395.0,hold,independent_meta,,1.0,1.0,1.0,0.0,.SIM_SPY_260303_C_679,,1.0,0.0,,,,,,,,,,,,,,,,,,,,
policy_1m,SPY,2026-03-03 16:53:00+00:00,677.63,677.92,677.6,677.91,6177.0,hold,independent_meta,,1.0,1.0,1.0,0.0,.SIM_SPY_260303_C_679,,1.0,0.0,,,,,,,,,,,,,,,,,,,,
policy_1m,SPY,2026-03-03 16:54:00+00:00,677.79,677.84,677.62,677.83,5051.0,hold,independent_meta,,1.0,1.0,1.0,0.0,.SIM_SPY_260303_C_679,,1.0,0.0,,,,,,,,,,,,,,,,,,,,
policy_1m,SPY,2026-03-03 16:55:00+00:00,678.0,678.08,677.72,678.08,5225.0,hold,independent_meta,,1.0,1.0,1.0,0.0,.SIM_SPY_260303_C_679,,1.0,0.0,,,,,,,,,,,,,,,,,,,,
policy_1m,SPY,2026-03-03 16:56:00+00:00,678.18,678.27,677.83,678.21,6077.0,hold,independent_meta,,1.0,1.0,1.0,0.0,.SIM_SPY_260303_C_679,,1.0,0.0,,,,,,,,,,,,,,,,,,,,
policy_1m,SPY,2026-03-03 16:57:00+00:00,678.21,678.21,677.83,677.91,5298.0,hold,independent_meta,,1.0,1.0,1.0,0.0,.SIM_SPY_260303_C_679,,1.0,0.0,,,,,,,,,,,,,,,,,,,,
policy_1m,SPY,2026-03-03 16:58:00+00:00,678.01,678.12,677.72,677.72,8523.0,hold,independent_meta,,1.0,1.0,1.0,0.0,.SIM_SPY_260303_C_679,,1.0,0.0,,,,,,,,,,,,,,,,,,,,
policy_1m,SPY,2026-03-03 16:59:00+00:00,677.76,677.84,677.37,677.52,5655.0,hold,independent_meta,,1.0,1.0,1.0,0.0,.SIM_SPY_260303_C_679,,1.0,0.0,,,,,,,,,,,,,,,,,,,,
policy_1m,SPY,2026-03-03 17:00:00+00:00,677.57,677.87,677.35,677.59,5580.0,hold,independent_meta,,1.0,1.0,1.0,0.0,.SIM_SPY_260303_C_679,,1.0,0.0,,,,,,,,,,,,,,,,,,,,
meta_10m,SPY,2026-03-03 16:50:00+00:00,677.57,678.27,677.25,677.52,59170.0,,,,,,,,,,,,,,,policy_only,0.5498142242431641,0.06167348101735115,0.6253024935722351,,1.6266736565739848e-05,0.01711207628250122,0.591830313205719,0.06417707353830338,,,,,0.5,0.5,0.65,0.65
policy_1m,SPY,2026-03-03 17:01:00+00:00,677.48,677.55,676.91,677.1,7266.0,hold,independent_meta,,1.0,1.0,1.0,0.0,.SIM_SPY_260303_C_679,,1.0,0.0,,,,,,,,,,,,,,,,,,,,
policy_1m,SPY,2026-03-03 17:02:00+00:00,677.07,677.43,676.89,677.39,6644.0,hold,independent_meta,,1.0,1.0,1.0,0.0,.SIM_SPY_260303_C_679,,1.0,0.0,,,,,,,,,,,,,,,,,,,,
policy_1m,SPY,2026-03-03 17:03:00+00:00,677.45,677.45,677.07,677.09,4034.0,hold,independent_meta,,1.0,1.0,1.0,0.0,.SIM_SPY_260303_C_679,,1.0,0.0,,,,,,,,,,,,,,,,,,,,
policy_1m,SPY,2026-03-03 17:04:00+00:00,677.13,677.45,676.99,677.45,3465.0,hold,independent_meta,,1.0,1.0,1.0,0.0,.SIM_SPY_260303_C_679,,1.0,0.0,,,,,,,,,,,,,,,,,,,,
policy_1m,SPY,2026-03-03 17:05:00+00:00,677.43,677.7,677.27,677.38,5274.0,hold,independent_meta,,1.0,1.0,1.0,0.0,.SIM_SPY_260303_C_679,,1.0,0.0,,,,,,,,,,,,,,,,,,,,
policy_1m,SPY,2026-03-03 17:06:00+00:00,677.28,677.75,677.28,677.75,2200.0,hold,independent_meta,,1.0,1.0,1.0,0.0,.SIM_SPY_260303_C_679,,1.0,0.0,,,,,,,,,,,,,,,,,,,,
policy_1m,SPY,2026-03-03 17:07:00+00:00,677.8,677.8,677.17,677.3,4819.0,hold,independent_meta,,1.0,1.0,1.0,0.0,.SIM_SPY_260303_C_679,,1.0,0.0,,,,,,,,,,,,,,,,,,,,
policy_1m,SPY,2026-03-03 17:08:00+00:00,677.22,677.41,676.98,676.98,5770.0,hold,independent_meta,,1.0,1.0,1.0,0.0,.SIM_SPY_260303_C_679,,1.0,0.0,,,,,,,,,,,,,,,,,,,,
policy_1m,SPY,2026-03-03 17:09:00+00:00,677.07,677.07,676.68,676.81,6371.0,hold,independent_meta,,1.0,1.0,1.0,0.0,.SIM_SPY_260303_C_679,,1.0,0.0,,,,,,,,,,,,,,,,,,,,
policy_1m,SPY,2026-03-03 17:10:00+00:00,676.81,677.08,676.71,676.86,5878.0,hold,independent_meta,,1.0,1.0,1.0,0.0,.SIM_SPY_260303_C_679,,1.0,0.0,,,,,,,,,,,,,,,,,,,,
meta_10m,SPY,2026-03-03 17:00:00+00:00,677.57,677.87,676.68,676.81,51423.0,,,,,,,,,,,,,,,policy_only,0.9449386596679688,0.008512522093951702,0.8602238297462463,,0.003990240395069122,0.15525132417678833,0.9371257424354553,0.008939775638282299,,,,,0.5,0.5,0.65,0.65
policy_1m,SPY,2026-03-03 17:11:00+00:00,676.83,677.07,676.59,676.64,3631.0,close_long,independent_meta,,0.0,0.0,0.0,0.0,,,0.0,0.0,,,,,,,,,,,,,,,,,,,,
policy_1m,SPY,2026-03-03 17:12:00+00:00,676.8,676.915,676.42,676.71,9212.0,hold,independent_meta,,0.0,0.0,0.0,0.0,,,0.0,0.0,,,,,,,,,,,,,,,,,,,,
policy_1m,SPY,2026-03-03 17:13:00+00:00,676.74,676.94,676.63,676.63,3662.0,hold,independent_meta,,0.0,0.0,0.0,0.0,,,0.0,0.0,,,,,,,,,,,,,,,,,,,,
policy_1m,SPY,2026-03-03 17:14:00+00:00,676.68,677.125,676.585,677.125,8326.0,hold,independent_meta,,0.0,0.0,0.0,0.0,,,0.0,0.0,,,,,,,,,,,,,,,,,,,,
policy_1m,SPY,2026-03-03 17:15:00+00:00,677.12,677.13,676.94,677.09,2812.0,hold,independent_meta,,0.0,0.0,0.0,0.0,,,0.0,0.0,,,,,,,,,,,,,,,,,,,,
policy_1m,SPY,2026-03-03 17:16:00+00:00,677.21,677.35,676.73,676.73,3562.0,hold,independent_meta,,0.0,0.0,0.0,0.0,,,0.0,0.0,,,,,,,,,,,,,,,,,,,,
policy_1m,SPY,2026-03-03 17:17:00+00:00,676.8,677.16,676.77,677.14,3938.0,hold,independent_meta,,0.0,0.0,0.0,0.0,,,0.0,0.0,,,,,,,,,,,,,,,,,,,,
policy_1m,SPY,2026-03-03 17:18:00+00:00,677.03,677.66,677.03,677.5,4762.0,hold,independent_meta,,0.0,0.0,0.0,0.0,,,0.0,0.0,,,,,,,,,,,,,,,,,,,,
policy_1m,SPY,2026-03-03 17:19:00+00:00,677.47,677.64,677.44,677.57,4849.0,hold,independent_meta,,0.0,0.0,0.0,0.0,,,0.0,0.0,,,,,,,,,,,,,,,,,,,,
policy_1m,SPY,2026-03-03 17:20:00+00:00,677.66,677.73,676.94,677.16,4656.0,hold,independent_meta,,0.0,0.0,0.0,0.0,,,0.0,0.0,,,,,,,,,,,,,,,,,,,,
meta_10m,SPY,2026-03-03 17:10:00+00:00,676.81,677.66,676.42,677.57,50632.0,,,,,,,,,,,,,,,policy_only,0.9142112731933594,0.013612515293061733,,,0.4674704670906067,0.15987783670425415,0.9101089239120483,0.007139140740036964,,,,,0.5,0.5,0.65,0.65
policy_1m,SPY,2026-03-03 17:21:00+00:00,677.11,677.57,677.05,677.57,3308.0,hold,independent_meta,,0.0,0.0,0.0,0.0,,,0.0,0.0,,,,,,,,,,,,,,,,,,,,
policy_1m,SPY,2026-03-03 17:22:00+00:00,677.51,677.965,677.42,677.83,3548.0,hold,independent_meta,,0.0,0.0,0.0,0.0,,,0.0,0.0,,,,,,,,,,,,,,,,,,,,
policy_1m,SPY,2026-03-03 17:23:00+00:00,677.95,678.23,677.91,677.96,12667.0,hold,independent_meta,,0.0,0.0,0.0,0.0,,,0.0,0.0,,,,,,,,,,,,,,,,,,,,
policy_1m,SPY,2026-03-03 17:24:00+00:00,677.99,678.26,677.94,678.26,8984.0,hold,independent_meta,,0.0,0.0,0.0,0.0,,,0.0,0.0,,,,,,,,,,,,,,,,,,,,
policy_1m,SPY,2026-03-03 17:25:00+00:00,678.22,678.46,678.05,678.25,7362.0,hold,independent_meta,,0.0,0.0,0.0,0.0,,,0.0,0.0,,,,,,,,,,,,,,,,,,,,
policy_1m,SPY,2026-03-03 17:26:00+00:00,678.25,678.25,677.78,678.01,8418.0,hold,independent_meta,,0.0,0.0,0.0,0.0,,,0.0,0.0,,,,,,,,,,,,,,,,,,,,
policy_1m,SPY,2026-03-03 17:27:00+00:00,678.03,678.14,677.75,677.98,3916.0,hold,independent_meta,,0.0,0.0,0.0,0.0,,,0.0,0.0,,,,,,,,,,,,,,,,,,,,
policy_1m,SPY,2026-03-03 17:28:00+00:00,677.97,678.3,677.93,678.28,4854.0,hold,independent_meta,,0.0,0.0,0.0,0.0,,,0.0,0.0,,,,,,,,,,,,,,,,,,,,
policy_1m,SPY,2026-03-03 17:29:00+00:00,678.33,678.41,678.3,678.35,6442.0,hold,independent_meta,,0.0,0.0,0.0,0.0,,,0.0,0.0,,,,,,,,,,,,,,,,,,,,
policy_1m,SPY,2026-03-03 17:30:00+00:00,678.23,678.23,677.845,677.91,7537.0,hold,independent_meta,,0.0,0.0,0.0,0.0,,,0.0,0.0,,,,,,,,,,,,,,,,,,,,
meta_10m,SPY,2026-03-03 17:20:00+00:00,677.66,678.46,676.94,678.35,64155.0,,,,,,,,,,,,,,,policy_only,0.9061583876609802,0.012776226736605167,0.08143887668848038,,0.02821304276585579,0.30913838744163513,0.8704212307929993,0.007801536004990339,,,,,0.5,0.5,0.65,0.65
policy_1m,SPY,2026-03-03 17:31:00+00:00,677.89,677.89,677.3,677.33,7256.0,hold,independent_meta,,0.0,0.0,0.0,0.0,,,0.0,0.0,,,,,,,,,,,,,,,,,,,,
policy_1m,SPY,2026-03-03 17:32:00+00:00,677.25,677.395,677.0,677.0,3988.0,hold,independent_meta,,0.0,0.0,0.0,0.0,,,0.0,0.0,,,,,,,,,,,,,,,,,,,,
policy_1m,SPY,2026-03-03 17:33:00+00:00,677.05,677.11,676.67,676.79,10420.0,hold,independent_meta,,0.0,0.0,0.0,0.0,,,0.0,0.0,,,,,,,,,,,,,,,,,,,,
policy_1m,SPY,2026-03-03 17:34:00+00:00,676.77,676.77,676.35,676.5,9111.0,hold,independent_meta,,0.0,0.0,0.0,0.0,,,0.0,0.0,,,,,,,,,,,,,,,,,,,,
policy_1m,SPY,2026-03-03 17:35:00+00:00,676.45,676.54,676.16,676.48,12325.0,hold,independent_meta,,0.0,0.0,0.0,0.0,,,0.0,0.0,,,,,,,,,,,,,,,,,,,,
policy_1m,SPY,2026-03-03 17:36:00+00:00,676.42,677.01,676.18,676.97,13384.0,hold,independent_meta,,0.0,0.0,0.0,0.0,,,0.0,0.0,,,,,,,,,,,,,,,,,,,,
policy_1m,SPY,2026-03-03 17:37:00+00:00,677.0,677.01,676.66,676.73,3052.0,hold,independent_meta,,0.0,0.0,0.0,0.0,,,0.0,0.0,,,,,,,,,,,,,,,,,,,,
policy_1m,SPY,2026-03-03 17:38:00+00:00,676.96,676.96,676.53,676.6,6206.0,hold,independent_meta,,0.0,0.0,0.0,0.0,,,0.0,0.0,,,,,,,,,,,,,,,,,,,,
policy_1m,SPY,2026-03-03 17:39:00+00:00,676.59,676.75,676.56,676.7,5952.0,hold,independent_meta,,0.0,0.0,0.0,0.0,,,0.0,0.0,,,,,,,,,,,,,,,,,,,,
policy_1m,SPY,2026-03-03 17:40:00+00:00,676.82,677.38,676.75,677.38,5107.0,hold,independent_meta,,0.0,0.0,0.0,0.0,,,0.0,0.0,,,,,,,,,,,,,,,,,,,,
meta_10m,SPY,2026-03-03 17:30:00+00:00,678.23,678.23,676.16,676.7,79231.0,,,,,,,,,,,,,,,policy_only,0.9738839864730835,0.002836517756804824,0.44274047017097473,,0.38606157898902893,0.05532637611031532,0.9551449418067932,0.005975672043859959,,,,,0.5,0.5,0.65,0.65
policy_1m,SPY,2026-03-03 17:41:00+00:00,677.34,677.45,676.98,677.01,1419.0,hold,independent_meta,,0.0,0.0,0.0,0.0,,,0.0,0.0,,,,,,,,,,,,,,,,,,,,
policy_1m,SPY,2026-03-03 17:42:00+00:00,677.0,677.53,677.0,677.53,3609.0,hold,independent_meta,,0.0,0.0,0.0,0.0,,,0.0,0.0,,,,,,,,,,,,,,,,,,,,
policy_1m,SPY,2026-03-03 17:43:00+00:00,677.6,678.24,677.56,678.17,9762.0,hold,independent_meta,,0.0,0.0,0.0,0.0,,,0.0,0.0,,,,,,,,,,,,,,,,,,,,
policy_1m,SPY,2026-03-03 17:44:00+00:00,678.15,678.4,678.07,678.3,8502.0,hold,independent_meta,,0.0,0.0,0.0,0.0,,,0.0,0.0,,,,,,,,,,,,,,,,,,,,
policy_1m,SPY,2026-03-03 17:45:00+00:00,678.22,678.34,678.06,678.185,9983.0,hold,independent_meta,,0.0,0.0,0.0,0.0,,,0.0,0.0,,,,,,,,,,,,,,,,,,,,
policy_1m,SPY,2026-03-03 17:46:00+00:00,678.11,678.19,677.74,677.77,7959.0,hold,independent_meta,,0.0,0.0,0.0,0.0,,,0.0,0.0,,,,,,,,,,,,,,,,,,,,
policy_1m,SPY,2026-03-03 17:47:00+00:00,677.77,677.95,677.76,677.95,4562.0,hold,independent_meta,,0.0,0.0,0.0,0.0,,,0.0,0.0,,,,,,,,,,,,,,,,,,,,
policy_1m,SPY,2026-03-03 17:48:00+00:00,677.95,678.09,677.87,678.03,5250.0,hold,independent_meta,,0.0,0.0,0.0,0.0,,,0.0,0.0,,,,,,,,,,,,,,,,,,,,
policy_1m,SPY,2026-03-03 17:49:00+00:00,678.05,678.46,678.05,678.24,3482.0,hold,independent_meta,,0.0,0.0,0.0,0.0,,,0.0,0.0,,,,,,,,,,,,,,,,,,,,
policy_1m,SPY,2026-03-03 17:50:00+00:00,678.27,678.29,677.995,678.11,9565.0,hold,independent_meta,,0.0,0.0,0.0,0.0,,,0.0,0.0,,,,,,,,,,,,,,,,,,,,
meta_10m,SPY,2026-03-03 17:40:00+00:00,676.82,678.46,676.75,678.24,59635.0,,,,,,,,,,,,,,,policy_only,0.9479804635047913,0.00830509327352047,0.06715666502714157,,0.06603802740573883,0.26076388359069824,0.9677847027778625,0.0032065059058368206,,,,,0.5,0.5,0.65,0.65
policy_1m,SPY,2026-03-03 17:51:00+00:00,678.1,678.3,678.03,678.04,7140.0,hold,independent_meta,,0.0,0.0,0.0,0.0,,,0.0,0.0,,,,,,,,,,,,,,,,,,,,
policy_1m,SPY,2026-03-03 17:52:00+00:00,678.22,678.23,677.86,678.16,4681.0,hold,independent_meta,,0.0,0.0,0.0,0.0,,,0.0,0.0,,,,,,,,,,,,,,,,,,,,
policy_1m,SPY,2026-03-03 17:53:00+00:00,678.15,678.15,677.25,677.36,4386.0,hold,independent_meta,,0.0,0.0,0.0,0.0,,,0.0,0.0,,,,,,,,,,,,,,,,,,,,
policy_1m,SPY,2026-03-03 17:54:00+00:00,677.43,677.43,676.91,677.065,3678.0,hold,independent_meta,,0.0,0.0,0.0,0.0,,,0.0,0.0,,,,,,,,,,,,,,,,,,,,
policy_1m,SPY,2026-03-03 17:55:00+00:00,677.04,677.36,676.88,677.34,5135.0,hold,independent_meta,,0.0,0.0,0.0,0.0,,,0.0,0.0,,,,,,,,,,,,,,,,,,,,
policy_1m,SPY,2026-03-03 17:56:00+00:00,677.32,677.5,677.26,677.31,2757.0,hold,independent_meta,,0.0,0.0,0.0,0.0,,,0.0,0.0,,,,,,,,,,,,,,,,,,,,
policy_1m,SPY,2026-03-03 17:57:00+00:00,677.35,677.67,677.25,677.67,1762.0,hold,independent_meta,,0.0,0.0,0.0,0.0,,,0.0,0.0,,,,,,,,,,,,,,,,,,,,
policy_1m,SPY,2026-03-03 17:58:00+00:00,677.59,677.69,677.46,677.46,1467.0,hold,independent_meta,,0.0,0.0,0.0,0.0,,,0.0,0.0,,,,,,,,,,,,,,,,,,,,
policy_1m,SPY,2026-03-03 17:59:00+00:00,677.4,677.62,677.36,677.37,3229.0,hold,independent_meta,,0.0,0.0,0.0,0.0,,,0.0,0.0,,,,,,,,,,,,,,,,,,,,
policy_1m,SPY,2026-03-03 18:00:00+00:00,677.47,678.13,677.47,678.13,3279.0,hold,independent_meta,,0.0,0.0,0.0,0.0,,,0.0,0.0,,,,,,,,,,,,,,,,,,,,
meta_10m,SPY,2026-03-03 17:50:00+00:00,678.27,678.3,676.88,677.37,43800.0,,,,,,,,,,,,,,,policy_only,0.9525115489959717,0.007428341545164585,0.5975492000579834,,0.0020422448869794607,0.009392554871737957,0.9632190465927124,0.006391469389200211,,,,,0.5,0.5,0.65,0.65
policy_1m,SPY,2026-03-03 18:01:00+00:00,678.21,678.69,678.16,678.62,2658.0,hold,independent_meta,,0.0,0.0,0.0,0.0,,,0.0,0.0,,,,,,,,,,,,,,,,,,,,
policy_1m,SPY,2026-03-03 18:02:00+00:00,678.65,678.77,678.52,678.52,3423.0,hold,independent_meta,,0.0,0.0,0.0,0.0,,,0.0,0.0,,,,,,,,,,,,,,,,,,,,
policy_1m,SPY,2026-03-03 18:03:00+00:00,678.52,678.52,678.14,678.35,5471.0,hold,independent_meta,,0.0,0.0,0.0,0.0,,,0.0,0.0,,,,,,,,,,,,,,,,,,,,
policy_1m,SPY,2026-03-03 18:04:00+00:00,678.3,678.45,678.15,678.44,4493.0,hold,independent_meta,,0.0,0.0,0.0,0.0,,,0.0,0.0,,,,,,,,,,,,,,,,,,,,
policy_1m,SPY,2026-03-03 18:05:00+00:00,678.5,678.5,678.215,678.32,2589.0,hold,independent_meta,,0.0,0.0,0.0,0.0,,,0.0,0.0,,,,,,,,,,,,,,,,,,,,
policy_1m,SPY,2026-03-03 18:06:00+00:00,678.33,678.67,678.33,678.53,4300.0,hold,independent_meta,,0.0,0.0,0.0,0.0,,,0.0,0.0,,,,,,,,,,,,,,,,,,,,
policy_1m,SPY,2026-03-03 18:07:00+00:00,678.52,678.74,678.33,678.62,3291.0,hold,independent_meta,,0.0,0.0,0.0,0.0,,,0.0,0.0,,,,,,,,,,,,,,,,,,,,
policy_1m,SPY,2026-03-03 18:08:00+00:00,678.71,678.89,678.71,678.86,2239.0,hold,independent_meta,,0.0,0.0,0.0,0.0,,,0.0,0.0,,,,,,,,,,,,,,,,,,,,
policy_1m,SPY,2026-03-03 18:09:00+00:00,678.8,678.83,678.51,678.83,1119.0,hold,independent_meta,,0.0,0.0,0.0,0.0,,,0.0,0.0,,,,,,,,,,,,,,,,,,,,
policy_1m,SPY,2026-03-03 18:10:00+00:00,678.86,678.86,678.44,678.58,4488.0,hold,independent_meta,,0.0,0.0,0.0,0.0,,,0.0,0.0,,,,,,,,,,,,,,,,,,,,
meta_10m,SPY,2026-03-03 18:00:00+00:00,677.47,678.89,677.47,678.83,32862.0,,,,,,,,,,,,,,,policy_only,0.9364441633224487,0.005946388002485037,0.04973921179771423,,0.009464227594435215,0.1889883577823639,0.9657460451126099,0.00707172229886055,,,,,0.5,0.5,0.65,0.65
policy_1m,SPY,2026-03-03 18:11:00+00:00,678.71,678.8,678.24,678.4,4095.0,hold,independent_meta,,0.0,0.0,0.0,0.0,,,0.0,0.0,,,,,,,,,,,,,,,,,,,,
policy_1m,SPY,2026-03-03 18:12:00+00:00,678.44,678.59,678.44,678.5,5204.0,hold,independent_meta,,0.0,0.0,0.0,0.0,,,0.0,0.0,,,,,,,,,,,,,,,,,,,,
policy_1m,SPY,2026-03-03 18:13:00+00:00,678.33,678.44,677.84,677.84,4387.0,hold,independent_meta,,0.0,0.0,0.0,0.0,,,0.0,0.0,,,,,,,,,,,,,,,,,,,,
policy_1m,SPY,2026-03-03 18:14:00+00:00,677.82,678.09,677.63,678.08,5975.0,hold,independent_meta,,0.0,0.0,0.0,0.0,,,0.0,0.0,,,,,,,,,,,,,,,,,,,,
policy_1m,SPY,2026-03-03 18:15:00+00:00,678.1,678.37,678.08,678.37,2900.0,hold,independent_meta,,0.0,0.0,0.0,0.0,,,0.0,0.0,,,,,,,,,,,,,,,,,,,,
policy_1m,SPY,2026-03-03 18:16:00+00:00,678.41,678.58,678.36,678.38,2922.0,hold,independent_meta,,0.0,0.0,0.0,0.0,,,0.0,0.0,,,,,,,,,,,,,,,,,,,,
policy_1m,SPY,2026-03-03 18:17:00+00:00,678.52,678.79,678.46,678.725,2766.0,hold,independent_meta,,0.0,0.0,0.0,0.0,,,0.0,0.0,,,,,,,,,,,,,,,,,,,,
policy_1m,SPY,2026-03-03 18:18:00+00:00,678.7,678.71,678.43,678.625,2677.0,hold,independent_meta,,0.0,0.0,0.0,0.0,,,0.0,0.0,,,,,,,,,,,,,,,,,,,,
policy_1m,SPY,2026-03-03 18:19:00+00:00,678.64,678.79,678.48,678.66,6433.0,hold,independent_meta,,0.0,0.0,0.0,0.0,,,0.0,0.0,,,,,,,,,,,,,,,,,,,,
policy_1m,SPY,2026-03-03 18:20:00+00:00,678.67,679.43,678.64,679.17,7364.0,hold,independent_meta,,0.0,0.0,0.0,0.0,,,0.0,0.0,,,,,,,,,,,,,,,,,,,,
meta_10m,SPY,2026-03-03 18:10:00+00:00,678.86,678.86,677.63,678.66,41847.0,,,,,,,,,,,,,,,policy_only,0.9289579391479492,0.007741341833025217,0.17923152446746826,,0.00024532925453968346,0.012970325537025928,0.975514829158783,0.010335724800825119,,,,,0.5,0.5,0.65,0.65
policy_1m,SPY,2026-03-03 18:21:00+00:00,679.2,679.34,679.12,679.34,5845.0,hold,independent_meta,,0.0,0.0,0.0,0.0,,,0.0,0.0,,,,,,,,,,,,,,,,,,,,
policy_1m,SPY,2026-03-03 18:22:00+00:00,679.4,679.93,679.39,679.66,13911.0,hold,independent_meta,,0.0,0.0,0.0,0.0,,,0.0,0.0,,,,,,,,,,,,,,,,,,,,
policy_1m,SPY,2026-03-03 18:23:00+00:00,679.68,680.035,679.63,680.035,5709.0,hold,independent_meta,,0.0,0.0,0.0,0.0,,,0.0,0.0,,,,,,,,,,,,,,,,,,,,
policy_1m,SPY,2026-03-03 18:24:00+00:00,679.94,680.06,679.88,679.96,6818.0,hold,independent_meta,,0.0,0.0,0.0,0.0,,,0.0,0.0,,,,,,,,,,,,,,,,,,,,
policy_1m,SPY,2026-03-03 18:25:00+00:00,679.92,680.01,679.78,679.78,8820.0,hold,independent_meta,,0.0,0.0,0.0,0.0,,,0.0,0.0,,,,,,,,,,,,,,,,,,,,
policy_1m,SPY,2026-03-03 18:26:00+00:00,679.87,680.19,679.87,680.12,7447.0,hold,independent_meta,,0.0,0.0,0.0,0.0,,,0.0,0.0,,,,,,,,,,,,,,,,,,,,
policy_1m,SPY,2026-03-03 18:27:00+00:00,680.19,680.265,680.07,680.09,4886.0,hold,independent_meta,,0.0,0.0,0.0,0.0,,,0.0,0.0,,,,,,,,,,,,,,,,,,,,
policy_1m,SPY,2026-03-03 18:28:00+00:00,680.18,680.41,680.07,680.08,4944.0,hold,independent_meta,,0.0,0.0,0.0,0.0,,,0.0,0.0,,,,,,,,,,,,,,,,,,,,
policy_1m,SPY,2026-03-03 18:29:00+00:00,680.06,680.15,679.77,679.82,7985.0,hold,independent_meta,,0.0,0.0,0.0,0.0,,,0.0,0.0,,,,,,,,,,,,,,,,,,,,
policy_1m,SPY,2026-03-03 18:30:00+00:00,679.795,679.9,679.71,679.89,3873.0,hold,independent_meta,,0.0,0.0,0.0,0.0,,,0.0,0.0,,,,,,,,,,,,,,,,,,,,
meta_10m,SPY,2026-03-03 18:20:00+00:00,678.67,680.41,678.64,679.82,73729.0,,,,,,,,,,,,,,,policy_only,0.8957405090332031,0.007497568614780903,0.15488135814666748,,0.0028991729486733675,0.642681896686554,0.8846086859703064,0.03432704508304596,,,,,0.5,0.5,0.65,0.65
policy_1m,SPY,2026-03-03 18:31:00+00:00,679.92,680.14,679.82,680.13,3995.0,hold,independent_meta,,0.0,0.0,0.0,0.0,,,0.0,0.0,,,,,,,,,,,,,,,,,,,,
policy_1m,SPY,2026-03-03 18:32:00+00:00,680.07,680.32,679.91,680.32,4503.0,hold,independent_meta,,0.0,0.0,0.0,0.0,,,0.0,0.0,,,,,,,,,,,,,,,,,,,,
policy_1m,SPY,2026-03-03 18:33:00+00:00,680.34,680.77,680.27,680.6,4732.0,hold,independent_meta,,0.0,0.0,0.0,0.0,,,0.0,0.0,,,,,,,,,,,,,,,,,,,,
policy_1m,SPY,2026-03-03 18:34:00+00:00,680.66,680.7,680.46,680.63,2116.0,hold,independent_meta,,0.0,0.0,0.0,0.0,,,0.0,0.0,,,,,,,,,,,,,,,,,,,,
policy_1m,SPY,2026-03-03 18:35:00+00:00,680.51,680.75,680.27,680.47,11305.0,hold,independent_meta,,0.0,0.0,0.0,0.0,,,0.0,0.0,,,,,,,,,,,,,,,,,,,,
policy_1m,SPY,2026-03-03 18:36:00+00:00,680.59,680.82,680.32,680.82,3869.0,hold,independent_meta,,0.0,0.0,0.0,0.0,,,0.0,0.0,,,,,,,,,,,,,,,,,,,,
policy_1m,SPY,2026-03-03 18:37:00+00:00,680.86,680.99,680.71,680.89,6154.0,hold,independent_meta,,0.0,0.0,0.0,0.0,,,0.0,0.0,,,,,,,,,,,,,,,,,,,,
policy_1m,SPY,2026-03-03 18:38:00+00:00,680.89,681.31,680.75,681.24,5158.0,hold,independent_meta,,0.0,0.0,0.0,0.0,,,0.0,0.0,,,,,,,,,,,,,,,,,,,,
policy_1m,SPY,2026-03-03 18:39:00+00:00,681.24,681.345,681.13,681.23,6444.0,hold,independent_meta,,0.0,0.0,0.0,0.0,,,0.0,0.0,,,,,,,,,,,,,,,,,,,,
policy_1m,SPY,2026-03-03 18:40:00+00:00,681.36,681.51,681.23,681.425,5732.0,hold,independent_meta,,0.0,0.0,0.0,0.0,,,0.0,0.0,,,,,,,,,,,,,,,,,,,,
meta_10m,SPY,2026-03-03 18:30:00+00:00,679.795,681.345,679.71,681.23,52149.0,,,,,,,,,,,,,,,policy_only,0.13878104090690613,0.22542405128479004,0.2624207139015198,,0.0006003573071211576,0.5361322164535522,0.08156795054674149,0.5492656230926514,,,,,0.5,0.5,0.65,0.65
policy_1m,SPY,2026-03-03 18:41:00+00:00,681.45,681.85,681.42,681.485,8781.0,hold,independent_meta,,0.0,0.0,0.0,0.0,,,0.0,0.0,,,,,,,,,,,,,,,,,,,,
policy_1m,SPY,2026-03-03 18:42:00+00:00,681.55,681.74,681.43,681.49,11186.0,hold,independent_meta,,0.0,0.0,0.0,0.0,,,0.0,0.0,,,,,,,,,,,,,,,,,,,,
policy_1m,SPY,2026-03-03 18:43:00+00:00,681.52,681.65,681.18,681.57,14028.0,hold,independent_meta,,0.0,0.0,0.0,0.0,,,0.0,0.0,,,,,,,,,,,,,,,,,,,,
policy_1m,SPY,2026-03-03 18:44:00+00:00,681.35,681.35,680.87,681.09,11932.0,hold,independent_meta,,0.0,0.0,0.0,0.0,,,0.0,0.0,,,,,,,,,,,,,,,,,,,,
policy_1m,SPY,2026-03-03 18:45:00+00:00,681.13,681.13,680.68,680.68,9900.0,hold,independent_meta,,0.0,0.0,0.0,0.0,,,0.0,0.0,,,,,,,,,,,,,,,,,,,,
policy_1m,SPY,2026-03-03 18:46:00+00:00,680.75,680.87,680.67,680.73,3926.0,hold,independent_meta,,0.0,0.0,0.0,0.0,,,0.0,0.0,,,,,,,,,,,,,,,,,,,,
policy_1m,SPY,2026-03-03 18:47:00+00:00,680.75,680.81,680.51,680.69,7816.0,hold,independent_meta,,0.0,0.0,0.0,0.0,,,0.0,0.0,,,,,,,,,,,,,,,,,,,,
policy_1m,SPY,2026-03-03 18:48:00+00:00,680.66,680.86,680.53,680.86,3252.0,hold,independent_meta,,0.0,0.0,0.0,0.0,,,0.0,0.0,,,,,,,,,,,,,,,,,,,,
policy_1m,SPY,2026-03-03 18:49:00+00:00,680.88,681.47,680.86,681.38,5886.0,hold,independent_meta,,0.0,0.0,0.0,0.0,,,0.0,0.0,,,,,,,,,,,,,,,,,,,,
policy_1m,SPY,2026-03-03 18:50:00+00:00,681.4,681.66,681.22,681.66,5847.0,hold,independent_meta,,0.0,0.0,0.0,0.0,,,0.0,0.0,,,,,,,,,,,,,,,,,,,,
meta_10m,SPY,2026-03-03 18:40:00+00:00,681.36,681.85,680.51,681.38,82439.0,,,,,,,,,,,,,,,policy_only,0.07839864492416382,0.44843968749046326,0.6384037733078003,,0.0008109930204227567,0.7283153533935547,0.06890976428985596,0.6115125417709351,,,,,0.5,0.5,0.65,0.65
policy_1m,SPY,2026-03-03 18:51:00+00:00,681.65,681.89,681.6,681.83,6389.0,hold,independent_meta,,0.0,0.0,0.0,0.0,,,0.0,0.0,,,,,,,,,,,,,,,,,,,,
policy_1m,SPY,2026-03-03 18:52:00+00:00,681.84,681.84,681.51,681.71,7190.0,hold,independent_meta,,0.0,0.0,0.0,0.0,,,0.0,0.0,,,,,,,,,,,,,,,,,,,,
policy_1m,SPY,2026-03-03 18:53:00+00:00,681.72,681.72,681.42,681.42,4411.0,hold,independent_meta,,0.0,0.0,0.0,0.0,,,0.0,0.0,,,,,,,,,,,,,,,,,,,,
policy_1m,SPY,2026-03-03 18:54:00+00:00,681.38,681.66,681.305,681.42,7653.0,hold,independent_meta,,0.0,0.0,0.0,0.0,,,0.0,0.0,,,,,,,,,,,,,,,,,,,,
policy_1m,SPY,2026-03-03 18:55:00+00:00,681.33,681.34,680.97,681.05,4614.0,hold,independent_meta,,0.0,0.0,0.0,0.0,,,0.0,0.0,,,,,,,,,,,,,,,,,,,,
policy_1m,SPY,2026-03-03 18:56:00+00:00,680.93,681.48,680.93,681.36,5981.0,hold,independent_meta,,0.0,0.0,0.0,0.0,,,0.0,0.0,,,,,,,,,,,,,,,,,,,,
policy_1m,SPY,2026-03-03 18:57:00+00:00,681.38,681.58,681.32,681.46,4668.0,hold,independent_meta,,0.0,0.0,0.0,0.0,,,0.0,0.0,,,,,,,,,,,,,,,,,,,,
policy_1m,SPY,2026-03-03 18:58:00+00:00,681.39,681.51,681.35,681.42,2720.0,hold,independent_meta,,0.0,0.0,0.0,0.0,,,0.0,0.0,,,,,,,,,,,,,,,,,,,,
policy_1m,SPY,2026-03-03 18:59:00+00:00,681.37,681.47,681.14,681.25,4748.0,hold,independent_meta,,0.0,0.0,0.0,0.0,,,0.0,0.0,,,,,,,,,,,,,,,,,,,,
policy_1m,SPY,2026-03-03 19:00:00+00:00,681.27,681.45,681.23,681.23,2803.0,hold,independent_meta,,0.0,0.0,0.0,0.0,,,0.0,0.0,,,,,,,,,,,,,,,,,,,,
meta_10m,SPY,2026-03-03 18:50:00+00:00,681.4,681.89,680.93,681.25,54221.0,,,,,,,,,,,,,,,policy_only,0.056566111743450165,0.4531082510948181,0.8897154927253723,,0.000458445749245584,0.7463750243186951,0.06421814113855362,0.6055085062980652,,,,,0.5,0.5,0.65,0.65
policy_1m,SPY,2026-03-03 19:01:00+00:00,681.19,681.41,681.15,681.33,7090.0,hold,independent_meta,,0.0,0.0,0.0,0.0,,,0.0,0.0,,,,,,,,,,,,,,,,,,,,
policy_1m,SPY,2026-03-03 19:02:00+00:00,681.25,681.27,680.84,680.84,6749.0,hold,independent_meta,,0.0,0.0,0.0,0.0,,,0.0,0.0,,,,,,,,,,,,,,,,,,,,
policy_1m,SPY,2026-03-03 19:03:00+00:00,680.84,681.37,680.84,681.29,5441.0,hold,independent_meta,,0.0,0.0,0.0,0.0,,,0.0,0.0,,,,,,,,,,,,,,,,,,,,
policy_1m,SPY,2026-03-03 19:04:00+00:00,681.21,681.47,681.08,681.21,6191.0,hold,independent_meta,,0.0,0.0,0.0,0.0,,,0.0,0.0,,,,,,,,,,,,,,,,,,,,
policy_1m,SPY,2026-03-03 19:05:00+00:00,681.26,681.26,681.1,681.135,1223.0,hold,independent_meta,,0.0,0.0,0.0,0.0,,,0.0,0.0,,,,,,,,,,,,,,,,,,,,
policy_1m,SPY,2026-03-03 19:06:00+00:00,681.04,681.11,680.71,680.86,10246.0,hold,independent_meta,,0.0,0.0,0.0,0.0,,,0.0,0.0,,,,,,,,,,,,,,,,,,,,
policy_1m,SPY,2026-03-03 19:07:00+00:00,680.83,680.83,680.37,680.46,5515.0,hold,independent_meta,,0.0,0.0,0.0,0.0,,,0.0,0.0,,,,,,,,,,,,,,,,,,,,
policy_1m,SPY,2026-03-03 19:08:00+00:00,680.47,680.61,680.37,680.39,6113.0,hold,independent_meta,,0.0,0.0,0.0,0.0,,,0.0,0.0,,,,,,,,,,,,,,,,,,,,
policy_1m,SPY,2026-03-03 19:09:00+00:00,680.41,680.425,680.005,680.07,15924.0,hold,independent_meta,,0.0,0.0,0.0,0.0,,,0.0,0.0,,,,,,,,,,,,,,,,,,,,
policy_1m,SPY,2026-03-03 19:10:00+00:00,680.1,680.24,679.72,679.89,12000.0,hold,independent_meta,,0.0,0.0,0.0,0.0,,,0.0,0.0,,,,,,,,,,,,,,,,,,,,
meta_10m,SPY,2026-03-03 19:00:00+00:00,681.27,681.47,680.005,680.07,67295.0,,,,,,,,,,,,,,,policy_only,0.5082595348358154,0.07138274610042572,,,0.056946057826280594,0.1678614467382431,0.695886492729187,0.12649193406105042,,,,,0.5,0.5,0.65,0.65
policy_1m,SPY,2026-03-03 19:11:00+00:00,679.95,680.39,679.67,680.38,15916.0,open_long,independent_meta,,1.0,1.0,1.0,0.0,.SIM_SPY_260304_C_682,,1.0,0.0,,,,,,,,,,,,,,,,,,,,
policy_1m,SPY,2026-03-03 19:12:00+00:00,680.33,680.33,680.11,680.22,11671.0,hold,independent_meta,,1.0,1.0,1.0,0.0,.SIM_SPY_260304_C_682,,1.0,0.0,,,,,,,,,,,,,,,,,,,,
policy_1m,SPY,2026-03-03 19:13:00+00:00,680.06,680.46,679.99,680.37,8343.0,hold,independent_meta,,1.0,1.0,1.0,0.0,.SIM_SPY_260304_C_682,,1.0,0.0,,,,,,,,,,,,,,,,,,,,
policy_1m,SPY,2026-03-03 19:14:00+00:00,680.36,680.66,680.36,680.52,8724.0,hold,independent_meta,,1.0,1.0,1.0,0.0,.SIM_SPY_260304_C_682,,1.0,0.0,,,,,,,,,,,,,,,,,,,,
policy_1m,SPY,2026-03-03 19:15:00+00:00,680.59,681.15,680.48,681.15,7255.0,hold,independent_meta,,1.0,1.0,1.0,0.0,.SIM_SPY_260304_C_682,,1.0,0.0,,,,,,,,,,,,,,,,,,,,
policy_1m,SPY,2026-03-03 19:16:00+00:00,681.06,681.06,680.64,680.73,6531.0,hold,independent_meta,,1.0,1.0,1.0,0.0,.SIM_SPY_260304_C_682,,1.0,0.0,,,,,,,,,,,,,,,,,,,,
policy_1m,SPY,2026-03-03 19:17:00+00:00,680.77,680.94,680.69,680.83,3420.0,hold,independent_meta,,1.0,1.0,1.0,0.0,.SIM_SPY_260304_C_682,,1.0,0.0,,,,,,,,,,,,,,,,,,,,
policy_1m,SPY,2026-03-03 19:18:00+00:00,680.88,681.02,680.86,680.91,2500.0,hold,independent_meta,,1.0,1.0,1.0,0.0,.SIM_SPY_260304_C_682,,1.0,0.0,,,,,,,,,,,,,,,,,,,,
policy_1m,SPY,2026-03-03 19:19:00+00:00,680.88,680.94,680.78,680.94,3526.0,hold,independent_meta,,1.0,1.0,1.0,0.0,.SIM_SPY_260304_C_682,,1.0,0.0,,,,,,,,,,,,,,,,,,,,
policy_1m,SPY,2026-03-03 19:20:00+00:00,681.045,681.49,681.045,681.32,6750.0,hold,independent_meta,,1.0,1.0,1.0,0.0,.SIM_SPY_260304_C_682,,1.0,0.0,,,,,,,,,,,,,,,,,,,,
meta_10m,SPY,2026-03-03 19:10:00+00:00,680.1,681.15,679.67,680.94,79886.0,,,,,,,,,,,,,,,policy_only,0.14457660913467407,0.15390893816947937,0.18892844021320343,,0.4988650381565094,0.16183623671531677,0.12849920988082886,0.2777171730995178,,,,,0.5,0.5,0.65,0.65
policy_1m,SPY,2026-03-03 19:21:00+00:00,681.35,681.46,681.27,681.34,6745.0,hold,independent_meta,,1.0,1.0,1.0,0.0,.SIM_SPY_260304_C_682,,1.0,0.0,,,,,,,,,,,,,,,,,,,,
policy_1m,SPY,2026-03-03 19:22:00+00:00,681.35,681.48,681.14,681.48,4059.0,hold,independent_meta,,1.0,1.0,1.0,0.0,.SIM_SPY_260304_C_682,,1.0,0.0,,,,,,,,,,,,,,,,,,,,
policy_1m,SPY,2026-03-03 19:23:00+00:00,681.46,681.52,681.24,681.24,3717.0,hold,independent_meta,,1.0,1.0,1.0,0.0,.SIM_SPY_260304_C_682,,1.0,0.0,,,,,,,,,,,,,,,,,,,,
policy_1m,SPY,2026-03-03 19:24:00+00:00,681.31,681.32,680.97,680.97,3798.0,hold,independent_meta,,1.0,1.0,1.0,0.0,.SIM_SPY_260304_C_682,,1.0,0.0,,,,,,,,,,,,,,,,,,,,
policy_1m,SPY,2026-03-03 19:25:00+00:00,680.92,681.05,680.73,681.05,7057.0,hold,independent_meta,,1.0,1.0,1.0,0.0,.SIM_SPY_260304_C_682,,1.0,0.0,,,,,,,,,,,,,,,,,,,,
policy_1m,SPY,2026-03-03 19:26:00+00:00,681.03,681.09,680.77,680.77,2761.0,hold,independent_meta,,1.0,1.0,1.0,0.0,.SIM_SPY_260304_C_682,,1.0,0.0,,,,,,,,,,,,,,,,,,,,
policy_1m,SPY,2026-03-03 19:27:00+00:00,680.79,680.79,680.62,680.62,5372.0,hold,independent_meta,,1.0,1.0,1.0,0.0,.SIM_SPY_260304_C_682,,1.0,0.0,,,,,,,,,,,,,,,,,,,,
policy_1m,SPY,2026-03-03 19:28:00+00:00,680.65,680.89,680.43,680.48,4967.0,hold,independent_meta,,1.0,1.0,1.0,0.0,.SIM_SPY_260304_C_682,,1.0,0.0,,,,,,,,,,,,,,,,,,,,
policy_1m,SPY,2026-03-03 19:29:00+00:00,680.48,680.76,680.42,680.5,4069.0,hold,independent_meta,,1.0,1.0,1.0,0.0,.SIM_SPY_260304_C_682,,1.0,0.0,,,,,,,,,,,,,,,,,,,,
policy_1m,SPY,2026-03-03 19:30:00+00:00,680.45,680.71,680.31,680.58,5860.0,hold,independent_meta,,1.0,1.0,1.0,0.0,.SIM_SPY_260304_C_682,,1.0,0.0,,,,,,,,,,,,,,,,,,,,
meta_10m,SPY,2026-03-03 19:20:00+00:00,681.045,681.52,680.42,680.5,49295.0,,,,,,,,,,,,,,,policy_only,0.44746869802474976,0.11771328002214432,0.8719934821128845,,0.009995543397963047,0.2656160593032837,0.5375238060951233,0.17421281337738037,,,,,0.5,0.5,0.65,0.65
policy_1m,SPY,2026-03-03 19:31:00+00:00,680.56,680.68,680.39,680.55,3645.0,hold,independent_meta,,1.0,1.0,1.0,0.0,.SIM_SPY_260304_C_682,,1.0,0.0,,,,,,,,,,,,,,,,,,,,
policy_1m,SPY,2026-03-03 19:32:00+00:00,680.42,680.53,680.23,680.23,4714.0,close_long,independent_meta,,0.0,0.0,0.0,0.0,,,0.0,0.0,,,,,,,,,,,,,,,,,,,,
policy_1m,SPY,2026-03-03 19:33:00+00:00,680.28,680.3,679.77,679.78,5813.0,hold,independent_meta,,0.0,0.0,0.0,0.0,,,0.0,0.0,,,,,,,,,,,,,,,,,,,,
policy_1m,SPY,2026-03-03 19:34:00+00:00,679.77,679.87,679.47,679.665,10247.0,hold,independent_meta,,0.0,0.0,0.0,0.0,,,0.0,0.0,,,,,,,,,,,,,,,,,,,,
policy_1m,SPY,2026-03-03 19:35:00+00:00,679.63,679.69,679.32,679.42,8155.0,hold,independent_meta,,0.0,0.0,0.0,0.0,,,0.0,0.0,,,,,,,,,,,,,,,,,,,,
policy_1m,SPY,2026-03-03 19:36:00+00:00,679.52,679.79,679.47,679.605,7042.0,hold,independent_meta,,0.0,0.0,0.0,0.0,,,0.0,0.0,,,,,,,,,,,,,,,,,,,,
policy_1m,SPY,2026-03-03 19:37:00+00:00,679.78,681.62,679.66,681.58,22887.0,hold,independent_meta,,0.0,0.0,0.0,0.0,,,0.0,0.0,,,,,,,,,,,,,,,,,,,,
policy_1m,SPY,2026-03-03 19:38:00+00:00,681.49,681.75,681.13,681.14,7823.0,hold,independent_meta,,0.0,0.0,0.0,0.0,,,0.0,0.0,,,,,,,,,,,,,,,,,,,,
policy_1m,SPY,2026-03-03 19:39:00+00:00,681.15,681.18,680.77,680.95,11571.0,hold,independent_meta,,0.0,0.0,0.0,0.0,,,0.0,0.0,,,,,,,,,,,,,,,,,,,,
policy_1m,SPY,2026-03-03 19:40:00+00:00,680.82,681.39,680.82,681.09,3993.0,hold,independent_meta,,0.0,0.0,0.0,0.0,,,0.0,0.0,,,,,,,,,,,,,,,,,,,,
meta_10m,SPY,2026-03-03 19:30:00+00:00,680.45,681.75,679.32,680.95,87757.0,,,,,,,,,,,,,,,policy_only,0.2851845920085907,0.16185897588729858,,,0.07361790537834167,0.39911940693855286,0.3553512692451477,0.24067117273807526,,,,,0.5,0.5,0.65,0.65
policy_1m,SPY,2026-03-03 19:41:00+00:00,681.19,681.72,681.19,681.58,3928.0,hold,independent_meta,,0.0,0.0,0.0,0.0,,,0.0,0.0,,,,,,,,,,,,,,,,,,,,
policy_1m,SPY,2026-03-03 19:42:00+00:00,681.55,681.93,681.51,681.93,4212.0,hold,independent_meta,,0.0,0.0,0.0,0.0,,,0.0,0.0,,,,,,,,,,,,,,,,,,,,
policy_1m,SPY,2026-03-03 19:43:00+00:00,681.87,681.87,681.29,681.4,8634.0,hold,independent_meta,,0.0,0.0,0.0,0.0,,,0.0,0.0,,,,,,,,,,,,,,,,,,,,
policy_1m,SPY,2026-03-03 19:44:00+00:00,681.36,682.0,681.36,681.91,6207.0,hold,independent_meta,,0.0,0.0,0.0,0.0,,,0.0,0.0,,,,,,,,,,,,,,,,,,,,
policy_1m,SPY,2026-03-03 19:45:00+00:00,681.86,682.41,681.86,682.18,9357.0,hold,independent_meta,,0.0,0.0,0.0,0.0,,,0.0,0.0,,,,,,,,,,,,,,,,,,,,
policy_1m,SPY,2026-03-03 19:46:00+00:00,682.24,682.58,682.24,682.45,9003.0,hold,independent_meta,,0.0,0.0,0.0,0.0,,,0.0,0.0,,,,,,,,,,,,,,,,,,,,
policy_1m,SPY,2026-03-03 19:47:00+00:00,682.39,682.56,682.06,682.47,6158.0,hold,independent_meta,,0.0,0.0,0.0,0.0,,,0.0,0.0,,,,,,,,,,,,,,,,,,,,
policy_1m,SPY,2026-03-03 19:48:00+00:00,682.43,682.56,682.09,682.09,5453.0,hold,independent_meta,,0.0,0.0,0.0,0.0,,,0.0,0.0,,,,,,,,,,,,,,,,,,,,
policy_1m,SPY,2026-03-03 19:49:00+00:00,682.02,682.14,681.87,682.11,7335.0,hold,independent_meta,,0.0,0.0,0.0,0.0,,,0.0,0.0,,,,,,,,,,,,,,,,,,,,
policy_1m,SPY,2026-03-03 19:50:00+00:00,682.01,682.26,681.8,682.2,14317.0,hold,independent_meta,,0.0,0.0,0.0,0.0,,,0.0,0.0,,,,,,,,,,,,,,,,,,,,
meta_10m,SPY,2026-03-03 19:40:00+00:00,680.82,682.58,680.82,682.11,64280.0,,,,,,,,,,,,,,,policy_only,0.09249219298362732,0.6799215078353882,,,0.00466146832332015,0.5705283880233765,0.05498126149177551,0.7431365251541138,,,,,0.5,0.5,0.65,0.65
policy_1m,SPY,2026-03-03 19:51:00+00:00,682.26,682.37,681.99,681.99,3461.0,open_short,independent_meta,,-1.0,-1.0,0.0,1.0,,.SIM_SPY_260304_P_680,0.0,1.0,,,,,,,,,,,,,,,,,,,,
policy_1m,SPY,2026-03-03 19:52:00+00:00,681.96,681.96,681.42,681.6,2014.0,hold,independent_meta,,-1.0,-1.0,0.0,1.0,,.SIM_SPY_260304_P_680,0.0,1.0,,,,,,,,,,,,,,,,,,,,
policy_1m,SPY,2026-03-03 19:53:00+00:00,681.69,681.69,680.96,680.98,4073.0,hold,independent_meta,,-1.0,-1.0,0.0,1.0,,.SIM_SPY_260304_P_680,0.0,1.0,,,,,,,,,,,,,,,,,,,,
policy_1m,SPY,2026-03-03 19:54:00+00:00,680.92,681.515,680.88,681.46,7173.0,hold,independent_meta,,-1.0,-1.0,0.0,1.0,,.SIM_SPY_260304_P_680,0.0,1.0,,,,,,,,,,,,,,,,,,,,
policy_1m,SPY,2026-03-03 19:55:00+00:00,681.43,681.5,681.02,681.15,3059.0,hold,independent_meta,,-1.0,-1.0,0.0,1.0,,.SIM_SPY_260304_P_680,0.0,1.0,,,,,,,,,,,,,,,,,,,,
policy_1m,SPY,2026-03-03 19:56:00+00:00,681.03,681.03,680.75,680.94,4683.0,hold,independent_meta,,-1.0,-1.0,0.0,1.0,,.SIM_SPY_260304_P_680,0.0,1.0,,,,,,,,,,,,,,,,,,,,
policy_1m,SPY,2026-03-03 19:57:00+00:00,680.96,681.3,680.86,681.03,1969.0,hold,independent_meta,,-1.0,-1.0,0.0,1.0,,.SIM_SPY_260304_P_680,0.0,1.0,,,,,,,,,,,,,,,,,,,,
policy_1m,SPY,2026-03-03 19:58:00+00:00,681.04,681.28,681.02,681.28,1493.0,hold,independent_meta,,-1.0,-1.0,0.0,1.0,,.SIM_SPY_260304_P_680,0.0,1.0,,,,,,,,,,,,,,,,,,,,
policy_1m,SPY,2026-03-03 19:59:00+00:00,681.26,681.42,681.17,681.25,1741.0,hold,independent_meta,,-1.0,-1.0,0.0,1.0,,.SIM_SPY_260304_P_680,0.0,1.0,,,,,,,,,,,,,,,,,,,,
policy_1m,SPY,2026-03-03 20:00:00+00:00,681.32,681.32,680.94,680.94,4384.0,hold,independent_meta,,-1.0,-1.0,0.0,1.0,,.SIM_SPY_260304_P_680,0.0,1.0,,,,,,,,,,,,,,,,,,,,
meta_10m,SPY,2026-03-03 19:50:00+00:00,682.01,682.37,680.75,681.25,43983.0,,,,,,,,,,,,,,,policy_only,0.21395349502563477,0.3871668577194214,,0.19114308059215546,0.008599568158388138,0.21794003248214722,0.35571742057800293,0.32623404264450073,,,,,0.5,0.5,0.65,0.65
policy_1m,SPY,2026-03-03 20:01:00+00:00,680.9,681.94,680.9,681.855,4254.0,hold,independent_meta,,-1.0,-1.0,0.0,1.0,,.SIM_SPY_260304_P_680,0.0,1.0,,,,,,,,,,,,,,,,,,,,
policy_1m,SPY,2026-03-03 20:02:00+00:00,681.87,681.87,681.1,681.3,8019.0,hold,independent_meta,,-1.0,-1.0,0.0,1.0,,.SIM_SPY_260304_P_680,0.0,1.0,,,,,,,,,,,,,,,,,,,,
policy_1m,SPY,2026-03-03 20:03:00+00:00,681.36,681.43,681.12,681.22,3119.0,hold,independent_meta,,-1.0,-1.0,0.0,1.0,,.SIM_SPY_260304_P_680,0.0,1.0,,,,,,,,,,,,,,,,,,,,
policy_1m,SPY,2026-03-03 20:04:00+00:00,681.22,681.29,681.01,681.11,3973.0,hold,independent_meta,,-1.0,-1.0,0.0,1.0,,.SIM_SPY_260304_P_680,0.0,1.0,,,,,,,,,,,,,,,,,,,,
policy_1m,SPY,2026-03-03 20:05:00+00:00,681.11,681.12,680.86,680.98,7341.0,hold,independent_meta,,-1.0,-1.0,0.0,1.0,,.SIM_SPY_260304_P_680,0.0,1.0,,,,,,,,,,,,,,,,,,,,
policy_1m,SPY,2026-03-03 20:06:00+00:00,681.01,681.06,680.81,681.06,5296.0,hold,independent_meta,,-1.0,-1.0,0.0,1.0,,.SIM_SPY_260304_P_680,0.0,1.0,,,,,,,,,,,,,,,,,,,,
policy_1m,SPY,2026-03-03 20:07:00+00:00,681.11,681.58,681.08,681.39,3451.0,hold,independent_meta,,-1.0,-1.0,0.0,1.0,,.SIM_SPY_260304_P_680,0.0,1.0,,,,,,,,,,,,,,,,,,,,
policy_1m,SPY,2026-03-03 20:08:00+00:00,681.32,681.4,681.18,681.38,3743.0,hold,independent_meta,,-1.0,-1.0,0.0,1.0,,.SIM_SPY_260304_P_680,0.0,1.0,,,,,,,,,,,,,,,,,,,,
policy_1m,SPY,2026-03-03 20:09:00+00:00,681.45,681.55,681.23,681.45,2437.0,hold,independent_meta,,-1.0,-1.0,0.0,1.0,,.SIM_SPY_260304_P_680,0.0,1.0,,,,,,,,,,,,,,,,,,,,
policy_1m,SPY,2026-03-03 20:10:00+00:00,681.47,681.68,681.365,681.63,3128.0,hold,independent_meta,,-1.0,-1.0,0.0,1.0,,.SIM_SPY_260304_P_680,0.0,1.0,,,,,,,,,,,,,,,,,,,,
meta_10m,SPY,2026-03-03 20:00:00+00:00,681.32,681.94,680.81,681.45,46017.0,,,,,,,,,,,,,,,policy_only,0.2044445425271988,0.4146963059902191,,0.34350472688674927,0.0008196153794415295,0.029853329062461853,0.48928046226501465,0.17897121608257294,,,,,0.5,0.5,0.65,0.65
policy_1m,SPY,2026-03-03 20:11:00+00:00,681.67,681.78,681.5,681.64,6038.0,hold,independent_meta,,-1.0,-1.0,0.0,1.0,,.SIM_SPY_260304_P_680,0.0,1.0,,,,,,,,,,,,,,,,,,,,
policy_1m,SPY,2026-03-03 20:12:00+00:00,681.58,681.6,681.22,681.32,2718.0,hold,independent_meta,,-1.0,-1.0,0.0,1.0,,.SIM_SPY_260304_P_680,0.0,1.0,,,,,,,,,,,,,,,,,,,,
policy_1m,SPY,2026-03-03 20:13:00+00:00,681.35,681.39,681.11,681.11,1439.0,hold,independent_meta,,-1.0,-1.0,0.0,1.0,,.SIM_SPY_260304_P_680,0.0,1.0,,,,,,,,,,,,,,,,,,,,
policy_1m,SPY,2026-03-03 20:14:00+00:00,681.15,681.15,680.74,680.74,9782.0,hold,independent_meta,,-1.0,-1.0,0.0,1.0,,.SIM_SPY_260304_P_680,0.0,1.0,,,,,,,,,,,,,,,,,,,,
policy_1m,SPY,2026-03-03 20:15:00+00:00,680.78,681.06,680.71,680.99,7391.0,hold,independent_meta,,-1.0,-1.0,0.0,1.0,,.SIM_SPY_260304_P_680,0.0,1.0,,,,,,,,,,,,,,,,,,,,
policy_1m,SPY,2026-03-03 20:16:00+00:00,680.96,681.02,680.4,680.4,10697.0,hold,independent_meta,,-1.0,-1.0,0.0,1.0,,.SIM_SPY_260304_P_680,0.0,1.0,,,,,,,,,,,,,,,,,,,,
policy_1m,SPY,2026-03-03 20:17:00+00:00,680.43,680.57,680.21,680.21,10575.0,hold,independent_meta,,-1.0,-1.0,0.0,1.0,,.SIM_SPY_260304_P_680,0.0,1.0,,,,,,,,,,,,,,,,,,,,
policy_1m,SPY,2026-03-03 20:18:00+00:00,680.29,680.52,680.19,680.52,6297.0,hold,independent_meta,,-1.0,-1.0,0.0,1.0,,.SIM_SPY_260304_P_680,0.0,1.0,,,,,,,,,,,,,,,,,,,,
policy_1m,SPY,2026-03-03 20:19:00+00:00,680.56,680.57,680.37,680.38,4312.0,hold,independent_meta,,-1.0,-1.0,0.0,1.0,,.SIM_SPY_260304_P_680,0.0,1.0,,,,,,,,,,,,,,,,,,,,
policy_1m,SPY,2026-03-03 20:20:00+00:00,680.48,680.95,680.48,680.95,6526.0,hold,independent_meta,,-1.0,-1.0,0.0,1.0,,.SIM_SPY_260304_P_680,0.0,1.0,,,,,,,,,,,,,,,,,,,,
meta_10m,SPY,2026-03-03 20:10:00+00:00,681.47,681.78,680.19,680.38,62377.0,,,,,,,,,,,,,,,policy_only,0.6537739634513855,0.13363435864448547,,0.21118445694446564,0.47489112615585327,0.27128279209136963,0.932951807975769,0.056516483426094055,,,,,0.5,0.5,0.65,0.65
policy_1m,SPY,2026-03-03 20:21:00+00:00,680.91,681.01,680.6,680.6,6241.0,hold,independent_meta,,-1.0,-1.0,0.0,1.0,,.SIM_SPY_260304_P_680,0.0,1.0,,,,,,,,,,,,,,,,,,,,
policy_1m,SPY,2026-03-03 20:22:00+00:00,680.64,680.74,680.32,680.54,10114.0,hold,independent_meta,,-1.0,-1.0,0.0,1.0,,.SIM_SPY_260304_P_680,0.0,1.0,,,,,,,,,,,,,,,,,,,,
policy_1m,SPY,2026-03-03 20:23:00+00:00,680.62,680.7,680.53,680.59,3559.0,hold,independent_meta,,-1.0,-1.0,0.0,1.0,,.SIM_SPY_260304_P_680,0.0,1.0,,,,,,,,,,,,,,,,,,,,
policy_1m,SPY,2026-03-03 20:24:00+00:00,680.52,680.79,680.5,680.74,5510.0,open_long,independent_meta,,0.0,0.0,1.0,1.0,.SIM_SPY_260304_C_682,.SIM_SPY_260304_P_680,1.0,1.0,,,,,,,,,,,,,,,,,,,,
policy_1m,SPY,2026-03-03 20:25:00+00:00,680.72,680.72,680.17,680.43,3358.0,hold,independent_meta,,0.0,0.0,1.0,1.0,.SIM_SPY_260304_C_682,.SIM_SPY_260304_P_680,1.0,1.0,,,,,,,,,,,,,,,,,,,,
policy_1m,SPY,2026-03-03 20:26:00+00:00,680.41,680.72,680.27,680.71,5331.0,hold,independent_meta,,0.0,0.0,1.0,1.0,.SIM_SPY_260304_C_682,.SIM_SPY_260304_P_680,1.0,1.0,,,,,,,,,,,,,,,,,,,,
policy_1m,SPY,2026-03-03 20:27:00+00:00,680.68,680.78,680.62,680.66,5301.0,hold,independent_meta,,0.0,0.0,1.0,1.0,.SIM_SPY_260304_C_682,.SIM_SPY_260304_P_680,1.0,1.0,,,,,,,,,,,,,,,,,,,,
policy_1m,SPY,2026-03-03 20:28:00+00:00,680.79,681.22,680.79,680.81,4673.0,hold,independent_meta,,0.0,0.0,1.0,1.0,.SIM_SPY_260304_C_682,.SIM_SPY_260304_P_680,1.0,1.0,,,,,,,,,,,,,,,,,,,,
policy_1m,SPY,2026-03-03 20:29:00+00:00,680.99,681.28,680.97,681.01,17036.0,hold,independent_meta,,0.0,0.0,1.0,1.0,.SIM_SPY_260304_C_682,.SIM_SPY_260304_P_680,1.0,1.0,,,,,,,,,,,,,,,,,,,,
policy_1m,SPY,2026-03-03 20:30:00+00:00,681.04,681.2,680.95,680.97,6743.0,hold,independent_meta,,0.0,0.0,1.0,1.0,.SIM_SPY_260304_C_682,.SIM_SPY_260304_P_680,1.0,1.0,,,,,,,,,,,,,,,,,,,,
meta_10m,SPY,2026-03-03 20:20:00+00:00,680.48,681.28,680.17,681.01,67649.0,,,,,,,,,,,,,,,policy_only,0.7335668206214905,0.10149228572845459,,0.684531033039093,0.7218393683433533,0.13296771049499512,0.9312938451766968,0.04343697056174278,,,,,0.5,0.5,0.65,0.65
policy_1m,SPY,2026-03-03 20:31:00+00:00,681.04,681.32,681.04,681.29,2942.0,close_short,independent_meta,,1.0,1.0,1.0,0.0,.SIM_SPY_260304_C_682,,1.0,0.0,,,,,,,,,,,,,,,,,,,,
policy_1m,SPY,2026-03-03 20:32:00+00:00,681.17,681.17,680.92,681.035,6283.0,hold,independent_meta,,1.0,1.0,1.0,0.0,.SIM_SPY_260304_C_682,,1.0,0.0,,,,,,,,,,,,,,,,,,,,
policy_1m,SPY,2026-03-03 20:33:00+00:00,681.01,681.07,680.79,680.83,5728.0,hold,independent_meta,,1.0,1.0,1.0,0.0,.SIM_SPY_260304_C_682,,1.0,0.0,,,,,,,,,,,,,,,,,,,,
policy_1m,SPY,2026-03-03 20:34:00+00:00,680.82,680.99,680.82,680.84,6420.0,hold,independent_meta,,1.0,1.0,1.0,0.0,.SIM_SPY_260304_C_682,,1.0,0.0,,,,,,,,,,,,,,,,,,,,
policy_1m,SPY,2026-03-03 20:35:00+00:00,680.81,681.48,680.81,681.48,6396.0,hold,independent_meta,,1.0,1.0,1.0,0.0,.SIM_SPY_260304_C_682,,1.0,0.0,,,,,,,,,,,,,,,,,,,,
policy_1m,SPY,2026-03-03 20:36:00+00:00,681.48,681.49,681.13,681.13,9168.0,hold,independent_meta,,1.0,1.0,1.0,0.0,.SIM_SPY_260304_C_682,,1.0,0.0,,,,,,,,,,,,,,,,,,,,
policy_1m,SPY,2026-03-03 20:37:00+00:00,681.17,681.17,680.71,680.76,6708.0,hold,independent_meta,,1.0,1.0,1.0,0.0,.SIM_SPY_260304_C_682,,1.0,0.0,,,,,,,,,,,,,,,,,,,,
policy_1m,SPY,2026-03-03 20:38:00+00:00,680.77,680.77,680.53,680.71,6299.0,hold,independent_meta,,1.0,1.0,1.0,0.0,.SIM_SPY_260304_C_682,,1.0,0.0,,,,,,,,,,,,,,,,,,,,
policy_1m,SPY,2026-03-03 20:39:00+00:00,680.77,680.77,680.32,680.57,8695.0,hold,independent_meta,,1.0,1.0,1.0,0.0,.SIM_SPY_260304_C_682,,1.0,0.0,,,,,,,,,,,,,,,,,,,,
policy_1m,SPY,2026-03-03 20:40:00+00:00,680.66,680.83,680.6,680.61,4604.0,hold,independent_meta,,1.0,1.0,1.0,0.0,.SIM_SPY_260304_C_682,,1.0,0.0,,,,,,,,,,,,,,,,,,,,
meta_10m,SPY,2026-03-03 20:30:00+00:00,681.04,681.49,680.32,680.57,65382.0,,,,,,,,,,,,,,,policy_only,0.8126795291900635,0.0871216431260109,,,0.12379217147827148,0.08285368233919144,0.9518400430679321,0.04405287280678749,,,,,0.5,0.5,0.65,0.65
policy_1m,SPY,2026-03-03 20:41:00+00:00,680.59,680.61,680.23,680.25,5471.0,hold,independent_meta,,1.0,1.0,1.0,0.0,.SIM_SPY_260304_C_682,,1.0,0.0,,,,,,,,,,,,,,,,,,,,
policy_1m,SPY,2026-03-03 20:42:00+00:00,680.28,680.53,680.25,680.43,5527.0,hold,independent_meta,,1.0,1.0,1.0,0.0,.SIM_SPY_260304_C_682,,1.0,0.0,,,,,,,,,,,,,,,,,,,,
policy_1m,SPY,2026-03-03 20:43:00+00:00,680.39,680.565,680.22,680.52,7750.0,hold,independent_meta,,1.0,1.0,1.0,0.0,.SIM_SPY_260304_C_682,,1.0,0.0,,,,,,,,,,,,,,,,,,,,
policy_1m,SPY,2026-03-03 20:44:00+00:00,680.51,680.64,680.36,680.51,10884.0,hold,independent_meta,,1.0,1.0,1.0,0.0,.SIM_SPY_260304_C_682,,1.0,0.0,,,,,,,,,,,,,,,,,,,,
policy_1m,SPY,2026-03-03 20:45:00+00:00,680.42,680.75,680.42,680.55,11019.0,hold,independent_meta,,1.0,1.0,1.0,0.0,.SIM_SPY_260304_C_682,,1.0,0.0,,,,,,,,,,,,,,,,,,,,
policy_1m,SPY,2026-03-03 20:46:00+00:00,680.51,680.72,680.37,680.4,5147.0,hold,independent_meta,,1.0,1.0,1.0,0.0,.SIM_SPY_260304_C_682,,1.0,0.0,,,,,,,,,,,,,,,,,,,,
policy_1m,SPY,2026-03-03 20:47:00+00:00,680.49,680.49,680.02,680.36,7755.0,hold,independent_meta,,1.0,1.0,1.0,0.0,.SIM_SPY_260304_C_682,,1.0,0.0,,,,,,,,,,,,,,,,,,,,
policy_1m,SPY,2026-03-03 20:48:00+00:00,680.37,680.48,680.16,680.28,13422.0,hold,independent_meta,,1.0,1.0,1.0,0.0,.SIM_SPY_260304_C_682,,1.0,0.0,,,,,,,,,,,,,,,,,,,,
policy_1m,SPY,2026-03-03 20:49:00+00:00,680.28,680.58,680.18,680.49,6350.0,hold,independent_meta,,1.0,1.0,1.0,0.0,.SIM_SPY_260304_C_682,,1.0,0.0,,,,,,,,,,,,,,,,,,,,
policy_1m,SPY,2026-03-03 20:50:00+00:00,680.52,680.63,679.94,680.03,13690.0,hold,independent_meta,,1.0,1.0,1.0,0.0,.SIM_SPY_260304_C_682,,1.0,0.0,,,,,,,,,,,,,,,,,,,,
meta_10m,SPY,2026-03-03 20:40:00+00:00,680.66,680.83,680.02,680.49,77929.0,,,,,,,,,,,,,,,policy_only,0.8958947062492371,0.06568945199251175,0.23975764214992523,,0.5092090368270874,0.06258824467658997,0.959603488445282,0.032624807208776474,,,,,0.5,0.5,0.65,0.65
policy_1m,SPY,2026-03-03 20:51:00+00:00,680.08,680.13,679.35,679.53,11023.0,hold,independent_meta,,1.0,1.0,1.0,0.0,.SIM_SPY_260304_C_682,,1.0,0.0,,,,,,,,,,,,,,,,,,,,
policy_1m,SPY,2026-03-03 20:52:00+00:00,679.505,679.675,679.24,679.335,10544.0,hold,independent_meta,,1.0,1.0,1.0,0.0,.SIM_SPY_260304_C_682,,1.0,0.0,,,,,,,,,,,,,,,,,,,,
policy_1m,SPY,2026-03-03 20:53:00+00:00,679.38,679.72,679.335,679.72,11248.0,hold,independent_meta,,1.0,1.0,1.0,0.0,.SIM_SPY_260304_C_682,,1.0,0.0,,,,,,,,,,,,,,,,,,,,
policy_1m,SPY,2026-03-03 20:54:00+00:00,679.75,680.27,679.63,680.12,19860.0,hold,independent_meta,,1.0,1.0,1.0,0.0,.SIM_SPY_260304_C_682,,1.0,0.0,,,,,,,,,,,,,,,,,,,,
policy_1m,SPY,2026-03-03 20:55:00+00:00,680.09,680.32,679.82,680.05,31450.0,hold,independent_meta,,1.0,1.0,1.0,0.0,.SIM_SPY_260304_C_682,,1.0,0.0,,,,,,,,,,,,,,,,,,,,
policy_1m,SPY,2026-03-03 20:56:00+00:00,680.02,680.07,679.77,679.85,16906.0,hold,independent_meta,,1.0,1.0,1.0,0.0,.SIM_SPY_260304_C_682,,1.0,0.0,,,,,,,,,,,,,,,,,,,,
policy_1m,SPY,2026-03-03 20:57:00+00:00,679.87,680.11,679.77,680.09,21363.0,hold,independent_meta,,1.0,1.0,1.0,0.0,.SIM_SPY_260304_C_682,,1.0,0.0,,,,,,,,,,,,,,,,,,,,
policy_1m,SPY,2026-03-03 20:58:00+00:00,680.1,680.21,680.01,680.14,20847.0,hold,independent_meta,,1.0,1.0,1.0,0.0,.SIM_SPY_260304_C_682,,1.0,0.0,,,,,,,,,,,,,,,,,,,,
policy_1m,SPY,2026-03-03 20:59:00+00:00,680.135,680.38,679.9,680.29,56771.0,hold,independent_meta,,1.0,1.0,1.0,0.0,.SIM_SPY_260304_C_682,,1.0,0.0,,,,,,,,,,,,,,,,,,,,
